Price,BuildY,TradeY,TradeQ,Tenure,Size,Distance,D,District,Area,Group,ResY,ResD
53,2015,2021,1,6,40,4,0,CBD,CBD,40_CBD_4_6,-1.105618707697431e-9,-1.2970957641300629e-11
27,2006,2021,1,15,25,2,0,CBD,CBD,25_CBD_2_15,1.9999999932045398,-0.5000000000149432
49,2013,2021,1,8,50,5,0,CBD,CBD,50_CBD_5_8,-5.494619870205497e-9,-5.016942417057635e-11
71,2005,2021,1,16,75,3,0,CBD,CBD,75_CBD_3_16,-4.1609240497564315e-9,-3.70456998410873e-11
22,1980,2021,1,41,30,1,0,CBD,CBD,30_CBD_1_41,-2.500000005895572,-0.5000000000520564
47,1981,2021,1,40,60,4,0,CBD,CBD,60_CBD_4_40,1.499999998806338,-0.500000000014674
170,2014,2021,1,7,65,3,0,CBD,CBD,65_CBD_3_7,-4.7756429921719246e-9,-4.569966627343547e-11
44,2012,2021,1,9,35,2,0,CBD,CBD,35_CBD_2_9,4.6277648380055325e-11,5.378586465099033e-12
56,2003,2021,1,18,60,6,0,CBD,CBD,60_CBD_6_18,-12.000000005474817,-5.03384001149243e-11
18,1982,2021,1,39,25,2,0,CBD,CBD,25_CBD_2_39,1.4999999996708553,1.8630874620839677e-11
15,1982,2021,1,39,25,2,0,CBD,CBD,25_CBD_2_39,-1.5000000003291447,1.8630874620839677e-11
45,2007,2021,1,14,40,2,0,CBD,CBD,40_CBD_2_14,-6.053710421838332e-9,-5.051381535281507e-11
60,2006,2021,1,15,45,4,0,CBD,CBD,45_CBD_4_15,-4.39369784999144e-9,-4.056355251691457e-11
24,2005,2021,1,16,25,1,0,CBD,CBD,25_CBD_1_16,-5.1290101055201376e-9,-5.0099480120024964e-11
31,2000,2021,1,21,30,3,0,CBD,CBD,30_CBD_3_21,-3.7623948401233065e-10,-5.5144777633131525e-12
31,2005,2021,1,16,30,6,0,CBD,CBD,30_CBD_6_16,-6.272216523939278e-9,-4.170663814306863e-11
23,1977,2021,1,44,25,6,0,CBD,CBD,25_CBD_6_44,-2.3098323254089337e-10,1.9753976232550485e-11
140,2004,2021,1,17,90,1,0,CBD,CBD,90_CBD_1_17,-3.781792656809557e-9,-3.307176754674401e-11
65,2004,2021,1,17,45,1,0,CBD,CBD,45_CBD_1_17,10.999999998389008,-1.6251222589858116e-11
85,2012,2021,1,9,60,4,0,CBD,CBD,60_CBD_4_9,-4.522604513113038e-9,-4.089550920127749e-11
110,2013,2021,1,8,55,3,0,CBD,CBD,55_CBD_3_8,-5.906244382458681e-9,-5.191402863147232e-11
110,2013,2021,1,8,45,3,0,CBD,CBD,45_CBD_3_8,42.666666661459146,-5.082934073641354e-11
190,2013,2021,1,8,80,3,0,CBD,CBD,80_CBD_3_8,-4.395076302898815e-9,-4.055156210824862e-11
60,2002,2021,1,19,55,5,0,CBD,CBD,55_CBD_5_19,-8.500000000959446,-0.5000000000124936
81,2008,2021,1,13,65,7,0,CBD,CBD,65_CBD_7_13,-1.0476810530235525e-9,-1.0855538690179856e-11
80,1998,2021,1,23,65,5,0,CBD,CBD,65_CBD_5_23,1.6666666610242373,-0.6666666667180352
85,2013,2021,1,8,60,2,0,CBD,CBD,60_CBD_2_8,-3.2994051935020252e-9,-3.023403749580211e-11
47,2012,2021,1,9,45,5,0,CBD,CBD,45_CBD_5_9,-14.500000000116643,-0.24999999999780553
48,2015,2021,1,6,40,2,0,CBD,CBD,40_CBD_2_6,4.511946372076636e-11,4.112488127816505e-12
76,2015,2021,1,6,60,2,0,CBD,CBD,60_CBD_2_6,-4.214356863485591e-9,-3.840949780453684e-11
59,2005,2021,1,16,65,3,0,CBD,CBD,65_CBD_3_16,-1.1170868674525991e-9,-1.2951417716067226e-11
69,2012,2021,1,9,60,2,0,CBD,CBD,60_CBD_2_9,-3.788130698012537e-9,-3.453282104715072e-11
40,1985,2021,1,36,35,3,0,CBD,CBD,35_CBD_3_36,1.4999999942284106,-5.082534393352489e-11
95,2003,2021,1,18,65,4,0,CBD,CBD,65_CBD_4_18,18.333333330003683,-0.33333333336231985
56,2012,2021,1,9,45,4,0,CBD,CBD,45_CBD_4_9,-12.666666670294077,-0.3333333333648931
46,1984,2021,1,37,45,1,0,CBD,CBD,45_CBD_1_37,4.359890226623975e-11,4.633626815575553e-12
61,1981,2021,1,40,65,1,0,CBD,CBD,65_CBD_1_40,-1.2037020269417553e-9,-1.3058443215641091e-11
70,2010,2021,1,11,55,2,0,CBD,CBD,55_CBD_2_11,-4.654367558032391e-9,-4.444289380955979e-11
58,2016,2021,1,5,45,2,0,CBD,CBD,45_CBD_2_5,-1.0715055509535887e-9,-1.3553380640018986e-11
45,2004,2021,1,17,55,1,0,CBD,CBD,55_CBD_1_17,-1.5012915355328005e-9,-1.6650236744908398e-11
58,2016,2021,1,5,45,2,0,CBD,CBD,45_CBD_2_5,-1.0715055509535887e-9,-1.3553380640018986e-11
93,2010,2021,1,11,70,6,0,CBD,CBD,70_CBD_6_11,-7.666666671426356,-0.6666666667120131
73,2004,2021,1,17,60,5,0,CBD,CBD,60_CBD_5_17,1.9999999993586641,-0.5000000000080111
30,2014,2021,1,7,25,5,0,CBD,CBD,25_CBD_5_7,-1.0635190506036452e-9,-0.4999999999723055
100,2013,2023,1,10,75,4,1,CBD,CBD,75_CBD_4_10,-2.1071571154607227e-9,-2.00255367843738e-11
98,2013,2023,1,10,55,10,1,CBD,CBD,55_CBD_10_10,-4.944581633026246e-9,-4.7839954220307845e-11
50,2013,2023,1,10,35,3,1,CBD,CBD,35_CBD_3_10,-2.799176002099557e-9,-2.502487106426088e-11
55,2015,2023,1,8,45,4,1,CBD,CBD,45_CBD_4_8,3.4999999940851865,0.4999999999484859
22,1980,2023,1,43,30,2,1,CBD,CBD,30_CBD_2_43,-1.000000006512881,0.3333333333070436
41,1973,2023,1,50,55,3,1,CBD,CBD,55_CBD_3_50,-1.9948842577832693e-9,-1.954236772405693e-11
130,2017,2023,1,6,65,3,1,CBD,CBD,65_CBD_3_6,-1.3568524082074873e-10,-1.2254641745812478e-12
230,2009,2023,1,14,80,1,1,CBD,CBD,80_CBD_1_14,-4.25401935899572e-9,-3.91746635131085e-11
160,2014,2023,1,9,75,3,1,CBD,CBD,75_CBD_3_9,-2.344393124076305e-9,-2.223177197890891e-11
150,2009,2023,1,14,70,2,1,CBD,CBD,70_CBD_2_14,-2.54243559538736e-9,-2.472133608932836e-11
68,1980,2023,1,43,65,4,1,CBD,CBD,65_CBD_4_43,12.999999995063504,0.499999999953312
160,2003,2023,1,20,70,1,1,CBD,CBD,70_CBD_1_20,-2.5179929252772126e-9,-2.4713120438946135e-11
85,2018,2023,1,5,60,1,1,CBD,CBD,60_CBD_1_5,3.49999999520287,0.249999999954015
90,2018,2023,1,5,60,1,1,CBD,CBD,60_CBD_1_5,8.49999999520287,0.249999999954015
79,2018,2023,1,5,60,1,1,CBD,CBD,60_CBD_1_5,-2.50000000479713,0.249999999954015
200,2017,2023,1,6,75,2,1,CBD,CBD,75_CBD_2_6,34.999999996450384,-3.1608493600288057e-11
98,1981,2023,1,42,70,2,1,CBD,CBD,70_CBD_2_42,-1.6297718730129418e-9,-1.6794787782714593e-11
160,2015,2023,1,8,70,3,1,CBD,CBD,70_CBD_3_8,40.749999995760106,-3.916156288141792e-11
20,1982,2023,1,41,25,2,1,CBD,CBD,25_CBD_2_41,-6.243151773333011e-9,-3.702460560361942e-11
92,2001,2023,1,22,60,4,1,CBD,CBD,60_CBD_4_22,-3.0347564461408183e-9,-2.6174395983957766e-11
86,2015,2023,1,8,55,5,1,CBD,CBD,55_CBD_5_8,11.99999999442312,0.49999999994955546
70,2003,2023,1,20,55,1,1,CBD,CBD,55_CBD_1_20,-4.5690171646128874e-9,-4.2446934855888685e-11
58,2018,2023,1,5,40,6,1,CBD,CBD,40_CBD_6_5,-5.000000006436295,-2.815880861817277e-11
26,1985,2023,1,38,35,5,1,CBD,CBD,35_CBD_5_38,-2.389075604014579e-9,-2.27000640506958e-11
18,1981,2023,1,42,25,6,1,CBD,CBD,25_CBD_6_42,-0.9999999999821476,1.3083312211392695e-11
33,2001,2023,1,22,30,4,1,CBD,CBD,30_CBD_4_22,-5.0842601240219665e-9,-4.963007782521345e-11
48,2012,2023,1,11,45,5,1,CBD,CBD,45_CBD_5_11,-6.381327466442599e-9,-2.1402213334908993e-11
40,1984,2023,1,39,45,6,1,CBD,CBD,45_CBD_6_39,-5.637190270135761e-9,-5.044786810515234e-11
70,2005,2023,1,18,70,2,1,CBD,CBD,70_CBD_2_18,-1.567954655001813e-9,-1.6324053220273527e-11
100,2018,2023,1,5,75,4,1,CBD,CBD,75_CBD_4_5,5.999999997695014,0.49999999997776867
69,2006,2023,1,17,60,5,1,CBD,CBD,60_CBD_5_17,-2.000000000641336,0.49999999999198885
32,2007,2023,1,16,30,4,1,CBD,CBD,30_CBD_4_16,-3.0000000001077964,0.49999999999794054
50,2013,2023,1,10,35,3,1,CBD,CBD,35_CBD_3_10,-2.799176002099557e-9,-2.502487106426088e-11
23,1977,2023,1,46,35,4,1,CBD,CBD,35_CBD_4_46,-5.550482740090956e-9,-4.9865667151038906e-11
60,2007,2023,1,16,40,4,1,CBD,CBD,40_CBD_4_16,-2.3878925503595383e-9,-2.2947865829792136e-11
210,2003,2023,1,20,90,4,1,CBD,CBD,90_CBD_4_20,-3.768292344830115e-9,-3.3571367907825334e-11
55,1982,2023,1,41,50,3,1,CBD,CBD,50_CBD_3_41,3.499999995688256,-4.0099923381831104e-11
140,2003,2023,1,20,70,4,1,CBD,CBD,70_CBD_4_20,-2.15129603020614e-9,-2.113598185360388e-11
27,1982,2023,1,41,30,1,1,CBD,CBD,30_CBD_1_41,2.499999994104428,0.49999999994794364
94,1982,2023,1,41,75,4,1,CBD,CBD,75_CBD_4_41,-4.622876303983503e-9,-4.3684389439135884e-11
100,1982,2023,1,41,80,3,1,CBD,CBD,80_CBD_3_41,-3.973525508627063e-9,-3.566480444305853e-11
59,2000,2023,1,23,60,7,1,CBD,CBD,60_CBD_7_23,1.4999999996202646,0.4999999999942566
19,1980,2023,1,43,25,4,1,CBD,CBD,25_CBD_4_43,-5.9161848753319646e-9,-5.1455728566907055e-11
93,2018,2023,1,5,60,2,1,CBD,CBD,60_CBD_2_5,1.499999997012793,-2.5878188480987774e-11
97,2016,2023,1,7,65,2,1,CBD,CBD,65_CBD_2_7,-1.5000000033955843,-3.005040660752911e-11
100,2014,2023,1,9,60,1,1,CBD,CBD,60_CBD_1_9,-9.049472282640636e-10,-9.7462038439744e-12
81,2004,2023,1,19,50,5,1,CBD,CBD,50_CBD_5_19,-2.592173586890567e-9,-2.540145871421373e-11
110,2016,2023,1,7,55,3,1,CBD,CBD,55_CBD_3_7,-4.486267357606266e-9,-4.0427439174095525e-11
31,2009,2023,1,14,25,5,1,CBD,CBD,25_CBD_5_14,-3.1306512937590014e-11,3.659073044559591e-12
52,2013,2021,1,8,40,2,0,CBD,CBD,40_CBD_2_8,-4.670766884373734e-9,-4.498734718083597e-11
88,2012,2021,1,9,70,1,0,CBD,CBD,70_CBD_1_9,-1.8008137203651131e-9,-1.8036905302665218e-11
78,2002,2021,1,19,65,1,0,CBD,CBD,65_CBD_1_19,-21.333333336753313,-0.6666666666963679
69,2001,2021,1,20,55,3,0,CBD,CBD,55_CBD_3_20,-3.973283924096904e-9,-3.484612598469994e-11
67,2015,2021,1,6,65,4,0,CBD,CBD,65_CBD_4_6,-4.6672994358232245e-9,-4.405564801857054e-11
63,2014,2021,1,7,60,4,0,CBD,CBD,60_CBD_4_7,-17.00000000450858,-0.2000000000423121
52,2009,2021,1,12,55,4,0,CBD,CBD,55_CBD_4_12,-17.00000000571552,-0.6666666667181536
80,2013,2021,1,8,65,3,0,CBD,CBD,65_CBD_3_8,-9.562768354953732e-10,-1.2392087356261072e-11
31,1981,2021,1,40,50,2,0,CBD,CBD,50_CBD_2_40,-11.500000000544588,-0.4999999999794196
63,2015,2021,1,6,55,4,0,CBD,CBD,55_CBD_4_6,-4.7073314135559485e-9,-4.4683590161298525e-11
46,2001,2021,1,20,50,6,0,CBD,CBD,50_CBD_6_20,-16.00000000113768,-0.5000000000137246
50,2005,2021,1,16,55,4,0,CBD,CBD,55_CBD_4_16,-3.1939180189510807e-9,-2.715472291470178e-11
25,2003,2021,1,18,25,2,0,CBD,CBD,25_CBD_2_18,-0.3333333394698137,-5.0206727664203754e-11
75,2002,2021,1,19,80,4,0,CBD,CBD,80_CBD_4_19,-3.3197693483089097e-9,-2.993738590362227e-11
110,2005,2021,1,16,90,1,0,CBD,CBD,90_CBD_1_16,-3.873395826303749e-9,-3.426969819031456e-11
51,2002,2021,1,19,50,6,0,CBD,CBD,50_CBD_6_19,-6.361055682191363e-9,-3.6889380439220076e-11
55,2011,2021,1,10,50,2,0,CBD,CBD,50_CBD_2_10,-3.506414714138373e-9,-3.19273496529604e-11
53,2006,2021,1,15,60,4,0,CBD,CBD,60_CBD_4_15,-4.458506452920119e-9,-4.009481635591783e-11
14,1980,2021,1,41,25,3,0,CBD,CBD,25_CBD_3_41,-1.3333333387250406,-0.6666666667176624
51,2016,2021,1,5,45,4,0,CBD,CBD,45_CBD_4_5,-8.333333339172285,-0.6666666667185321
75,2016,2021,1,5,55,6,0,CBD,CBD,55_CBD_6_5,-7.662777079531224e-10,-9.310996418321338e-12
98,2016,2021,1,5,75,6,0,CBD,CBD,75_CBD_6_5,8.249999996688075,-2.917088792742106e-11
79,2002,2021,1,19,75,4,0,CBD,CBD,75_CBD_4_19,-4.090452421223745e-9,-3.7408742770139725e-11
60,2015,2021,1,6,55,3,0,CBD,CBD,55_CBD_3_6,-3.008921112268581e-9,-2.667421838964401e-11
60,2015,2021,1,6,55,3,0,CBD,CBD,55_CBD_3_6,-3.008921112268581e-9,-2.667421838964401e-11
58,2006,2021,1,15,55,4,0,CBD,CBD,55_CBD_4_15,-4.258289720837638e-9,-3.9353853509283e-11
43,2008,2021,1,13,40,4,0,CBD,CBD,40_CBD_4_13,-5.242839051788906e-9,-5.092948285323473e-11
86,2016,2021,1,5,85,13,0,CBD,CBD,85_CBD_13_5,-3.946126980736153e-9,-3.494915468138515e-11
65,2009,2021,1,12,75,10,0,CBD,CBD,75_CBD_10_12,0.9999999972402378,-2.552491551455205e-11
75,2016,2021,1,5,75,13,0,CBD,CBD,75_CBD_13_5,-3.773635626203031e-9,-3.344369225999344e-11
77,2015,2021,1,6,75,9,0,CBD,CBD,75_CBD_9_6,-9.727272728844184,-1.6264101176943768e-11
68,2015,2021,1,6,75,9,0,CBD,CBD,75_CBD_9_6,-18.727272728844184,-1.6264101176943768e-11
77,2013,2021,1,8,75,11,0,CBD,CBD,75_CBD_11_8,8.499999997024219,-2.506550522696216e-11
71,2016,2021,1,5,65,13,0,CBD,CBD,65_CBD_13_5,-6.008207265040255e-9,-5.158518057157835e-11
76,2016,2021,1,5,80,13,0,CBD,CBD,80_CBD_13_5,-4.666666669783936,-2.6705304634333515e-11
97,2015,2021,1,6,75,9,0,CBD,CBD,75_CBD_9_6,10.272727271155816,-1.6264101176943768e-11
83,2015,2021,1,6,75,9,0,CBD,CBD,75_CBD_9_6,-3.7272727288441843,-1.6264101176943768e-11
82,2015,2021,1,6,75,9,0,CBD,CBD,75_CBD_9_6,-4.727272728844184,-1.6264101176943768e-11
70,2015,2021,1,6,60,9,0,CBD,CBD,60_CBD_9_6,-2.6666666706102546,-3.593902953014094e-11
63,2009,2021,1,12,80,10,0,CBD,CBD,80_CBD_10_12,1.4999999957262418,-3.948574800460847e-11
57,2015,2021,1,6,45,9,0,CBD,CBD,45_CBD_9_6,-4.208835946428735e-9,-3.842481888227667e-11
68,2013,2021,1,8,65,11,0,CBD,CBD,65_CBD_11_8,0.3333333294348222,-3.5214942073480415e-11
41,2009,2021,1,12,45,10,0,CBD,CBD,45_CBD_10_12,-5.501348709913145e-9,-5.10587128133011e-11
82,2015,2021,1,6,75,9,0,CBD,CBD,75_CBD_9_6,-4.727272728844184,-1.6264101176943768e-11
38,2009,2021,1,12,40,10,0,CBD,CBD,40_CBD_10_12,-6.262297347348067e-10,-8.381517702105157e-12
70,2013,2021,1,8,65,11,0,CBD,CBD,65_CBD_11_8,2.333333329434822,-3.5214942073480415e-11
79,2015,2021,1,6,75,9,0,CBD,CBD,75_CBD_9_6,-7.727272728844184,-1.6264101176943768e-11
85,2015,2021,1,6,60,9,0,CBD,CBD,60_CBD_9_6,12.333333329389745,-3.593902953014094e-11
79,2016,2021,1,5,80,13,0,CBD,CBD,80_CBD_13_5,-1.666666669783936,-2.6705304634333515e-11
60,1998,2021,1,23,70,7,0,CBD,CBD,70_CBD_7_23,-1.9236878756601072e-9,-1.8583579119990645e-11
60,2009,2021,1,12,80,10,0,CBD,CBD,80_CBD_10_12,-1.5000000042737582,-3.948574800460847e-11
83,2015,2021,1,6,75,9,0,CBD,CBD,75_CBD_9_6,-3.7272727288441843,-1.6264101176943768e-11
87,2016,2021,1,5,80,13,0,CBD,CBD,80_CBD_13_5,6.333333330216064,-2.6705304634333515e-11
65,2013,2021,1,8,65,11,0,CBD,CBD,65_CBD_11_8,-2.666666670565178,-3.5214942073480415e-11
63,2009,2021,1,12,75,10,0,CBD,CBD,75_CBD_10_12,-1.0000000027597622,-2.552491551455205e-11
46,2013,2021,1,8,45,11,0,CBD,CBD,45_CBD_11_8,-1.1319372106299852e-9,-1.2982281916151805e-11
83,2015,2021,1,6,75,9,0,CBD,CBD,75_CBD_9_6,-3.7272727288441843,-1.6264101176943768e-11
63,2015,2021,1,6,60,9,0,CBD,CBD,60_CBD_9_6,-9.666666670610255,-3.593902953014094e-11
48,2003,2021,1,18,60,4,0,CBD,CBD,60_CBD_4_18,-12.000000006207351,-4.8472781344344185e-11
68,2008,2021,1,13,65,5,0,CBD,CBD,65_CBD_5_13,3.9999999969870146,-2.5609958598238336e-11
42,2003,2021,1,18,50,4,0,CBD,CBD,50_CBD_4_18,-6.380439288022899e-9,-2.9125590828016357e-11
71,2014,2021,1,7,70,3,0,CBD,CBD,70_CBD_3_7,-4.301455192035064e-9,-4.010991538905273e-11
59,2016,2021,1,5,50,6,0,CBD,CBD,50_CBD_6_5,-1.5000000060359113,-5.114886292290066e-11
79,2016,2021,1,5,70,6,0,CBD,CBD,70_CBD_6_5,3.4999999960239734,-3.4792169145703156e-11
90,2008,2021,1,13,80,5,0,CBD,CBD,80_CBD_5_13,-6.000000003366466,-2.963940204381288e-11
60,2008,2021,1,13,65,5,0,CBD,CBD,65_CBD_5_13,-4.000000003012985,-2.5609958598238336e-11
68,2016,2021,1,5,60,6,0,CBD,CBD,60_CBD_6_5,2.9999999954302297,-4.162803435292517e-11
99,2016,2021,1,5,85,6,0,CBD,CBD,85_CBD_6_5,-0.5000000042272745,-3.8219871711930864e-11
88,2016,2021,1,5,75,6,0,CBD,CBD,75_CBD_6_5,-1.750000003311925,-2.917088792742106e-11
53,2014,2021,1,7,55,2,0,CBD,CBD,55_CBD_2_7,-0.5000000023523086,-2.1964430274579172e-11
78,2016,2021,1,5,75,6,0,CBD,CBD,75_CBD_6_5,-11.750000003311925,-2.917088792742106e-11
62,2016,2021,1,5,60,6,0,CBD,CBD,60_CBD_6_5,-3.0000000045697703,-4.162803435292517e-11
21,1973,2021,1,48,45,3,0,CBD,CBD,45_CBD_3_48,-5.48551781776041e-9,-5.061306929121656e-11
58,2000,2021,1,21,65,3,0,CBD,CBD,65_CBD_3_21,-26.000000000608352,-0.5000000000092393
57,2008,2021,1,13,60,5,0,CBD,CBD,60_CBD_5_13,-6.407816499631735e-10,-8.459899447643693e-12
72,2016,2021,1,5,70,6,0,CBD,CBD,70_CBD_6_5,-3.5000000039760266,-3.4792169145703156e-11
57,1997,2021,1,24,65,10,0,CBD,CBD,65_CBD_10_24,-13.000000005311705,-0.5000000000504627
82,2008,2021,1,13,80,6,0,CBD,CBD,80_CBD_6_13,-3.004217319357849e-9,-2.652678077197379e-11
84,2016,2021,1,5,80,6,0,CBD,CBD,80_CBD_6_5,-3.783398483392375e-9,-3.426547934282098e-11
55,2007,2021,1,14,60,7,0,CBD,CBD,60_CBD_7_14,-4.575660739192244e-9,-4.2848169456988217e-11
78,2008,2021,1,13,80,5,0,CBD,CBD,80_CBD_5_13,-18.000000003366466,-2.963940204381288e-11
59,2007,2021,1,14,70,7,0,CBD,CBD,70_CBD_7_14,-4.404441256156133e-9,-4.065192626967473e-11
54,2014,2021,1,7,55,2,0,CBD,CBD,55_CBD_2_7,0.49999999764769143,-2.1964430274579172e-11
57,2007,2021,1,14,70,7,0,CBD,CBD,70_CBD_7_14,-2.0000000044044413,-4.065192626967473e-11
60,2007,2021,1,14,70,7,0,CBD,CBD,70_CBD_7_14,0.9999999955955587,-4.065192626967473e-11
72,2008,2021,1,13,70,5,0,CBD,CBD,70_CBD_5_13,-9.000000001802192,-1.803912574871447e-11
95,2016,2021,1,5,75,6,0,CBD,CBD,75_CBD_6_5,5.249999996688075,-2.917088792742106e-11
75,2008,2021,1,13,75,5,0,CBD,CBD,75_CBD_5_13,-1.5939178865664871e-9,-1.7079671010833408e-11
21,1973,2021,1,48,35,9,0,CBD,CBD,35_CBD_9_48,-6.309690547823266e-9,-1.6278534076263895e-11
60,2007,2021,1,14,70,7,0,CBD,CBD,70_CBD_7_14,0.9999999955955587,-4.065192626967473e-11
55,2003,2021,1,18,65,4,0,CBD,CBD,65_CBD_4_18,-21.666666669996317,-0.33333333336231985
100,2016,2021,1,5,85,6,0,CBD,CBD,85_CBD_6_5,0.49999999577272547,-3.8219871711930864e-11
72,2012,2021,1,9,80,8,0,CBD,CBD,80_CBD_8_9,-4.400831699058472e-9,-4.113465124078175e-11
62,2016,2021,1,5,50,6,0,CBD,CBD,50_CBD_6_5,1.4999999939640887,-5.114886292290066e-11
58,2012,2021,1,9,55,3,0,CBD,CBD,55_CBD_3_9,-11.00000000645494,-0.5000000000291549
21,1980,2021,1,41,30,4,0,CBD,CBD,30_CBD_4_41,0.6666666658465417,-9.5732310967378e-12
36,2006,2021,1,15,50,2,0,CBD,CBD,50_CBD_2_15,-6.352934178721625e-9,-2.2431612123341438e-11
37,2004,2021,1,17,55,2,0,CBD,CBD,55_CBD_2_17,-5.8721099094327656e-9,-5.16167109054777e-11
55,2005,2021,1,16,50,2,0,CBD,CBD,50_CBD_2_16,-1.1066205729548528e-9,-1.3024914480297412e-11
65,2004,2021,1,17,55,5,0,CBD,CBD,55_CBD_5_17,-1.6409416048190906e-9,-1.7174706101741322e-11
20,1991,2021,1,30,25,3,0,CBD,CBD,25_CBD_3_30,-5.001510317015345e-10,2.1562973628874715e-11
69,1999,2021,1,22,85,3,0,CBD,CBD,85_CBD_3_22,-3.702126605276135e-9,-3.255440361726869e-11
26,2004,2021,1,17,25,3,0,CBD,CBD,25_CBD_3_17,1.4999999997147526,-0.5000000000044575
37,1978,2021,1,43,45,4,0,CBD,CBD,45_CBD_4_43,8.99999999933183,-9.367617792577221e-12
58,2004,2021,1,17,35,5,0,CBD,CBD,35_CBD_5_17,-5.2313566811790224e-9,-5.083400367311697e-11
82,2004,2021,1,17,60,6,0,CBD,CBD,60_CBD_6_17,4.499999998021806,-1.9708901177750704e-11
28,2003,2021,1,18,25,2,0,CBD,CBD,25_CBD_2_18,2.6666666605301863,-5.0206727664203754e-11
61,1978,2021,1,43,60,6,0,CBD,CBD,60_CBD_6_43,-2.1405526240414474e-9,-2.0633494912658534e-11
52,2003,2021,1,18,60,3,0,CBD,CBD,60_CBD_3_18,-5.0000000021939,-0.5000000000211493
23,2003,2021,1,18,25,2,0,CBD,CBD,25_CBD_2_18,-2.3333333394698137,-5.0206727664203754e-11
27,1999,2021,1,22,30,5,0,CBD,CBD,30_CBD_5_22,-9.712550763651961e-10,-1.1234124741577034e-11
11,1980,2021,1,41,25,4,0,CBD,CBD,25_CBD_4_41,-3.5000000062690972,-4.280775733889186e-11
69,2007,2021,1,14,65,2,0,CBD,CBD,65_CBD_2_14,-1.1058602922275895e-9,-1.2969847418276004e-11
42,2005,2021,1,16,45,3,0,CBD,CBD,45_CBD_3_16,-5.578755235546851e-10,-7.734923812563466e-12
60,1998,2021,1,23,80,3,0,CBD,CBD,80_CBD_3_23,-3.1690845503362652e-9,-2.6862512214620438e-11
28,1978,2021,1,43,45,3,0,CBD,CBD,45_CBD_3_43,-11.000000006238778,-0.5000000000404223
73,2005,2021,1,16,75,6,0,CBD,CBD,75_CBD_6_16,-2.7829401005874388e-9,-2.5318191987366845e-11
55,1982,2021,1,39,65,8,0,CBD,CBD,65_CBD_8_39,-9.729745897857356e-10,-1.0402345651527867e-11
80,2015,2021,1,6,70,6,0,CBD,CBD,70_CBD_6_6,-8.763265668676468e-10,-1.0369483049998962e-11
60,2016,2021,1,5,55,4,0,CBD,CBD,55_CBD_4_5,-5.898584731767187e-9,-5.1883830565202516e-11
66,2004,2021,1,17,75,3,0,CBD,CBD,75_CBD_3_17,-3.112461399723543e-9,-2.657141173756372e-11
79,2004,2021,1,17,85,5,0,CBD,CBD,85_CBD_5_17,-3.801147840931662e-9,-3.389732938785528e-11
20,1986,2021,1,35,25,3,0,CBD,CBD,25_CBD_3_35,-5.531788360713108e-10,-7.2228889536063434e-12
14,1979,2021,1,42,25,4,0,CBD,CBD,25_CBD_4_42,-4.537945130778098e-9,-4.2135406275178866e-11
66,2012,2021,1,9,60,6,0,CBD,CBD,60_CBD_6_9,-6.500000000382613,-6.143086039855916e-12
15,1982,2021,1,39,25,6,0,CBD,CBD,25_CBD_6_39,-4.95437291192502e-9,-4.700262401513555e-11
60,1999,2021,1,22,60,5,0,CBD,CBD,60_CBD_5_22,-2.4458941538796353e-9,-2.328826020914221e-11
52,2014,2021,1,7,45,2,0,CBD,CBD,45_CBD_2_7,-1.054992537774524e-9,-1.4129808434404367e-11
27,2005,2021,1,16,25,3,0,CBD,CBD,25_CBD_3_16,-5.806946035136207e-10,-7.068567953183447e-12
90,2004,2021,1,17,85,2,0,CBD,CBD,85_CBD_2_17,-4.093152483619633e-9,-3.5996983172026376e-11
52,2005,2021,1,16,50,1,0,CBD,CBD,50_CBD_1_16,-1.6990497897495516e-10,-3.247180302423658e-12
63,2014,2021,1,7,60,4,0,CBD,CBD,60_CBD_4_7,-17.00000000450858,-0.2000000000423121
75,2015,2021,1,6,70,1,0,CBD,CBD,70_CBD_1_6,-1.5000000055460276,-5.0385473571168404e-11
40,2004,2021,1,17,40,2,0,CBD,CBD,40_CBD_2_17,0.33333333085956696,-0.33333333335784165
78,2015,2021,1,6,70,1,0,CBD,CBD,70_CBD_1_6,1.4999999944539724,-5.0385473571168404e-11
120,2015,2021,1,6,80,1,0,CBD,CBD,80_CBD_1_6,-3.3586502468097024e-9,-3.070432796903333e-11
54,2005,2021,1,16,55,3,0,CBD,CBD,55_CBD_3_16,-5.915353540331125e-9,-5.2421400553726016e-11
85,2013,2021,1,8,75,4,0,CBD,CBD,75_CBD_4_8,-16.66666667019024,-0.33333333336544047
41,2010,2021,1,11,45,1,0,CBD,CBD,45_CBD_1_11,-6.615792358388717e-10,-8.790523864377064e-12
60,2003,2021,1,18,65,1,0,CBD,CBD,65_CBD_1_18,-15.000000002485692,-0.5000000000241296
85,2012,2021,1,9,80,5,0,CBD,CBD,80_CBD_5_9,-4.158792421549151e-9,-3.801892134447371e-11
41,1996,2021,1,25,60,2,0,CBD,CBD,60_CBD_2_25,-1.469672383791476e-9,-1.66671121348827e-11
90,2016,2021,1,5,80,3,0,CBD,CBD,80_CBD_3_5,-3.996959208052431e-9,-3.608291443413236e-11
56,1991,2021,1,30,60,6,0,CBD,CBD,60_CBD_6_30,-1.2482672673286288e-9,-1.4299894601776941e-11
100,1999,2021,1,22,75,8,0,CBD,CBD,75_CBD_8_22,-4.253593033354264e-9,-3.912359325397574e-11
50,2011,2021,1,10,45,2,0,CBD,CBD,45_CBD_2_10,-2.496150841579947e-9,-2.4416912935976143e-11
72,2004,2021,1,17,65,3,0,CBD,CBD,65_CBD_3_17,-1.0288943030900555e-9,-1.386823988980268e-11
27,1981,2021,1,40,45,2,0,CBD,CBD,45_CBD_2_40,-3.137888171522718e-9,-2.6677993147927737e-11
48,2015,2021,1,6,45,2,0,CBD,CBD,45_CBD_2_6,-1.2874323829237255e-10,2.5779378631796135e-12
28,1982,2021,1,39,35,3,0,CBD,CBD,35_CBD_3_39,-3.1906957076444087e-9,-2.7092772469927695e-11
64,2003,2021,1,18,60,4,0,CBD,CBD,60_CBD_4_18,3.999999993792649,-4.8472781344344185e-11
50,2016,2021,1,5,45,5,0,CBD,CBD,45_CBD_5_5,-0.5000000015735964,-0.5000000000163152
20,1973,2021,1,48,30,2,0,CBD,CBD,30_CBD_2_48,3.4999999937899666,-1.6091794563521944e-11
52,2011,2021,1,10,50,5,0,CBD,CBD,50_CBD_5_10,-3.4456775210855994e-9,-2.9813929103283954e-11
47,2010,2021,1,11,45,4,0,CBD,CBD,45_CBD_4_11,-1.410711547578103e-10,-1.8776091792460647e-12
40,2002,2021,1,19,45,3,0,CBD,CBD,45_CBD_3_19,-6.046228406830778e-9,-5.0890180958163e-11
77,2015,2021,1,6,65,6,0,CBD,CBD,65_CBD_6_6,-4.586738100442744e-9,-4.298650324585651e-11
40,2010,2021,1,11,40,5,0,CBD,CBD,40_CBD_5_11,-2.1735502286901465e-10,1.7151391418224193e-11
41,2005,2021,1,16,40,3,0,CBD,CBD,40_CBD_3_16,-0.5000000060772649,-5.158140581329462e-11
89,2014,2021,1,7,75,2,0,CBD,CBD,75_CBD_2_7,-4.509900008997647e-9,-4.157296729090376e-11
27,1979,2023,1,44,40,3,1,CBD,CBD,40_CBD_3_44,-4.000000006252765,-4.431366384949342e-11
37,2002,2023,1,21,35,1,1,CBD,CBD,35_CBD_1_21,-6.34569374824423e-9,-3.586753116735508e-11
25,1979,2023,1,44,40,3,1,CBD,CBD,40_CBD_3_44,-6.000000006252765,-4.431366384949342e-11
48,1999,2023,1,24,45,3,1,CBD,CBD,45_CBD_3_24,4.499999998736023,-1.432320928529407e-11
23,2006,2023,1,17,25,3,1,CBD,CBD,25_CBD_3_17,-1.5000000002852474,0.49999999999554245
33,2005,2023,1,18,30,1,1,CBD,CBD,30_CBD_1_18,-1.8482637642591726e-10,-3.219424726808029e-12
67,2014,2023,1,9,55,4,1,CBD,CBD,55_CBD_4_9,-6.280515663092956e-9,-4.425526611839814e-11
83,2015,2023,1,8,60,4,1,CBD,CBD,60_CBD_4_8,-5.314859663485549e-9,-5.062550378909236e-11
110,2011,2023,1,12,70,3,1,CBD,CBD,70_CBD_3_12,-5.082469556327851e-9,-4.9930504175677015e-11
46,2011,2023,1,12,45,4,1,CBD,CBD,45_CBD_4_12,-18.500000005283923,0.49999999994998334
77,2015,2023,1,8,65,4,1,CBD,CBD,65_CBD_4_8,-9.666666670479827,0.6666666666322274
16,1992,2023,1,31,25,2,1,CBD,CBD,25_CBD_2_31,-5.078433673588734e-9,-4.962008581799182e-11
64,2006,2023,1,17,60,3,1,CBD,CBD,60_CBD_3_17,-0.5000000040960231,0.4999999999637821
120,2015,2023,1,8,75,4,1,CBD,CBD,75_CBD_4_8,18.33333332980976,0.6666666666345595
85,2013,2023,1,10,55,3,1,CBD,CBD,55_CBD_3_10,5.999999993828169,0.49999999995372746
21,1979,2023,1,44,30,3,1,CBD,CBD,30_CBD_3_44,-9.171081671865977e-10,0.49999999999010347
48,2006,2023,1,17,40,2,1,CBD,CBD,40_CBD_2_17,8.333333330859567,0.6666666666421583
66,2001,2023,1,22,65,2,1,CBD,CBD,65_CBD_2_22,-3.321474650874734e-9,-2.990918623879679e-11
68,2014,2023,1,9,50,5,1,CBD,CBD,50_CBD_5_9,-2.0269510514481226e-9,-1.9849233368063324e-11
110,2011,2023,1,12,70,4,1,CBD,CBD,70_CBD_4_12,-1.7084289538615849e-9,-1.6966206217716717e-11
57,2002,2023,1,21,50,3,1,CBD,CBD,50_CBD_3_21,-1.5000000014860078,-1.672928462426171e-11
90,2017,2023,1,6,55,1,1,CBD,CBD,55_CBD_1_6,-5.424865889835928e-9,-5.021894011747463e-11
80,2011,2023,1,12,55,4,1,CBD,CBD,55_CBD_4_12,10.99999999428448,0.33333333328184644
110,2018,2023,1,5,70,2,1,CBD,CBD,70_CBD_2_5,-5.0943214091603295e-9,-4.961342447984407e-11
29,2011,2023,1,12,30,1,1,CBD,CBD,30_CBD_1_12,-1.0096812275151024e-9,2.7395197221835588e-11
68,2011,2023,1,12,60,2,1,CBD,CBD,60_CBD_2_12,-4.163609901297605e-9,-3.793410030539235e-11
51,2006,2023,1,17,45,3,1,CBD,CBD,45_CBD_3_17,-3.390070446585014e-9,-3.0569990983053685e-11
86,2016,2023,1,7,60,4,1,CBD,CBD,60_CBD_4_7,5.999999995491422,0.7999999999576879
100,2015,2023,1,8,75,9,1,CBD,CBD,75_CBD_9_8,1.2857142809883157,-4.532108022203829e-11
67,2015,2023,1,8,55,10,1,CBD,CBD,55_CBD_10_8,-1.6666666724930224,-5.231859390164573e-11
58,2016,2023,1,7,50,13,1,CBD,CBD,50_CBD_13_7,0.4999999964934716,-3.163558304208891e-11
46,2009,2023,1,14,45,11,1,CBD,CBD,45_CBD_11_14,-5.501370026195218e-9,-5.037548156394678e-11
88,2015,2023,1,8,60,9,1,CBD,CBD,60_CBD_9_8,5.714285711320784,-2.5225821431718032e-11
120,2015,2023,1,8,90,9,1,CBD,CBD,90_CBD_9_8,-3.409994064895727e-9,-2.987454728042849e-11
120,2015,2023,1,8,75,9,1,CBD,CBD,75_CBD_9_8,21.285714280988316,-4.532108022203829e-11
89,2015,2023,1,8,75,9,1,CBD,CBD,75_CBD_9_8,-9.714285719011684,-4.532108022203829e-11
71,2015,2023,1,8,60,9,1,CBD,CBD,60_CBD_9_8,-11.285714288679216,-2.5225821431718032e-11
110,2013,2023,1,10,80,11,1,CBD,CBD,80_CBD_11_10,8.999999996336413,-3.2189140242167014e-11
81,2013,2023,1,10,70,11,1,CBD,CBD,70_CBD_11_10,-2.292324552399805e-9,-2.1543433703641313e-11
49,1998,2023,1,25,55,7,1,CBD,CBD,55_CBD_7_25,-4.504002504290838e-9,-4.2337022776450794e-11
82,2016,2023,1,7,65,13,1,CBD,CBD,65_CBD_13_7,-1.969283403013833e-9,-1.9871437828555827e-11
87,2015,2023,1,8,70,10,1,CBD,CBD,70_CBD_10_8,-52.25000000493537,-4.78608264131708e-11
89,2015,2023,1,8,70,9,1,CBD,CBD,70_CBD_9_8,-15.750000004489735,0.24999999995750644
68,2013,2023,1,10,60,11,1,CBD,CBD,60_CBD_11_10,-2.8205704438732937e-10,-4.580114065788621e-12
79,2015,2023,1,8,60,9,1,CBD,CBD,60_CBD_9_8,-3.285714288679216,-2.5225821431718032e-11
91,2015,2023,1,8,75,9,1,CBD,CBD,75_CBD_9_8,-7.714285719011684,-4.532108022203829e-11
96,2016,2023,1,7,75,15,1,CBD,CBD,75_CBD_15_7,5.499999997638639,-2.248157215944957e-11
72,2015,2023,1,8,55,10,1,CBD,CBD,55_CBD_10_8,3.3333333275069776,-5.231859390164573e-11
90,2015,2023,1,8,60,9,1,CBD,CBD,60_CBD_9_8,7.714285711320784,-2.5225821431718032e-11
93,2016,2023,1,7,80,13,1,CBD,CBD,80_CBD_13_7,-2.835236045939382e-9,-2.5817792348448165e-11
110,2015,2023,1,8,75,9,1,CBD,CBD,75_CBD_9_8,11.285714280988316,-4.532108022203829e-11
72,2016,2023,1,7,60,14,1,CBD,CBD,60_CBD_14_7,-4.4327350678941e-9,-4.125855213032992e-11
90,2009,2023,1,14,85,12,1,CBD,CBD,85_CBD_12_14,-3.757435251827701e-9,-3.289013505991534e-11
85,2015,2023,1,8,60,9,1,CBD,CBD,60_CBD_9_8,2.714285711320784,-2.5225821431718032e-11
58,2013,2023,1,10,45,12,1,CBD,CBD,45_CBD_12_10,-1.9511077198330895e-9,-1.9560797426265708e-11
82,2016,2023,1,7,65,15,1,CBD,CBD,65_CBD_15_7,-1.3890257832827047e-9,-1.6188606011269258e-11
60,2013,2023,1,10,45,11,1,CBD,CBD,45_CBD_11_10,-1.585249265190214e-9,-1.6530554702853806e-11
82,2015,2023,1,8,60,9,1,CBD,CBD,60_CBD_9_8,-0.2857142886792161,-2.5225821431718032e-11
81,2015,2023,1,8,60,9,1,CBD,CBD,60_CBD_9_8,-1.2857142886792161,-2.5225821431718032e-11
98,2015,2023,1,8,75,10,1,CBD,CBD,75_CBD_10_8,-11.000000004513822,-4.2451819837197036e-11
85,2016,2023,1,7,75,15,1,CBD,CBD,75_CBD_15_7,-5.500000002361361,-2.248157215944957e-11
65,2009,2023,1,14,70,12,1,CBD,CBD,70_CBD_12_14,-4.500122940953588e-9,-4.1642911341455147e-11
92,2013,2023,1,10,80,11,1,CBD,CBD,80_CBD_11_10,-9.000000003663587,-3.2189140242167014e-11
90,2015,2023,1,8,75,9,1,CBD,CBD,75_CBD_9_8,-8.714285719011684,-4.532108022203829e-11
44,2009,2023,1,14,40,10,1,CBD,CBD,40_CBD_10_14,-8.120863981275761e-10,-9.013678692326721e-12
91,2015,2023,1,8,75,9,1,CBD,CBD,75_CBD_9_8,-7.714285719011684,-4.532108022203829e-11
67,2015,2023,1,8,55,10,1,CBD,CBD,55_CBD_10_8,-1.6666666724930224,-5.231859390164573e-11
93,2016,2023,1,7,75,14,1,CBD,CBD,75_CBD_14_7,-2.6927864382741973e-9,-2.4872770509887232e-11
57,2016,2023,1,7,50,13,1,CBD,CBD,50_CBD_13_7,-0.5000000035065284,-3.163558304208891e-11
90,2015,2023,1,8,70,9,1,CBD,CBD,70_CBD_9_8,-14.750000004489735,0.24999999995750644
67,2015,2023,1,8,45,10,1,CBD,CBD,45_CBD_10_8,-9.092531172427698e-10,-9.708900350346994e-12
70,1998,2023,1,25,70,7,1,CBD,CBD,70_CBD_7_25,-7.000000003322228,-2.97788460557058e-11
85,2010,2023,1,13,65,1,1,CBD,CBD,65_CBD_1_13,-4.30117097494076e-9,-3.9470204882263715e-11
89,2016,2023,1,7,75,7,1,CBD,CBD,75_CBD_7_7,-3.333333336878752,-3.1660007948630664e-11
73,2010,2023,1,13,55,1,1,CBD,CBD,55_CBD_1_13,-1.0396661309641786e-9,-1.3360645922944059e-11
69,2016,2023,1,7,50,7,1,CBD,CBD,50_CBD_7_7,3.499999993817937,-4.8829384979853785e-11
62,2016,2023,1,7,50,7,1,CBD,CBD,50_CBD_7_7,-3.500000006182063,-4.8829384979853785e-11
90,2012,2023,1,11,80,8,1,CBD,CBD,80_CBD_8_11,-3.2907223612710368e-9,-2.8769875370926457e-11
89,2016,2023,1,7,70,6,1,CBD,CBD,70_CBD_6_7,-1.98735961021157e-9,-1.9756640767809586e-11
65,2012,2023,1,11,60,8,1,CBD,CBD,60_CBD_8_11,-2.6425226451465278e-09,-2.502487106426088e-11
20,1980,2023,1,43,45,6,1,CBD,CBD,45_CBD_6_43,-3.932488112923238e-9,-3.470113085768389e-11
80,2000,2023,1,23,90,9,1,CBD,CBD,90_CBD_9_23,-3.791882363657351e-9,-3.356870337256623e-11
60,1999,2023,1,24,65,3,1,CBD,CBD,65_CBD_3_24,-11.500000004002686,-3.557842909174269e-11
100,2008,2023,1,15,90,6,1,CBD,CBD,90_CBD_6_15,-3.89702847769513e-9,-3.449884822259719e-11
77,2016,2023,1,7,60,7,1,CBD,CBD,60_CBD_7_7,-3.0000000014729835,-1.6614043474305618e-11
98,2016,2023,1,7,75,7,1,CBD,CBD,75_CBD_7_7,5.666666663121248,-3.1660007948630664e-11
36,1980,2023,1,43,50,5,1,CBD,CBD,50_CBD_5_43,-1.0000000062246244,-4.044253820723043e-11
110,2008,2023,1,15,90,7,1,CBD,CBD,90_CBD_7_15,-3.6372398426465224e-9,-3.235678391888541e-11
54,2007,2023,1,16,50,7,1,CBD,CBD,50_CBD_7_16,-6.073548775020754e-9,-5.108247158602808e-11
100,2008,2023,1,15,80,7,1,CBD,CBD,80_CBD_7_15,-4.504784101300174e-9,-4.2722714255205574e-11
65,2012,2023,1,11,60,8,1,CBD,CBD,60_CBD_8_11,-2.6425226451465278e-09,-2.502487106426088e-11
83,2016,2023,1,7,60,7,1,CBD,CBD,60_CBD_7_7,2.9999999985270165,-1.6614043474305618e-11
70,2012,2023,1,11,65,8,1,CBD,CBD,65_CBD_8_11,-12.50000000478444,-4.4905190677013707e-11
100,2008,2023,1,15,80,7,1,CBD,CBD,80_CBD_7_15,-4.504784101300174e-9,-4.2722714255205574e-11
90,2016,2023,1,7,75,7,1,CBD,CBD,75_CBD_7_7,-2.333333336878752,-3.1660007948630664e-11
120,2010,2023,1,13,85,1,1,CBD,CBD,85_CBD_1_13,-3.861615027744847e-9,-3.49265061316828e-11
46,2005,2023,1,18,45,1,1,CBD,CBD,45_CBD_1_18,-5.501746613845171e-9,-4.916822504696938e-11
24,1980,2023,1,43,35,1,1,CBD,CBD,35_CBD_1_43,-6.127073959305562e-9,-5.0105253279753015e-11
25,2005,2023,1,18,25,3,1,CBD,CBD,25_CBD_3_18,1.3333333270633219,0.33333333331240445
30,1978,2023,1,45,45,4,1,CBD,CBD,45_CBD_4_45,6.499999993563069,-2.9100277743054903e-11
38,1981,2023,1,42,45,4,1,CBD,CBD,45_CBD_4_42,-4.80589790186059e-9,-4.5557779770888374e-11
77,2018,2023,1,5,60,4,1,CBD,CBD,60_CBD_4_5,1.1326051208015997e-10,5.4296567242317906e-12
59,2000,2023,1,23,60,3,1,CBD,CBD,60_CBD_3_23,-1.0516174597796635e-9,-1.3516743280206356e-11
18,1978,2023,1,45,30,5,1,CBD,CBD,30_CBD_5_45,-6.3034413244622556e-9,-3.859490504964924e-11
49,2012,2023,1,11,40,3,1,CBD,CBD,40_CBD_3_11,-6.002515817726817e-9,-5.2306159403769925e-11
80,2014,2023,1,9,60,3,1,CBD,CBD,60_CBD_3_9,6.999999996862073,0.6666666666392729
130,2018,2023,1,5,80,2,1,CBD,CBD,80_CBD_2_5,-3.3160176826640964e-9,-2.992406322732677e-11
59,2017,2023,1,6,40,9,1,CBD,CBD,40_CBD_9_6,-3.5492888628141372e-9,-3.1592950477943305e-11
70,2012,2023,1,11,55,8,1,CBD,CBD,55_CBD_8_11,-5.267906999506522e-9,-4.960942767695542e-11
58,2017,2023,1,6,40,6,1,CBD,CBD,40_CBD_6_6,6.999999994499525,-4.983791157542328e-11
13,1982,2023,1,41,25,3,1,CBD,CBD,25_CBD_3_41,-2.3333333387250406,0.3333333332823376
70,2000,2023,1,23,65,5,1,CBD,CBD,65_CBD_5_23,-8.333333338975763,0.3333333332819648
38,2004,2023,1,19,30,3,1,CBD,CBD,30_CBD_3_19,1.999999997400863,-2.5230040279211607e-11
80,2003,2023,1,20,80,4,1,CBD,CBD,80_CBD_4_20,-3.9471359514209325e-9,-3.591504871280904e-11
93,2003,2023,1,20,80,8,1,CBD,CBD,80_CBD_8_20,-3.281016347500554e-9,-3.03332914342036e-11
64,1999,2023,1,24,55,4,1,CBD,CBD,55_CBD_4_24,-9.476934792473912e-10,-1.1572964808692632e-11
40,2003,2023,1,20,60,4,1,CBD,CBD,60_CBD_4_20,-3.368683110238635e-11,3.6979308504214714e-12
41,2004,2023,1,19,30,3,1,CBD,CBD,30_CBD_3_19,4.999999997400863,-2.5230040279211607e-11
29,2004,2023,1,19,25,4,1,CBD,CBD,25_CBD_4_19,-5.5104791840676626e-9,-4.968447875342008e-11
38,2004,2023,1,19,30,6,1,CBD,CBD,30_CBD_6_19,-5.690878879249794e-10,-6.52677911716637e-12
53,2007,2023,1,16,45,2,1,CBD,CBD,45_CBD_2_16,-4.813905718492606e-9,-4.591771407547185e-11
29,2012,2023,1,11,30,3,1,CBD,CBD,30_CBD_3_11,-6.567582033767394e-9,-1.585553910388171e-11
100,2016,2023,1,7,65,2,1,CBD,CBD,65_CBD_2_7,1.4999999966044157,-3.005040660752911e-11
35,1999,2023,1,24,40,5,1,CBD,CBD,40_CBD_5_24,-1.1526850585141801e-9,-1.376010416720419e-11
49,2017,2023,1,6,40,1,1,CBD,CBD,40_CBD_1_6,-2.000000005891252,-5.1596948935639375e-11
45,2010,2023,1,13,45,1,1,CBD,CBD,45_CBD_1_13,-3.4124951753256028e-9,-3.032574191763615e-11
74,2004,2023,1,19,75,3,1,CBD,CBD,75_CBD_3_19,-3.1754723295307485e-9,-2.7797986135169594e-11
82,2018,2023,1,5,65,4,1,CBD,CBD,65_CBD_4_5,-3.79253606297425e-9,-3.436784190569142e-11
110,2017,2023,1,6,70,4,1,CBD,CBD,70_CBD_4_6,4.999999996985039,-2.5939472791947082e-11
56,2009,2023,1,14,55,3,1,CBD,CBD,55_CBD_3_14,-4.002899345323385e-9,-3.54773987965018e-11
25,2003,2023,1,20,25,3,1,CBD,CBD,25_CBD_3_20,-1.275402894407307e-9,-1.5099699268716904e-11
65,2009,2023,1,14,55,2,1,CBD,CBD,55_CBD_2_14,-2.8370692461976432e-9,-2.5540680681501726e-11
100,2005,2023,1,18,75,4,1,CBD,CBD,75_CBD_4_18,-2.7120137247038656e-9,-2.560529566153491e-11
57,2005,2023,1,18,55,2,1,CBD,CBD,55_CBD_2_18,-5.000000000117076,2.632560835991171e-12
63,2015,2023,1,8,50,6,1,CBD,CBD,50_CBD_6_8,-4.490651406285906e-9,-4.134781406150978e-11
84,2016,2023,1,7,65,5,1,CBD,CBD,65_CBD_5_7,-3.2136853178599267e-9,-2.7822188997106423e-11
82,2011,2023,1,12,60,3,1,CBD,CBD,60_CBD_3_12,-0.5000000020402098,-2.041478097680738e-11
52,2015,2023,1,8,45,6,1,CBD,CBD,45_CBD_6_8,3.4999999951240355,0.4999999999534819
110,2016,2023,1,7,80,5,1,CBD,CBD,80_CBD_5_7,-3.383320290595293e-9,-2.9990454564199354e-11
180,2017,2023,1,6,80,6,1,CBD,CBD,80_CBD_6_6,-3.4826257433451246e-9,-3.0119018390450947e-11
73,2005,2023,1,18,60,7,1,CBD,CBD,60_CBD_7_18,5.4999999996786215,0.49999999999478684
94,2015,2023,1,8,70,6,1,CBD,CBD,70_CBD_6_8,-1.0829239727172535e-9,-1.1693535029166924e-11
100,2017,2023,1,6,70,4,1,CBD,CBD,70_CBD_4_6,-5.000000003014961,-2.5939472791947082e-11
49,2005,2023,1,18,45,5,1,CBD,CBD,45_CBD_5_18,-6.172186317598971e-9,-4.075473292175502e-11
21,2002,2023,1,21,25,4,1,CBD,CBD,25_CBD_4_21,-4.523116103882785e-9,-4.014788501649491e-11
67,1998,2023,1,25,65,4,1,CBD,CBD,65_CBD_4_25,-5.48584466741886e-9,-4.998668146072305e-11
27,1982,2023,1,41,45,5,1,CBD,CBD,45_CBD_5_41,-9.378240406476834e-10,2.563438350478009e-11
190,2017,2023,1,6,85,4,1,CBD,CBD,85_CBD_4_6,-4.09926315114717e-9,-3.615108212784435e-11
97,2015,2023,1,8,70,3,1,CBD,CBD,70_CBD_3_8,-22.250000004239894,-3.916156288141792e-11
68,2001,2023,1,22,70,5,1,CBD,CBD,70_CBD_5_22,-5.666666669213484,0.3333333333083015
99,2004,2023,1,19,85,3,1,CBD,CBD,85_CBD_3_19,-3.2712250686017796e-9,-2.8268054563795886e-11
19,1982,2023,1,41,25,3,1,CBD,CBD,25_CBD_3_41,3.6666666612749594,0.3333333332823376
18,1982,2023,1,41,35,3,1,CBD,CBD,35_CBD_3_41,-1.9938255491069867e-9,-1.9661383632296747e-11
39,2001,2023,1,22,45,5,1,CBD,CBD,45_CBD_5_22,-1.1331380278534198e-9,-1.3235856854976191e-11
93,2005,2023,1,18,80,4,1,CBD,CBD,80_CBD_4_18,1.4999999966830586,0.4999999999709286
130,2017,2023,1,6,75,4,1,CBD,CBD,75_CBD_4_6,4.999999995488253,-4.287259436352997e-11
110,2002,2023,1,21,75,8,1,CBD,CBD,75_CBD_8_21,-3.3768685625545913e-9,-2.9606095353074124e-11
79,2001,2023,1,22,75,5,1,CBD,CBD,75_CBD_5_22,-3.7635174976458075e-9,-3.292877082117229e-11
75,2001,2023,1,22,70,5,1,CBD,CBD,70_CBD_5_22,1.333333330786516,0.3333333333083015
99,2012,2023,1,11,70,6,1,CBD,CBD,70_CBD_6_11,-1.6666666714263556,0.33333333328798687
120,2014,2023,1,9,70,2,1,CBD,CBD,70_CBD_2_9,-2.9335467388591496e-9,-2.630873296993741e-11
45,2004,2023,1,19,40,3,1,CBD,CBD,40_CBD_3_19,-1.5000000061523764,-4.6428638711404346e-11
86,1999,2023,1,24,75,5,1,CBD,CBD,75_CBD_5_24,-2.7386590772948693e-9,-2.529421117003494e-11
53,2017,2023,1,6,40,1,1,CBD,CBD,40_CBD_1_6,1.999999994108748,-5.1596948935639375e-11
78,2009,2023,1,14,60,6,1,CBD,CBD,60_CBD_6_14,4.715161594504025e-11,4.631406369526303e-12
120,2005,2023,1,18,80,1,1,CBD,CBD,80_CBD_1_18,18.24999999664908,0.24999999996892242
20,1974,2023,1,49,30,3,1,CBD,CBD,30_CBD_3_49,-6.220183479399566e-9,-4.7083004162118414e-11
70,2015,2023,1,8,40,1,1,CBD,CBD,40_CBD_1_8,-7.456719686160795e-10,-9.041656312547275e-12
73,1995,2023,1,28,65,3,1,CBD,CBD,65_CBD_3_28,-1.0882814649448846e-9,-1.4406698056745881e-11
60,2001,2023,1,22,60,3,1,CBD,CBD,60_CBD_3_22,1.333333331364102,0.3333333333139725
160,2015,2023,1,8,85,1,1,CBD,CBD,85_CBD_1_8,-4.105658035769011e-9,-3.7655434326211434e-11
44,1979,2023,1,44,55,4,1,CBD,CBD,55_CBD_4_44,-4.420037669206067e-9,-4.0458303374180105e-11
75,2015,2023,1,8,45,1,1,CBD,CBD,45_CBD_1_8,-5.818350246045156e-10,2.3031354601243947e-11
75,2000,2023,1,23,70,5,1,CBD,CBD,70_CBD_5_23,7.666666661747584,0.33333333328663706
89,2008,2023,1,15,75,3,1,CBD,CBD,75_CBD_3_15,-4.588216029333125e-9,-4.319433699606634e-11
130,2013,2023,1,10,90,4,1,CBD,CBD,90_CBD_4_10,-3.589576635931735e-9,-3.1807001477091035e-11
150,1999,2023,1,24,85,8,1,CBD,CBD,85_CBD_8_24,33.999999995773564,0.4999999999612399
34,1973,2023,1,50,50,3,1,CBD,CBD,50_CBD_3_50,-6.0869140838804014e-9,-5.041322914678403e-11
70,2002,2023,1,21,55,2,1,CBD,CBD,55_CBD_2_21,-2.331958626200503e-9,-2.2238655361661586e-11
83,2011,2023,1,12,70,2,1,CBD,CBD,70_CBD_2_12,-1.2398970739013748e-9,-1.468247745606277e-11
93,2005,2023,1,18,80,1,1,CBD,CBD,80_CBD_1_18,-8.75000000335092,0.24999999996892242
94,2005,2023,1,18,80,1,1,CBD,CBD,80_CBD_1_18,-7.7500000033509195,0.24999999996892242
140,1999,2023,1,24,85,9,1,CBD,CBD,85_CBD_9_24,-3.40349970429088e-9,-3.0501601244736776e-11
17,1973,2023,1,50,25,3,1,CBD,CBD,25_CBD_3_50,-3.475157939192286e-9,-2.9428237624529174e-11
55,2011,2023,1,12,45,2,1,CBD,CBD,45_CBD_2_12,-1.5877361647653743e-9,-1.6663337376598975e-11
40,2004,2023,1,19,25,3,1,CBD,CBD,25_CBD_3_19,5.999999999501064,0.49999999999359357
14,1983,2023,1,40,25,3,1,CBD,CBD,25_CBD_3_40,-6.564519594576268e-9,-1.5156320642972787e-11
39,2000,2023,1,23,45,6,1,CBD,CBD,45_CBD_6_23,-2.7334010610502446e-9,-2.5083712884566012e-11
120,2013,2023,1,10,80,3,1,CBD,CBD,80_CBD_3_10,-3.3271589927608147e-9,-2.8429925080786234e-11
90,2013,2023,1,10,60,3,1,CBD,CBD,60_CBD_3_10,-4.420400046001305e-9,-4.083777760399698e-11
50,1980,2023,1,43,55,6,1,CBD,CBD,55_CBD_6_43,-5.8358011756354244e-9,-5.1161297420776464e-11
80,2011,2023,1,12,65,4,1,CBD,CBD,65_CBD_4_12,-6.135678631835617e-10,-7.453593298123451e-12
33,1984,2023,1,39,35,4,1,CBD,CBD,35_CBD_4_39,-3.5257201602689747e-9,-3.1512570330960443e-11
46,1999,2023,1,24,45,6,1,CBD,CBD,45_CBD_6_24,-2.0000000054332503,-5.0258908146361136e-11
140,2008,2023,1,15,90,3,1,CBD,CBD,90_CBD_3_15,-3.5816754007100826e-9,-3.156674921456215e-11
51,2018,2023,1,5,45,5,1,CBD,CBD,45_CBD_5_5,0.49999999842640364,0.49999999998368483
85,2012,2023,1,11,70,5,1,CBD,CBD,70_CBD_5_11,-1.5648140561097534e-9,-1.7041257294181378e-11
90,2005,2023,1,18,65,1,1,CBD,CBD,65_CBD_1_18,14.999999997514308,0.4999999999758704
75,2011,2023,1,12,55,4,1,CBD,CBD,55_CBD_4_12,5.9999999942844795,0.33333333328184644
120,2012,2023,1,11,85,4,1,CBD,CBD,85_CBD_4_11,-4.1097081293628435e-9,-3.6136871273129145e-11
130,2016,2023,1,7,75,5,1,CBD,CBD,75_CBD_5_7,6.333333329846283,0.33333333330176784
62,2005,2023,1,18,60,3,1,CBD,CBD,60_CBD_3_18,4.9999999978061,0.4999999999788507
24,1977,2023,1,46,35,5,1,CBD,CBD,35_CBD_5_46,-9.156373437235743e-10,-1.006528194125167e-11
81,2010,2023,1,13,65,2,1,CBD,CBD,65_CBD_2_13,-7.500000004776496,-4.52307080678338e-11
52,1998,2023,1,25,40,3,1,CBD,CBD,40_CBD_3_25,6.9999999967879845,-2.7687185877312004e-11
86,2005,2023,1,18,70,5,1,CBD,CBD,70_CBD_5_18,-4.939437303619343e-9,-4.745182025089889e-11
73,2005,2023,1,18,60,5,1,CBD,CBD,60_CBD_5_18,7.333333327522752,0.33333333328243575
23,2000,2023,1,23,25,2,1,CBD,CBD,25_CBD_2_23,-2.276010491186753e-10,-3.913980251013527e-12
42,2006,2023,1,17,45,4,1,CBD,CBD,45_CBD_4_17,-6.29169960575382e-9,-4.428124533717437e-11
35,1978,2023,1,45,45,1,1,CBD,CBD,45_CBD_1_45,-3.906947654286341e-9,-3.4364511236617545e-11
61,2004,2023,1,19,60,9,1,CBD,CBD,60_CBD_9_19,-4.800014608008496e-9,-4.5786485713961156e-11
52,2005,2023,1,18,40,1,1,CBD,CBD,40_CBD_1_18,-5.8441713690626784e-9,-5.15909537313064e-11
29,2000,2023,1,23,30,2,1,CBD,CBD,30_CBD_2_23,-6.202107272201829e-9,-4.629030492253605e-11
32,2002,2023,1,21,30,1,1,CBD,CBD,30_CBD_1_21,-4.9948809532907035e-9,-4.795897012854766e-11
32,2002,2023,1,21,30,1,1,CBD,CBD,30_CBD_1_21,-4.9948809532907035e-9,-4.795897012854766e-11
60,1999,2023,1,24,45,2,1,CBD,CBD,45_CBD_2_24,-2.159580958505103e-9,-2.0942581002714178e-11
120,2011,2021,1,10,85,6,0,CBD,CBD,85_CBD_6_10,-3.6548897242028033e-9,-3.1991964632993586e-11
80,2014,2021,1,7,45,7,0,CBD,CBD,45_CBD_7_7,-5.578982609222294e-9,-5.097544608645421e-11
100,2002,2021,1,19,70,2,0,CBD,CBD,70_CBD_2_19,5.999999995306339,-0.5000000000424516
55,2002,2021,1,19,40,2,0,CBD,CBD,40_CBD_2_19,-6.543316999341187e-10,-9.64961444083201e-12
84,2002,2021,1,19,55,2,0,CBD,CBD,55_CBD_2_19,-2.7797426582765183e-9,-2.510791574650284e-11
42,2016,2021,1,5,40,10,0,CBD,CBD,40_CBD_10_5,-4.578083689921186e-9,-4.112488127816505e-11
130,2015,2021,1,6,70,10,0,CBD,CBD,70_CBD_10_6,21.999999994865263,-5.014832993310847e-11
93,2013,2021,1,8,60,10,0,CBD,CBD,60_CBD_10_8,-8.500000004502212,-0.5000000000404214
100,2005,2021,1,16,65,6,0,CBD,CBD,65_CBD_6_16,-1.602003862899437e-9,-1.6410428571589364e-11
68,2003,2021,1,18,60,4,0,CBD,CBD,60_CBD_4_18,7.999999993792649,-4.8472781344344185e-11
49,1997,2021,1,24,40,4,0,CBD,CBD,40_CBD_4_24,-0.500000001114195,-0.5000000000141063
32,1982,2021,1,39,40,7,0,CBD,CBD,40_CBD_7_39,-4.557051624942687e-9,-4.1619818702542943e-11
150,2008,2021,1,13,90,11,0,CBD,CBD,90_CBD_11_13,-3.5415723687037826e-9,-3.152966776553967e-11
60,2012,2021,1,9,40,5,0,CBD,CBD,40_CBD_5_9,-5.089312082873221e-9,-4.942179998579377e-11
56,2012,2021,1,9,45,5,0,CBD,CBD,45_CBD_5_9,-5.500000000116643,-0.24999999999780553
63,2012,2021,1,9,45,5,0,CBD,CBD,45_CBD_5_9,1.4999999998833573,-0.24999999999780553
59,2001,2021,1,20,55,8,0,CBD,CBD,55_CBD_8_20,-2.6913085093838163e-9,-2.5905499967393553e-11
59,2014,2021,1,7,40,6,0,CBD,CBD,40_CBD_6_7,-5.910990807933558e-9,-5.221867382942946e-11
140,2008,2021,1,13,90,3,0,CBD,CBD,90_CBD_3_13,-3.802597348112613e-9,-3.4710012641880894e-11
100,2004,2021,1,17,70,6,0,CBD,CBD,70_CBD_6_17,22.999999997262194,-2.4949819987796218e-11
54,1998,2021,1,23,45,7,0,CBD,CBD,45_CBD_7_23,-6.276501096635911e-9,-3.5417890842381894e-11
76,1980,2021,1,41,55,5,0,CBD,CBD,55_CBD_5_41,-3.4017659800156252e-9,-2.956923594865657e-11
73,2004,2021,1,17,60,6,0,CBD,CBD,60_CBD_6_17,-4.500000001978194,-1.9708901177750704e-11
150,2014,2021,1,7,85,8,0,CBD,CBD,85_CBD_8_7,-3.305785867269151e-9,-3.08602032816907e-11
80,2012,2021,1,9,60,6,0,CBD,CBD,60_CBD_6_9,7.499999999617387,-6.143086039855916e-12
83,2013,2021,1,8,60,6,0,CBD,CBD,60_CBD_6_8,-4.750000003024837,-0.25000000002604095
70,2001,2021,1,20,60,8,0,CBD,CBD,60_CBD_8_20,-2.276863142469665e-10,-1.2858603071208563e-12
110,2000,2021,1,21,90,6,0,CBD,CBD,90_CBD_6_21,-3.616378307924606e-9,-3.2014835227300864e-11
73,2001,2021,1,20,65,3,0,CBD,CBD,65_CBD_3_20,-3.354188038429129e-9,-3.12070369545836e-11
30,1971,2021,1,50,45,3,0,CBD,CBD,45_CBD_3_50,-9.85842518730351e-11,1.6418866266576515e-11
130,2006,2021,1,15,80,6,0,CBD,CBD,80_CBD_6_15,-4.154514954279875e-9,-3.728595210361618e-11
140,2008,2021,1,13,70,4,0,CBD,CBD,70_CBD_4_13,-4.108756002096925e-9,-3.7801983765461955e-11
38,1983,2021,1,38,45,4,0,CBD,CBD,45_CBD_4_38,-1.7753620795701863e-10,-3.2516211945221585e-12
33,2004,2021,1,17,35,2,0,CBD,CBD,35_CBD_2_17,-5.24175902683055e-9,-5.084110910047457e-11
43,1998,2021,1,23,45,5,0,CBD,CBD,45_CBD_5_23,-3.111495061602909e-9,-2.6486812743087285e-11
73,1997,2021,1,24,55,5,0,CBD,CBD,55_CBD_5_24,-1.210921141137078e-9,-1.4058310071618507e-11
55,2003,2021,1,18,40,2,0,CBD,CBD,40_CBD_2_18,-2.597786874503072e-9,-2.5332180797477122e-11
85,2013,2021,1,8,60,1,0,CBD,CBD,60_CBD_1_8,-2.5000000001705587,2.1238566461079245e-12
90,2013,2021,1,8,60,1,0,CBD,CBD,60_CBD_1_8,2.4999999998294413,2.1238566461079245e-12
67,1978,2021,1,43,70,7,0,CBD,CBD,70_CBD_7_43,-2.617213112898753e-9,-2.5651036850149467e-11
82,1971,2021,1,50,75,5,0,CBD,CBD,75_CBD_5_50,-2.5536621706123697e-9,-2.540057053579403e-11
100,2012,2021,1,9,70,7,0,CBD,CBD,70_CBD_7_9,-1.5938894648570567e-9,-1.697952889401222e-11
73,2012,2021,1,9,50,8,0,CBD,CBD,50_CBD_8_9,-6.160618681860797e-9,-4.3770986835056647e-11
70,1982,2021,1,39,75,10,0,CBD,CBD,75_CBD_10_39,-4.2701771008069045e-9,-3.939271131514488e-11
170,2006,2021,1,15,90,10,0,CBD,CBD,90_CBD_10_15,42.99999999581924,-0.5000000000373268
150,2006,2021,1,15,80,10,0,CBD,CBD,80_CBD_10_15,-3.371212642377941e-9,-2.964561929275078e-11
100,2012,2021,1,9,70,8,0,CBD,CBD,70_CBD_8_9,4.499999995458367,-4.3509196245850035e-11
74,1979,2021,1,42,65,5,0,CBD,CBD,65_CBD_5_42,-4.095156214134477e-9,-3.603517484407348e-11
65,2013,2021,1,8,45,7,0,CBD,CBD,45_CBD_7_8,-6.492356874332472e-9,-2.8987479083752987e-11
120,2013,2021,1,8,65,4,0,CBD,CBD,65_CBD_4_8,33.33333332952017,-0.3333333333677726
160,2013,2021,1,8,85,4,0,CBD,CBD,85_CBD_4_8,-3.785203261941206e-9,-3.425881800467323e-11
65,2008,2021,1,13,50,5,0,CBD,CBD,50_CBD_5_13,-5.079840548205539e-9,-4.9532822288256284e-11
120,2014,2021,1,7,65,6,0,CBD,CBD,65_CBD_6_7,-2.3146071725932416e-9,-2.251066000269475e-11
150,2015,2021,1,6,75,5,0,CBD,CBD,75_CBD_5_6,25.14285713785577,-0.14285714290540774
75,2002,2021,1,19,55,7,0,CBD,CBD,55_CBD_7_19,-4.2976893155355356e-9,-4.0040415427711196e-11
170,2013,2021,1,8,85,7,0,CBD,CBD,85_CBD_7_8,34.99999999570426,-4.026734501394458e-11
24,1983,2021,1,38,25,7,0,CBD,CBD,25_CBD_7_38,-2.2044446268409956e-9,-2.11024531182602e-11
35,1997,2021,1,24,30,7,0,CBD,CBD,30_CBD_7_24,-4.962394939411752e-9,-4.8086201687169705e-11
74,2012,2021,1,9,65,6,0,CBD,CBD,65_CBD_6_9,-4.829814770346275e-9,-4.639866268973947e-11
100,2013,2021,1,8,85,7,0,CBD,CBD,85_CBD_7_8,-35.00000000429574,-4.026734501394458e-11
78,2015,2021,1,6,40,5,0,CBD,CBD,40_CBD_5_6,11.49999999360574,-3.276490190273762e-11
65,1979,2021,1,42,60,7,0,CBD,CBD,60_CBD_7_42,-8.478764357278123e-10,-9.721778937432646e-12
21,1982,2021,1,39,30,5,0,CBD,CBD,30_CBD_5_39,-1.666666669892514,-0.3333333333610966
25,1979,2021,1,42,25,3,0,CBD,CBD,25_CBD_3_42,1.4999999936120076,-2.774047658249401e-11
63,1977,2021,1,44,60,4,0,CBD,CBD,60_CBD_4_44,-6.077762293443811e-9,-5.145284198704303e-11
22,1979,2021,1,42,25,3,0,CBD,CBD,25_CBD_3_42,-1.5000000063879924,-2.774047658249401e-11
62,2013,2021,1,8,55,5,0,CBD,CBD,55_CBD_5_8,-12.00000000557688,-0.5000000000504445
180,2011,2021,1,10,85,3,0,CBD,CBD,85_CBD_3_10,-3.3302569590887288e-9,-2.919464670014804e-11
190,2003,2021,1,18,90,7,0,CBD,CBD,90_CBD_7_18,-3.6578740036929958e-9,-3.3236968732808236e-11
170,2012,2021,1,9,65,2,0,CBD,CBD,65_CBD_2_9,-1.6567582861171104e-9,-1.716982112043297e-11
21,1977,2021,1,44,30,3,0,CBD,CBD,30_CBD_3_44,-9.171081671865977e-10,-0.5000000000098965
59,2014,2021,1,7,40,4,0,CBD,CBD,40_CBD_4_7,0.9999999989456683,-1.4153123117921496e-11
57,2014,2021,1,7,40,4,0,CBD,CBD,40_CBD_4_7,-1.0000000010543317,-1.4153123117921496e-11
48,2006,2021,1,15,40,2,0,CBD,CBD,40_CBD_2_15,-6.452651746258198e-9,-2.2873258842537325e-11
58,2005,2021,1,16,55,10,0,CBD,CBD,55_CBD_10_16,0.999999994001378,-4.89368545686375e-11
56,2005,2021,1,16,50,10,0,CBD,CBD,50_CBD_10_16,-9.204725870404218e-10,2.8841595778317242e-11
68,2005,2021,1,16,60,4,0,CBD,CBD,60_CBD_4_16,-2.5000000037683776,-3.4212632726848824e-11
110,2005,2021,1,16,90,13,0,CBD,CBD,90_CBD_13_16,-3.543703996911063e-9,-3.18962634082709e-11
47,2005,2021,1,16,50,15,0,CBD,CBD,50_CBD_15_16,-6.351029924189788e-9,-3.7439606970224304e-11
67,2004,2021,1,17,70,12,0,CBD,CBD,70_CBD_12_17,-10.50000000299562,-0.5000000000266478
69,2006,2021,1,15,60,14,0,CBD,CBD,60_CBD_14_15,5.499999997262719,-2.4899859951688086e-11
58,2006,2021,1,15,60,14,0,CBD,CBD,60_CBD_14_15,-5.500000002737281,-2.4899859951688086e-11
110,2006,2021,1,15,90,14,0,CBD,CBD,90_CBD_14_15,-3.5823006783175515e-9,-3.2587710308007445e-11
56,2005,2021,1,16,55,10,0,CBD,CBD,55_CBD_10_16,-1.000000005998622,-4.89368545686375e-11
50,2005,2021,1,16,55,13,0,CBD,CBD,55_CBD_13_16,-5.711491724014195e-9,-5.1713522353225017e-11
76,2008,2021,1,13,90,10,0,CBD,CBD,90_CBD_10_13,-0.5000000041135024,-3.6662450852986694e-11
37,2005,2021,1,16,45,15,0,CBD,CBD,45_CBD_15_16,-1.2515499747678405e-10,-7.980283101005625e-13
77,2008,2021,1,13,90,10,0,CBD,CBD,90_CBD_10_13,0.4999999958864976,-3.6662450852986694e-11
89,2006,2021,1,15,75,13,0,CBD,CBD,75_CBD_13_15,-2.680323518688965e-9,-2.5609514509028486e-11
93,2005,2021,1,16,80,14,0,CBD,CBD,80_CBD_14_16,-4.11827727475611e-9,-3.7650105255693234e-11
73,2003,2021,1,18,55,6,0,CBD,CBD,55_CBD_6_18,-3.492360178825038e-9,-3.13906678428566e-11
72,2005,2021,1,16,70,10,0,CBD,CBD,70_CBD_10_16,-4.59525040241715e-9,-4.171329948121638e-11
72,2008,2021,1,13,80,10,0,CBD,CBD,80_CBD_10_13,-3.4269618254256784e-9,-3.0628166669544044e-11
90,2007,2021,1,14,70,6,0,CBD,CBD,70_CBD_6_14,6.333333329991476,-3.11919379214487e-11
77,2007,2021,1,14,70,6,0,CBD,CBD,70_CBD_6_14,-6.666666670008524,-3.11919379214487e-11
37,2015,2021,1,6,30,6,0,CBD,CBD,30_CBD_6_6,-1.5000000015979609,-0.5000000000162454
19,1980,2021,1,41,25,1,0,CBD,CBD,25_CBD_1_41,-3.0143141316330002e-9,-2.5769164579969583e-11
23,2002,2021,1,19,25,7,0,CBD,CBD,25_CBD_7_19,-4.000000003573277,-0.5000000000317941
84,2007,2021,1,14,70,6,0,CBD,CBD,70_CBD_6_14,0.3333333299914756,-3.11919379214487e-11
28,1999,2021,1,22,25,2,0,CBD,CBD,25_CBD_2_22,-2.482657635027863e-9,-2.3306689911350986e-11
63,2003,2021,1,18,60,6,0,CBD,CBD,60_CBD_6_18,-5.000000005474817,-5.03384001149243e-11
130,2007,2021,1,14,90,6,0,CBD,CBD,90_CBD_6_14,-3.5599327929958235e-9,-3.2109204184394e-11
35,2007,2021,1,14,30,5,0,CBD,CBD,30_CBD_5_14,-6.938307706150226e-10,-8.027356557249732e-12
70,2012,2021,1,9,45,4,0,CBD,CBD,45_CBD_4_9,1.3333333297059227,-0.3333333333648931
120,2006,2021,1,15,80,4,0,CBD,CBD,80_CBD_4_15,-3.9961634001883795e-9,-3.591682506964844e-11
23,1978,2021,1,43,35,3,0,CBD,CBD,35_CBD_3_43,-9.316067917097826e-10,-1.1618928041912113e-11
53,1980,2021,1,41,55,2,0,CBD,CBD,55_CBD_2_41,-5.8887792420136975e-9,-5.135580849469079e-11
72,2014,2021,1,7,50,3,0,CBD,CBD,50_CBD_3_7,-3.2174796160688857e-10,-5.313749440460924e-12
40,1978,2021,1,43,55,3,0,CBD,CBD,55_CBD_3_43,1.4999999989836539,-1.2573941887694673e-11
84,1998,2021,1,23,70,4,0,CBD,CBD,70_CBD_4_23,-1.9909123238903703e-9,-1.9631851699841718e-11
70,2001,2021,1,20,65,9,0,CBD,CBD,65_CBD_9_20,-4.947068532601406e-9,-4.6763481975631294e-11
65,1977,2021,1,44,75,3,0,CBD,CBD,75_CBD_3_44,7.499999994718699,-0.5000000000502578
79,2002,2021,1,19,65,2,0,CBD,CBD,65_CBD_2_19,-10.666666671491214,-0.3333333333789117
70,2006,2021,1,15,65,2,0,CBD,CBD,65_CBD_2_15,-8.992628863779828e-11,-1.581845765485923e-12
83,2009,2021,1,12,45,4,0,CBD,CBD,45_CBD_4_12,18.499999994716077,-0.5000000000500167
62,2008,2021,1,13,70,2,0,CBD,CBD,70_CBD_2_13,-4.842881651256903e-9,-4.662914498965165e-11
30,1978,2021,1,43,40,9,0,CBD,CBD,40_CBD_9_43,-5.50713963320959e-9,-4.9506398980270205e-11
91,2012,2021,1,9,70,8,0,CBD,CBD,70_CBD_8_9,-4.500000004541633,-4.3509196245850035e-11
140,1991,2021,1,30,90,3,0,CBD,CBD,90_CBD_3_30,-3.66168251275667e-9,-3.288502803400206e-11
48,1971,2021,1,50,60,5,0,CBD,CBD,60_CBD_5_50,-3.791271296904597e-9,-3.426858796728993e-11
140,2010,2021,1,11,65,3,0,CBD,CBD,65_CBD_3_11,-3.6169751638226444e-9,-3.22706306121745e-11
62,1981,2021,1,40,80,9,0,CBD,CBD,80_CBD_9_40,-3.3314009328933025e-9,-2.8951729902360057e-11
74,2005,2021,1,16,55,5,0,CBD,CBD,55_CBD_5_16,-9.33681576498202e-10,-1.2430501072913103e-11
68,2001,2021,1,20,65,5,0,CBD,CBD,65_CBD_5_20,-3.6376093248691177e-9,-3.2351676892972137e-11
75,1998,2021,1,23,65,7,0,CBD,CBD,65_CBD_7_23,-5.521542334463447e-9,-5.1481263696473434e-11
170,2009,2021,1,12,80,4,0,CBD,CBD,80_CBD_4_12,-3.177603957738029e-9,-2.7333246777061504e-11
22,1985,2021,1,36,30,2,0,CBD,CBD,30_CBD_2_36,1.999999992937319,-0.5000000000153302
78,2012,2021,1,9,65,8,0,CBD,CBD,65_CBD_8_9,-4.6732111513847485e-9,-4.3898884527493465e-11
64,2013,2021,1,8,55,7,0,CBD,CBD,55_CBD_7_8,-4.750000003349726,-0.5000000000287346
88,2011,2021,1,10,80,8,0,CBD,CBD,80_CBD_8_10,-3.1729427973914426e-9,-2.685163202897911e-11
140,2013,2021,1,8,80,6,0,CBD,CBD,80_CBD_6_8,-4.632624950318132e-9,-4.227596051009641e-11
92,2011,2021,1,10,60,6,0,CBD,CBD,60_CBD_6_10,-4.7004391490190756e-9,-4.4571457635811385e-11
120,2009,2021,1,12,65,8,0,CBD,CBD,65_CBD_8_12,-4.898865313407441e-9,-4.6660675323551004e-11
45,2001,2021,1,20,40,5,0,CBD,CBD,40_CBD_5_20,-1.7639081306697335e-9,-1.7358559034619248e-11
110,2013,2021,1,8,60,6,0,CBD,CBD,60_CBD_6_8,22.249999996975163,-0.25000000002604095
21,1983,2021,1,38,25,5,0,CBD,CBD,25_CBD_5_38,-5.1027626568611595e-9,-4.913047746413213e-11
140,2002,2021,1,19,90,2,0,CBD,CBD,90_CBD_2_19,-3.6304754758020863e-9,-3.164979389680411e-11
140,2013,2021,1,8,80,6,0,CBD,CBD,80_CBD_6_8,-4.632624950318132e-9,-4.227596051009641e-11
150,2014,2021,1,7,75,5,0,CBD,CBD,75_CBD_5_7,26.333333329846283,-0.6666666666982322
43,2003,2021,1,18,35,3,0,CBD,CBD,35_CBD_3_18,2.9999999945684266,-5.055644791696068e-11
90,2008,2021,1,13,70,5,0,CBD,CBD,70_CBD_5_13,8.999999998197808,-1.803912574871447e-11
63,1978,2021,1,43,75,3,0,CBD,CBD,75_CBD_3_43,-33.500000001601535,-0.5000000000171394
23,1977,2021,1,44,30,6,0,CBD,CBD,30_CBD_6_44,-1.8967973858252662e-9,-1.8580470495521695e-11
60,2011,2021,1,10,40,6,0,CBD,CBD,40_CBD_6_10,-5.871669372936594e-9,-5.267253300189623e-11
18,1977,2021,1,44,25,3,0,CBD,CBD,25_CBD_3_44,-1.0450307286191673e-9,-1.082001155339185e-11
13,1976,2021,1,45,25,5,0,CBD,CBD,25_CBD_5_45,1.2457235243346076e-10,-0.49999999998588596
18,1980,2021,1,41,25,4,0,CBD,CBD,25_CBD_4_41,3.4999999937309028,-4.280775733889186e-11
94,2014,2021,1,7,60,4,0,CBD,CBD,60_CBD_4_7,13.999999995491422,-0.2000000000423121
94,2014,2021,1,7,60,4,0,CBD,CBD,60_CBD_4_7,13.999999995491422,-0.2000000000423121
110,2008,2021,1,13,55,4,0,CBD,CBD,55_CBD_4_13,-1.5701147049185238e-9,-1.694644424787839e-11
87,1998,2021,1,23,75,3,0,CBD,CBD,75_CBD_3_23,-3.2945166594799957e-9,-3.0238922477110464e-11
28,2002,2021,1,19,25,3,0,CBD,CBD,25_CBD_3_19,-6.000000000498936,-0.5000000000064064
25,1999,2021,1,22,25,3,0,CBD,CBD,25_CBD_3_22,-6.057732093722734e-9,-5.172773320794022e-11
66,1983,2021,1,38,50,2,0,CBD,CBD,50_CBD_2_38,-5.623178367386572e-9,-5.058287122494676e-11
84,1973,2021,1,48,80,4,0,CBD,CBD,80_CBD_4_48,-3.3381866160198115e-9,-2.8676172547648093e-11
47,1995,2021,1,26,40,1,0,CBD,CBD,40_CBD_1_26,-3.797822500928305e-9,-3.425437711257473e-11
19,1981,2021,1,40,30,9,0,CBD,CBD,30_CBD_9_40,-5.518970169759996e-9,-5.096567612383751e-11
80,2006,2021,1,15,80,12,0,CBD,CBD,80_CBD_12_15,-3.0332358846862917e-9,-2.5938140524317532e-11
73,2006,2021,1,15,70,12,0,CBD,CBD,70_CBD_12_15,-3.350947963554063e-9,-3.110955937302151e-11
24,1980,2021,1,41,35,8,0,CBD,CBD,35_CBD_8_41,-1.0325820198886504e-9,-1.2919221248353097e-11
81,2006,2021,1,15,75,12,0,CBD,CBD,75_CBD_12_15,3.999999995351601,-4.37962999200181e-11
56,2000,2021,1,21,65,11,0,CBD,CBD,65_CBD_11_21,-4.797271913048462e-9,-4.6199488679121714e-11
35,1998,2021,1,23,35,7,0,CBD,CBD,35_CBD_7_23,-6.477115732650418e-9,-1.443800634604031e-11
90,2005,2021,1,16,90,8,0,CBD,CBD,90_CBD_8_16,-11.00000000331589,-0.33333333336317583
34,1978,2021,1,43,45,5,0,CBD,CBD,45_CBD_5_43,3.26139115713886e-11,1.0308864872854429e-11
14,1980,2021,1,41,25,8,0,CBD,CBD,25_CBD_8_41,-6.092164994697669e-9,-5.1134874112790385e-11
70,2014,2021,1,7,60,8,0,CBD,CBD,60_CBD_8_7,6.99999999856265,-0.66666666668266
100,2015,2021,1,6,75,10,0,CBD,CBD,75_CBD_10_6,-1.9760619807129842e-9,-1.947264571811047e-11
120,2015,2021,1,6,85,10,0,CBD,CBD,85_CBD_10_6,-3.3197551374541945e-9,-3.0862645772344877e-11
27,1977,2021,1,44,40,6,0,CBD,CBD,40_CBD_6_44,-3.8113512346171774e-10,-5.42654809976284e-12
88,2015,2021,1,6,65,10,0,CBD,CBD,65_CBD_10_6,-3.4027891615551198e-9,-2.955435896012659e-11
110,2007,2021,1,14,90,8,0,CBD,CBD,90_CBD_8_14,-3.6133798175796983e-9,-3.1392222155091076e-11
85,2007,2021,1,14,75,8,0,CBD,CBD,75_CBD_8_14,-2.8274484975554515e-9,-2.556066469594498e-11
100,2015,2021,1,6,75,10,0,CBD,CBD,75_CBD_10_6,-1.9760619807129842e-9,-1.947264571811047e-11
58,1982,2021,1,39,80,9,0,CBD,CBD,80_CBD_9_39,-3.935731740511983e-9,-3.5558223032694514e-11
73,2006,2021,1,15,75,12,0,CBD,CBD,75_CBD_12_15,-4.000000004648399,-4.37962999200181e-11
90,2005,2021,1,16,85,8,0,CBD,CBD,85_CBD_8_16,-23.333333336759765,-0.666666666697336
96,2016,2021,1,5,75,9,0,CBD,CBD,75_CBD_9_5,-2.689532152544416e-9,-2.6123547769429933e-11
64,2003,2021,1,18,65,9,0,CBD,CBD,65_CBD_9_18,-7.666666669458905,-0.3333333333583304
110,2006,2021,1,15,90,8,0,CBD,CBD,90_CBD_8_15,-3.812758109233982e-9,-3.394995395922251e-11
57,1982,2021,1,39,70,9,0,CBD,CBD,70_CBD_9_39,-4.624467919711606e-9,-4.432543221355445e-11
57,1998,2021,1,23,55,5,0,CBD,CBD,55_CBD_5_23,2.9999999936615325,-3.320677066653843e-11
65,1999,2021,1,22,55,8,0,CBD,CBD,55_CBD_8_22,4.499999993883385,-5.030553751339539e-11
69,1997,2021,1,24,60,10,0,CBD,CBD,60_CBD_10_24,-3.3519853559482726e-9,-2.920197417211057e-11
19,1976,2021,1,45,30,9,0,CBD,CBD,30_CBD_9_45,-3.00000000618067,-0.5000000000405549
59,1980,2021,1,41,55,6,0,CBD,CBD,55_CBD_6_41,-6.054406753719377e-9,-5.0721427058419977e-11
20,1979,2021,1,42,30,8,0,CBD,CBD,30_CBD_8_42,-5.846928274877428e-9,-5.198019792373998e-11
55,2013,2021,1,8,40,11,0,CBD,CBD,40_CBD_11_8,-6.459359269683773e-9,-2.8779423288938233e-11
70,1981,2021,1,40,80,10,0,CBD,CBD,80_CBD_10_40,-3.7081520076753804e-9,-3.2303937302913255e-11
40,1976,2021,1,45,70,8,0,CBD,CBD,70_CBD_8_45,-1.2669403304244042e-9,-1.4333423337120621e-11
72,2000,2021,1,21,60,6,0,CBD,CBD,60_CBD_6_21,-2.373312213421741e-9,-2.2903678953412054e-11
35,1979,2023,1,44,30,7,1,CBD,CBD,30_CBD_7_44,-3.3619045325394836e-9,-2.8825386522157714e-11
100,2014,2023,1,9,45,7,1,CBD,CBD,45_CBD_7_9,15.49999999528103,-4.453237778534458e-11
110,2002,2023,1,21,65,3,1,CBD,CBD,65_CBD_3_21,25.999999999391648,0.4999999999907607
130,2002,2023,1,21,70,2,1,CBD,CBD,70_CBD_2_21,-1.8985701899509877e-9,-1.9518386906725027e-11
200,2002,2023,1,21,85,2,1,CBD,CBD,85_CBD_2_21,-3.9387657579936786e-9,-3.5564440281632415e-11
62,2002,2023,1,21,40,2,1,CBD,CBD,40_CBD_2_21,-2.317911196314526e-9,-2.2195356663701205e-11
170,2002,2023,1,21,90,4,1,CBD,CBD,90_CBD_4_21,-3.639684109657537e-9,-3.282663030290678e-11
93,2002,2023,1,21,60,2,1,CBD,CBD,60_CBD_2_21,-2.5711131002026377e-9,-2.5164537120758723e-11
210,2012,2023,1,11,90,9,1,CBD,CBD,90_CBD_9_11,-3.538076498443843e-9,-3.129518866273884e-11
55,2002,2023,1,21,65,13,1,CBD,CBD,65_CBD_13_21,-1.0258318638989294e-9,-1.0771605829518194e-11
32,1980,2023,1,43,40,13,1,CBD,CBD,40_CBD_13_43,-1.1689209600262984e-9,-1.5139001163788635e-11
30,1980,2023,1,43,40,3,1,CBD,CBD,40_CBD_3_43,-4.821774979291149e-9,-4.5555559324839123e-11
62,2016,2023,1,7,50,10,1,CBD,CBD,50_CBD_10_7,-2.4274271481772303e-10,-4.53681536782824e-12
60,2002,2023,1,21,50,3,1,CBD,CBD,50_CBD_3_21,1.4999999985139922,-1.672928462426171e-11
68,2018,2023,1,5,40,6,1,CBD,CBD,40_CBD_6_5,4.999999993563705,-2.815880861817277e-11
150,2005,2023,1,18,75,1,1,CBD,CBD,75_CBD_1_18,14.999999997170676,-2.5720536811491e-11
110,2017,2023,1,6,60,11,1,CBD,CBD,60_CBD_11_6,-3.3569733659533085e-9,-3.0040414600307486e-11
73,2008,2023,1,15,60,11,1,CBD,CBD,60_CBD_11_15,-4.510440021476825e-9,-4.2547965151129574e-11
170,2015,2023,1,8,70,10,1,CBD,CBD,70_CBD_10_8,30.749999995064627,-4.78608264131708e-11
60,2005,2023,1,18,35,1,1,CBD,CBD,35_CBD_1_18,1.0471268296896596e-10,1.181077458056734e-11
19,1992,2023,1,31,25,8,1,CBD,CBD,25_CBD_8_31,1.0451728371663194e-10,6.298073174093588e-12
180,2015,2023,1,8,70,10,1,CBD,CBD,70_CBD_10_8,40.74999999506463,-4.78608264131708e-11
130,2001,2023,1,22,70,3,1,CBD,CBD,70_CBD_3_22,-1.68557789947954e-9,-1.7001733354504722e-11
110,2005,2023,1,18,60,2,1,CBD,CBD,60_CBD_2_18,-1.4613306120736524e-9,-1.6602941244059366e-11
220,2015,2023,1,8,90,11,1,CBD,CBD,90_CBD_11_8,-3.6858693874819437e-9,-3.377764734580069e-11
80,2000,2023,1,23,55,3,1,CBD,CBD,55_CBD_3_23,2.6666666615560786,-4.893818683626705e-11
74,2001,2023,1,22,60,10,1,CBD,CBD,60_CBD_10_22,2.9999999940998663,-5.1167958758924215e-11
23,1983,2023,1,40,35,7,1,CBD,CBD,35_CBD_7_40,-4.465775305106945e-9,-4.129541153474747e-11
65,1995,2023,1,28,55,5,1,CBD,CBD,55_CBD_5_28,-3.7803999930474674e-9,-3.38611361172525e-11
21,1977,2023,1,46,30,5,1,CBD,CBD,30_CBD_5_46,-1.1150191880915372e-10,2.1012080964055713e-12
24,2003,2023,1,20,25,9,1,CBD,CBD,25_CBD_9_20,-6.411514874571367e-9,-3.3217872896784684e-11
64,2000,2023,1,23,50,3,1,CBD,CBD,50_CBD_3_23,-3.7199185953795677e-9,-3.289346572898921e-11
34,1980,2023,1,43,40,5,1,CBD,CBD,40_CBD_5_43,-1.1285479217804095e-9,-1.3309131574601452e-11
40,2017,2023,1,6,30,6,1,CBD,CBD,30_CBD_6_6,1.4999999984020391,0.49999999998375455
81,2004,2023,1,19,60,6,1,CBD,CBD,60_CBD_6_19,-2.33333333831132,-4.8328452351142914e-11
61,2004,2023,1,19,40,7,1,CBD,CBD,40_CBD_7_19,7.499999996583114,0.4999999999696665
37,1984,2023,1,39,35,7,1,CBD,CBD,35_CBD_7_39,-2.4176998181246745e-9,-2.2947865829792136e-11
130,2014,2023,1,9,90,11,1,CBD,CBD,90_CBD_11_9,-3.4364688872301485e-9,-3.0747848711598635e-11
120,2010,2023,1,13,60,1,1,CBD,CBD,60_CBD_1_13,-4.553172061605437e-9,-4.07927025491972e-11
100,2004,2023,1,19,60,6,1,CBD,CBD,60_CBD_6_19,16.66666666168868,-4.8328452351142914e-11
110,2004,2023,1,19,65,1,1,CBD,CBD,65_CBD_1_19,10.666666663246687,0.33333333330363213
110,2004,2023,1,19,65,1,1,CBD,CBD,65_CBD_1_19,10.666666663246687,0.33333333330363213
94,2004,2023,1,19,55,6,1,CBD,CBD,55_CBD_6_19,-3.651763336165459e-9,-3.2419622542079196e-11
130,2004,2023,1,19,65,7,1,CBD,CBD,65_CBD_7_19,-5.545530257222708e-9,-5.1087578611941353e-11
35,1997,2023,1,26,30,6,1,CBD,CBD,30_CBD_6_26,-6.351960735173634e-9,-2.8514746119867596e-11
170,1998,2023,1,25,90,5,1,CBD,CBD,90_CBD_5_25,-3.6034180084243417e-9,-3.2066571620248396e-11
210,2014,2023,1,9,90,6,1,CBD,CBD,90_CBD_6_9,-3.760277422770741e-9,-3.324629460621509e-11
160,2005,2023,1,18,85,6,1,CBD,CBD,85_CBD_6_18,-3.6984602047596127e-9,-3.2266855853890775e-11
130,2008,2023,1,15,70,5,1,CBD,CBD,70_CBD_5_15,-1.6068781860667514e-9,-1.6999068819245622e-11
47,2010,2023,1,13,35,6,1,CBD,CBD,35_CBD_6_13,-5.462943875045312e-9,-4.912692475045333e-11
70,1985,2023,1,38,65,4,1,CBD,CBD,65_CBD_4_38,-1.4754562016605632e-9,-1.681899064465142e-11
20,1980,2023,1,43,25,3,1,CBD,CBD,25_CBD_3_43,0.49999999371596715,-2.0711210524382295e-11
51,1983,2023,1,40,55,5,1,CBD,CBD,55_CBD_5_40,-1.7281536202062853e-9,-1.699596019477667e-11
35,2000,2023,1,23,30,3,1,CBD,CBD,30_CBD_3_23,-6.3019456320034806e-9,-3.262767833689395e-11
140,2006,2023,1,17,55,6,1,CBD,CBD,55_CBD_6_17,28.999999999945885,3.489208921791942e-12
20,1979,2023,1,44,30,1,1,CBD,CBD,30_CBD_1_44,-6.42483399815319e-9,-2.2793766873974164e-11
42,2014,2023,1,9,25,4,1,CBD,CBD,25_CBD_4_9,-6.557058895850787e-9,-1.5374590489614093e-11
85,2000,2023,1,23,60,8,1,CBD,CBD,60_CBD_8_23,4.3087311496492475e-11,8.79429862266079e-12
44,2017,2023,1,6,25,5,1,CBD,CBD,25_CBD_5_6,-7.618368158546218e-10,-9.001244194450919e-12
26,2002,2023,1,21,25,1,1,CBD,CBD,25_CBD_1_21,-5.585750528780409e-9,-5.041012052231508e-11
30,2002,2023,1,21,25,5,1,CBD,CBD,25_CBD_5_21,-4.686199872594443e-9,-4.5046855134955877e-11
120,2012,2023,1,11,65,10,1,CBD,CBD,65_CBD_10_11,28.499999998793783,-1.3229861650643215e-11
160,2013,2023,1,10,80,4,1,CBD,CBD,80_CBD_4_10,-3.4181937280663988e-9,-3.0503377601576176e-11
140,1982,2023,1,41,85,10,1,CBD,CBD,85_CBD_10_41,-3.348077370901592e-9,-2.997868620013833e-11
100,1979,2023,1,44,80,8,1,CBD,CBD,80_CBD_8_44,-3.880259669131192e-9,-3.5180969248926885e-11
58,2003,2023,1,20,45,10,1,CBD,CBD,45_CBD_10_20,2.077129579447501e-10,8.619771563189715e-12
98,1993,2023,1,30,70,7,1,CBD,CBD,70_CBD_7_30,-2.6030448907476966e-9,-2.5244917267741585e-11
85,1978,2023,1,45,65,7,1,CBD,CBD,65_CBD_7_45,-4.173429601905809e-9,-3.7557956744649346e-11
110,2003,2023,1,20,65,10,1,CBD,CBD,65_CBD_10_20,-4.770313921653724e-9,-4.53894699603552e-11
130,1980,2023,1,43,75,3,1,CBD,CBD,75_CBD_3_43,33.499999998398465,0.4999999999828606
17,1995,2023,1,28,25,12,1,CBD,CBD,25_CBD_12_28,-2.7756641429732554e-10,-4.448219570463152e-12
44,1984,2023,1,39,50,10,1,CBD,CBD,50_CBD_10_39,4.062172820340493e-11,6.239231353788455e-12
37,2016,2023,1,7,30,5,1,CBD,CBD,30_CBD_5_7,-3.87765908271831e-9,-3.469402543032629e-11
100,1979,2023,1,44,90,8,1,CBD,CBD,90_CBD_8_44,-3.6416878401723807e-9,-3.254685410070124e-11
110,2013,2023,1,10,80,7,1,CBD,CBD,80_CBD_7_10,-3.7403111718958826e-9,-3.2829516882770804e-11
100,1979,2023,1,44,90,11,1,CBD,CBD,90_CBD_11_44,-3.540264970069984e-9,-3.122768710284163e-11
100,1995,2023,1,28,65,9,1,CBD,CBD,65_CBD_9_28,-1.7130616924987407e-9,-1.7203571900381576e-11
52,1980,2023,1,43,50,9,1,CBD,CBD,50_CBD_9_43,-1.907572766413068e-9,-1.898015078438675e-11
29,1995,2023,1,28,40,12,1,CBD,CBD,40_CBD_12_28,-1.9099388737231493e-11,1.535860327805949e-11
44,1997,2023,1,26,40,12,1,CBD,CBD,40_CBD_12_26,-5.7944689046962594e-9,-5.0535131634887875e-11
120,2011,2023,1,12,50,5,1,CBD,CBD,50_CBD_5_12,-3.991701191807806e-9,-3.4870772935846617e-11
67,1979,2023,1,44,60,3,1,CBD,CBD,60_CBD_3_44,-1.0495000424270984e-9,-1.3496537221158178e-11
160,2012,2023,1,11,50,2,1,CBD,CBD,50_CBD_2_11,63.66666666292795,-3.314926111386285e-11
80,2014,2023,1,9,45,5,1,CBD,CBD,45_CBD_5_9,18.499999999883357,0.7500000000021945
50,1998,2023,1,25,45,4,1,CBD,CBD,45_CBD_4_25,-6.378918726568372e-9,-2.3355761769039418e-11
240,2012,2023,1,11,60,7,1,CBD,CBD,60_CBD_7_11,-5.209102482695016e-9,-5.0872417389769e-11
89,1999,2023,1,24,60,5,1,CBD,CBD,60_CBD_5_24,-4.6065906644798815e-9,-4.1624703683851294e-11
74,2006,2023,1,17,50,3,1,CBD,CBD,50_CBD_3_17,9.499999993946389,-5.1810111756367405e-11
150,2006,2023,1,17,75,4,1,CBD,CBD,75_CBD_4_17,-2.2949109279579716e-9,-2.247668717814122e-11
170,2011,2023,1,12,65,3,1,CBD,CBD,65_CBD_3_12,-2.0228014818712836e-9,-2.0409229861684253e-11
20,1979,2023,1,44,25,1,1,CBD,CBD,25_CBD_1_44,-1.282543848901696e-9,-1.4668044556742643e-11
80,2014,2023,1,9,45,4,1,CBD,CBD,45_CBD_4_9,11.333333329705923,0.6666666666351069
110,2005,2023,1,18,85,15,1,CBD,CBD,85_CBD_15_18,-10.000000003654236,-3.235234302678691e-11
84,2008,2023,1,15,90,10,1,CBD,CBD,90_CBD_10_15,-43.00000000418076,0.4999999999626732
66,1998,2023,1,25,75,14,1,CBD,CBD,75_CBD_14_25,-2.982403657370014e-9,-2.566524770486467e-11
150,2005,2023,1,18,90,15,1,CBD,CBD,90_CBD_15_18,24.999999996083005,-3.413536120433491e-11
74,2006,2023,1,17,65,14,1,CBD,CBD,65_CBD_14_17,-1.079655476132757e-9,-1.3990586467116373e-11
83,2008,2023,1,15,85,11,1,CBD,CBD,85_CBD_11_15,-3.3907383567566285e-9,-3.044497987048089e-11
48,2006,2023,1,17,40,14,1,CBD,CBD,40_CBD_14_17,-6.376609462677152e-9,-3.4969138695828406e-11
89,2005,2023,1,18,80,15,1,CBD,CBD,80_CBD_15_18,1.499999995601513,-4.035483058828504e-11
76,2005,2023,1,18,60,15,1,CBD,CBD,60_CBD_15_18,-5.852569984199363e-9,-5.1466386707943457e-11
87,2008,2023,1,15,85,10,1,CBD,CBD,85_CBD_10_15,-3.5436897860563477e-9,-3.164513096010069e-11
89,2004,2023,1,19,80,12,1,CBD,CBD,80_CBD_12_19,-4.118305696465541e-9,-3.7764902316439475e-11
120,2006,2023,1,17,85,15,1,CBD,CBD,85_CBD_15_17,9.999999996368913,-3.2345459644034236e-11
140,2003,2023,1,20,80,6,1,CBD,CBD,80_CBD_6_20,-3.2733282750996295e-9,-2.8300695120719865e-11
98,2006,2023,1,17,80,14,1,CBD,CBD,80_CBD_14_17,-4.322913582655019e-9,-4.023692490306985e-11
130,2006,2023,1,17,85,14,1,CBD,CBD,85_CBD_14_17,-3.965169526054524e-9,-3.4783731450716004e-11
100,2006,2023,1,17,85,15,1,CBD,CBD,85_CBD_15_17,-10.000000003631087,-3.2345459644034236e-11
69,2005,2023,1,18,65,15,1,CBD,CBD,65_CBD_15_18,-9.628990937926574e-10,-1.2342793453967715e-11
130,2005,2023,1,18,85,15,1,CBD,CBD,85_CBD_15_18,9.999999996345764,-3.235234302678691e-11
78,2005,2023,1,18,70,15,1,CBD,CBD,70_CBD_15_18,-2.9378384169831406e-9,-2.573719015686038e-11
100,2005,2023,1,18,90,15,1,CBD,CBD,90_CBD_15_18,-25.000000003916995,-3.413536120433491e-11
86,2005,2023,1,18,80,15,1,CBD,CBD,80_CBD_15_18,-1.500000004398487,-4.035483058828504e-11
83,2005,2023,1,18,65,13,1,CBD,CBD,65_CBD_13_18,-5.369429345591925e-10,-6.583400491422253e-12
180,2003,2023,1,20,90,6,1,CBD,CBD,90_CBD_6_20,-3.779092594413669e-9,-3.31710214851455e-11
110,2014,2023,1,9,75,11,1,CBD,CBD,75_CBD_11_9,-2.9528308687076787e-9,-2.6532775976306766e-11
110,2006,2023,1,17,75,15,1,CBD,CBD,75_CBD_15_17,-3.39576899932581e-9,-3.0436320130888816e-11
55,2005,2023,1,18,50,15,1,CBD,CBD,50_CBD_15_18,-6.195463697622472e-9,-4.661382391191182e-11
140,2005,2023,1,18,85,7,1,CBD,CBD,85_CBD_7_18,-3.659778258224833e-9,-3.263989079016483e-11
100,2007,2023,1,16,60,6,1,CBD,CBD,60_CBD_6_16,0.999999999776179,-4.416467191958873e-12
19,1980,2023,1,43,30,2,1,CBD,CBD,30_CBD_2_43,-4.000000006512881,0.3333333333070436
85,2000,2023,1,23,60,6,1,CBD,CBD,60_CBD_6_23,-6.122888862591935e-10,-8.375300453167256e-12
98,2007,2023,1,16,60,6,1,CBD,CBD,60_CBD_6_16,-1.000000000223821,-4.416467191958873e-12
110,2006,2023,1,17,70,4,1,CBD,CBD,70_CBD_4_17,-5.00000000375195,-3.338640475192278e-11
30,1983,2023,1,40,35,2,1,CBD,CBD,35_CBD_2_40,-6.394490270622555e-9,0.3333333333045163
120,2006,2023,1,17,70,4,1,CBD,CBD,70_CBD_4_17,4.99999999624805,-3.338640475192278e-11
160,2017,2023,1,6,85,5,1,CBD,CBD,85_CBD_5_6,-3.84321197088866e-9,-3.473177301316355e-11
99,2007,2023,1,16,70,6,1,CBD,CBD,70_CBD_6_16,-2.1385062609624583e-9,-2.092193085445615e-11
140,2017,2023,1,6,75,5,1,CBD,CBD,75_CBD_5_6,15.14285713785577,0.8571428570945923
34,1977,2023,1,46,40,3,1,CBD,CBD,40_CBD_3_46,-5.85062309710338e-9,-5.1378901133602994e-11
92,2006,2023,1,17,55,4,1,CBD,CBD,55_CBD_4_17,-2.7142732506035827e-10,-4.594991054318598e-12
82,2006,2023,1,17,55,6,1,CBD,CBD,55_CBD_6_17,-29.000000000054115,3.489208921791942e-12
37,2014,2023,1,9,35,10,1,CBD,CBD,35_CBD_10_9,-1.2600835930243193e-9,-1.4775514145526358e-11
29,2004,2023,1,19,30,3,1,CBD,CBD,30_CBD_3_19,-7.000000002599137,-2.5230040279211607e-11
100,2015,2023,1,8,70,3,1,CBD,CBD,70_CBD_3_8,-19.250000004239894,-3.916156288141792e-11
44,1978,2023,1,45,50,3,1,CBD,CBD,50_CBD_3_45,-6.029239330018754e-9,-5.079847653632896e-11
120,1999,2023,1,24,80,6,1,CBD,CBD,80_CBD_6_24,4.999999995763659,0.4999999999610256
50,1999,2023,1,24,45,6,1,CBD,CBD,45_CBD_6_24,1.9999999945667497,-5.0258908146361136e-11
55,2006,2023,1,17,50,3,1,CBD,CBD,50_CBD_3_17,-9.500000006053611,-5.1810111756367405e-11
95,2012,2023,1,11,65,8,1,CBD,CBD,65_CBD_8_11,12.49999999521556,-4.4905190677013707e-11
66,2005,2023,1,18,45,3,1,CBD,CBD,45_CBD_3_18,5.499999996616992,0.4999999999707898
120,2009,2023,1,14,50,5,1,CBD,CBD,50_CBD_5_14,39.999999995280746,0.33333333328886927
51,2017,2023,1,6,30,5,1,CBD,CBD,30_CBD_5_6,-1.0616929557727417e-9,-1.4261258840519986e-11
92,1998,2023,1,25,75,8,1,CBD,CBD,75_CBD_8_25,-3.461394726400613e-9,-3.1204150374719575e-11
55,1978,2023,1,45,50,7,1,CBD,CBD,50_CBD_7_45,-5.850253614880785e-9,-5.138178771346702e-11
210,2014,2023,1,9,90,6,1,CBD,CBD,90_CBD_6_9,-3.760277422770741e-9,-3.324629460621509e-11
55,1979,2023,1,44,50,7,1,CBD,CBD,50_CBD_7_44,-1.1036007663278724e-9,-1.2890577494317768e-11
69,1983,2023,1,40,65,5,1,CBD,CBD,65_CBD_5_40,-4.6294559297166415e-9,-4.230460426413174e-11
82,1978,2023,1,45,85,5,1,CBD,CBD,85_CBD_5_45,-3.8055247841839446e-9,-3.3625324746822116e-11
25,2001,2023,1,22,25,4,1,CBD,CBD,25_CBD_4_22,-2.956639377771353e-9,-2.605893278939675e-11
45,1977,2023,1,46,50,5,1,CBD,CBD,50_CBD_5_46,-3.3775293672988482e-9,-2.9784841260038775e-11
41,1979,2023,1,44,40,3,1,CBD,CBD,40_CBD_3_44,9.999999993747235,-4.431366384949342e-11
18,1977,2023,1,46,25,6,1,CBD,CBD,25_CBD_6_46,-6.040494326953194e-9,-5.1548765256370643e-11
44,1978,2023,1,45,45,6,1,CBD,CBD,45_CBD_6_45,-3.2238176572718658e-9,-2.7730040486062535e-11
200,2009,2023,1,14,80,8,1,CBD,CBD,80_CBD_8_14,-2.52060772254481e-9,-2.4651392038776976e-11
250,2016,2023,1,7,85,6,1,CBD,CBD,85_CBD_6_7,-3.729695663423627e-9,-3.229394529569163e-11
49,1978,2023,1,45,40,6,1,CBD,CBD,40_CBD_6_45,4.4778403207601514e-11,1.3967271783599244e-11
28,1976,2023,1,47,30,5,1,CBD,CBD,30_CBD_5_47,-4.407155529406737e-9,-4.011568854878078e-11
71,1973,2023,1,50,55,6,1,CBD,CBD,55_CBD_6_50,7.999999994499483,-4.98017183048205e-11
150,2018,2023,1,5,40,3,1,CBD,CBD,40_CBD_3_5,-2.543401933507994e-9,-2.457434256086799e-11
120,2013,2023,1,10,60,4,1,CBD,CBD,60_CBD_4_10,33.99999999548331,-4.0713876714448816e-11
45,1978,2023,1,45,40,5,1,CBD,CBD,40_CBD_5_45,9.666666660662088,-4.988431889785261e-11
160,2009,2023,1,14,70,8,1,CBD,CBD,70_CBD_8_14,-2.5174244910886046e-9,-2.4992452551941824e-11
210,2015,2023,1,8,85,3,1,CBD,CBD,85_CBD_3_8,-4.1146392959490186e-9,-3.7120084783737184e-11
32,2003,2023,1,20,25,1,1,CBD,CBD,25_CBD_1_20,3.499999993684604,-3.877764775950254e-11
26,1976,2023,1,47,35,5,1,CBD,CBD,35_CBD_5_47,-6.104958316655029e-9,-5.104583422621545e-11
85,1978,2023,1,45,60,5,1,CBD,CBD,60_CBD_5_45,-4.41055192368367e-9,-4.0414560587009873e-11
210,2013,2023,1,10,90,6,1,CBD,CBD,90_CBD_6_10,-3.79395714844577e-9,-3.382849556032852e-11
29,2003,2023,1,20,25,4,1,CBD,CBD,25_CBD_4_20,4.999999994129567,0.33333333328249415
55,1973,2023,1,50,40,9,1,CBD,CBD,40_CBD_9_50,-6.458975576606463e-10,-8.038680832100908e-12
55,1973,2023,1,50,55,6,1,CBD,CBD,55_CBD_6_50,-8.000000005500517,-4.98017183048205e-11
55,1998,2023,1,25,35,4,1,CBD,CBD,35_CBD_4_25,1.390745296703244e-10,1.1286305223734416e-11
32,1978,2023,1,45,30,3,1,CBD,CBD,30_CBD_3_45,-5.898016297578579e-9,-5.2848170284391927e-11
50,1981,2023,1,42,40,1,1,CBD,CBD,40_CBD_1_42,-4.106922801838664e-9,-3.601874354330903e-11
35,1983,2023,1,40,35,2,1,CBD,CBD,35_CBD_2_40,4.99999999360551,0.3333333333045163
99,2000,2023,1,23,55,3,1,CBD,CBD,55_CBD_3_23,21.66666666155608,-4.893818683626705e-11
100,1997,2023,1,26,55,4,1,CBD,CBD,55_CBD_4_26,-4.721059099210834e-9,-4.4583003955267486e-11
110,2016,2023,1,7,70,9,1,CBD,CBD,70_CBD_9_7,-7.557190428997274e-10,-9.623635222055782e-12
82,2006,2023,1,17,75,14,1,CBD,CBD,75_CBD_14_17,-4.00000000398515,-3.584088581476408e-11
99,2005,2023,1,18,85,8,1,CBD,CBD,85_CBD_8_18,-0.5000000033735432,-3.1020519486446574e-11
80,2005,2023,1,18,70,8,1,CBD,CBD,70_CBD_8_18,-2.2064625682105543e-9,-2.130895460084048e-11
80,2005,2023,1,18,65,9,1,CBD,CBD,65_CBD_9_18,8.333333330541095,0.6666666666416696
63,2006,2023,1,17,55,8,1,CBD,CBD,55_CBD_8_17,0.5000000001144542,0.5000000000125517
64,2014,2023,1,9,45,13,1,CBD,CBD,45_CBD_13_9,-5.221465926297242e-9,-5.020117654908063e-11
27,1980,2023,1,43,40,14,1,CBD,CBD,40_CBD_14_43,-4.516202523063839e-9,-4.23796553405964e-11
90,2006,2023,1,17,75,14,1,CBD,CBD,75_CBD_14_17,3.99999999601485,-3.584088581476408e-11
32,1982,2023,1,41,40,11,1,CBD,CBD,40_CBD_11_41,-1.8039401084024576e-9,-1.768740709451322e-11
130,2007,2023,1,16,85,8,1,CBD,CBD,85_CBD_8_16,16.666666663240235,0.333333333302664
130,2015,2023,1,8,80,10,1,CBD,CBD,80_CBD_10_8,-3.308457507955609e-9,-2.8311353261756267e-11
74,2014,2023,1,9,55,10,1,CBD,CBD,55_CBD_10_9,-3.382680802133109e-9,-3.069677845246588e-11
88,2006,2023,1,17,70,12,1,CBD,CBD,70_CBD_12_17,10.49999999700438,0.4999999999733522
100,2015,2023,1,8,65,10,1,CBD,CBD,65_CBD_10_8,-4.791374408341653e-9,-4.523537100453723e-11
120,2007,2023,1,16,90,8,1,CBD,CBD,90_CBD_8_16,18.99999999668411,0.6666666666368242
100,2005,2023,1,18,85,8,1,CBD,CBD,85_CBD_8_18,0.4999999966264568,-3.1020519486446574e-11
45,1981,2023,1,42,75,11,1,CBD,CBD,75_CBD_11_42,-4.769923123149056e-9,-4.535594122501152e-11
120,2015,2023,1,8,70,10,1,CBD,CBD,70_CBD_10_8,-19.250000004935373,-4.78608264131708e-11
55,1983,2023,1,40,55,12,1,CBD,CBD,55_CBD_12_40,-6.051266154827317e-10,-8.920419958258208e-12
18,1977,2023,1,46,25,4,1,CBD,CBD,25_CBD_4_46,-1.150816331119131e-9,-1.3929968289971839e-11
79,2014,2023,1,9,60,13,1,CBD,CBD,60_CBD_13_9,-6.201105406944407e-9,-4.3114178893688404e-11
120,2015,2023,1,8,75,10,1,CBD,CBD,75_CBD_10_8,10.999999995486178,-4.2451819837197036e-11
140,2015,2023,1,8,85,10,1,CBD,CBD,85_CBD_10_8,-3.306070084363455e-9,-3.033284734499375e-11
110,2015,2023,1,8,60,10,1,CBD,CBD,60_CBD_10_8,8.499999995497788,0.49999999995957856
99,2006,2023,1,17,85,12,1,CBD,CBD,85_CBD_12_17,-3.974051310251525e-9,-3.565081563294825e-11
100,2015,2023,1,8,65,10,1,CBD,CBD,65_CBD_10_8,-4.791374408341653e-9,-4.523537100453723e-11
92,2006,2023,1,17,70,8,1,CBD,CBD,70_CBD_8_17,-4.374541617835348e-9,-3.980549223570051e-11
120,2007,2023,1,16,85,8,1,CBD,CBD,85_CBD_8_16,6.666666663240235,0.333333333302664
14,1980,2023,1,43,25,8,1,CBD,CBD,25_CBD_8_43,-1.7888268644128402e-10,-1.2239098623467726e-12
43,1982,2023,1,41,45,9,1,CBD,CBD,45_CBD_9_41,-5.8757407828125e-9,-5.161093774574965e-11
130,2006,2023,1,17,85,8,1,CBD,CBD,85_CBD_8_17,-3.850630037049996e-9,-3.476618992692693e-11
100,2007,2023,1,16,80,8,1,CBD,CBD,80_CBD_8_16,-4.3483225908858e-9,-4.022027155770047e-11
66,1999,2023,1,24,55,3,1,CBD,CBD,55_CBD_3_24,1.4719603314006235e-10,7.932543510946743e-12
31,2008,2023,1,15,30,5,1,CBD,CBD,30_CBD_5_15,1.4999999997632436,1.798672322195216e-11
54,1983,2023,1,40,50,2,1,CBD,CBD,50_CBD_2_40,11.499999999455412,0.5000000000205804
67,2005,2023,1,18,55,2,1,CBD,CBD,55_CBD_2_18,4.999999999882924,2.632560835991171e-12
37,1999,2023,1,24,35,8,1,CBD,CBD,35_CBD_8_24,-1.2231922141836549e-9,-1.4712231433122724e-11
200,2014,2023,1,9,85,6,1,CBD,CBD,85_CBD_6_9,-3.8147334180393955e-9,-3.363087586194524e-11
91,1999,2023,1,24,55,9,1,CBD,CBD,55_CBD_9_24,-3.340403509355383e-9,-2.8711921729041023e-11
99,2004,2023,1,19,70,8,1,CBD,CBD,70_CBD_8_19,-1.7988384115597e-9,-1.798894366800141e-11
180,2014,2023,1,9,85,5,1,CBD,CBD,85_CBD_5_9,-3.6729090879816795e-9,-3.324740482923971e-11
86,2014,2023,1,9,55,12,1,CBD,CBD,55_CBD_12_9,-1.086689849216782e-9,-1.4394041514265155e-11
110,2002,2021,1,19,85,2,0,CBD,CBD,85_CBD_2_19,-3.388166192053177e-9,-3.0062841105404914e-11
90,2003,2021,1,18,80,4,0,CBD,CBD,80_CBD_4_18,-1.5000000033169414,-0.5000000000290714
65,2007,2021,1,14,50,5,0,CBD,CBD,50_CBD_5_14,-15.000000004719254,-0.6666666667111307
80,2007,2021,1,14,60,5,0,CBD,CBD,60_CBD_5_14,-1.947697114701441e-9,-1.9460877354049444e-11
90,2005,2021,1,16,70,5,0,CBD,CBD,70_CBD_5_16,-4.53047732662526e-9,-4.1000314254802106e-11
58,2011,2021,1,10,50,1,0,CBD,CBD,50_CBD_1_10,-5.50000000589894,-0.5000000000526799
27,2003,2021,1,18,25,1,0,CBD,CBD,25_CBD_1_18,2.3333333270698944,-1.7467138846427588e-11
33,1998,2021,1,23,35,4,0,CBD,CBD,35_CBD_4_23,-6.173131339437532e-9,-4.5961678907247006e-11
68,2008,2021,1,13,70,3,0,CBD,CBD,70_CBD_3_13,-1.0851977094716858e-9,-1.3209655591595038e-11
20,1978,2021,1,43,30,4,0,CBD,CBD,30_CBD_4_43,-1.8214620922663016e-9,-1.8028245563073142e-11
74,2012,2021,1,9,60,6,0,CBD,CBD,60_CBD_6_9,1.499999999617387,-6.143086039855916e-12
30,1988,2021,1,33,85,9,0,CBD,CBD,85_CBD_9_33,-3.785089575103484e-9,-3.4267477744265307e-11
47,2012,2021,1,9,40,6,0,CBD,CBD,40_CBD_6_9,1.0187761745328316e-10,9.625189534290257e-12
55,2004,2021,1,17,50,4,0,CBD,CBD,50_CBD_4_17,-8.136638030009635e-10,2.2754242934297508e-11
61,2015,2021,1,6,60,4,0,CBD,CBD,60_CBD_4_6,-4.3680330463757855e-9,-3.977795870468981e-11
59,1995,2021,1,26,60,1,0,CBD,CBD,60_CBD_1_26,-4.12227763035844e-9,-3.601363651739575e-11
48,2013,2021,1,8,45,4,0,CBD,CBD,45_CBD_4_8,-3.5000000059148135,-0.5000000000515141
48,2000,2021,1,21,55,7,0,CBD,CBD,55_CBD_7_21,2.1110224679432577e-11,9.000133971426294e-12
20,1984,2021,1,37,30,2,0,CBD,CBD,30_CBD_2_37,-5.9391425111243734e-09,-5.2203796840899486e-11
42,2005,2021,1,16,40,3,0,CBD,CBD,40_CBD_3_16,0.4999999939227351,-5.158140581329462e-11
14,1981,2021,1,40,25,4,0,CBD,CBD,25_CBD_4_40,0.4999999965420372,4.8730131041452296e-11
110,2008,2021,1,13,85,7,0,CBD,CBD,85_CBD_7_13,-3.455838282206969e-9,-3.148103999706109e-11
13,1981,2021,1,40,25,4,0,CBD,CBD,25_CBD_4_40,-0.5000000034579628,4.8730131041452296e-11
23,1982,2021,1,39,30,5,0,CBD,CBD,30_CBD_5_39,0.3333333301074859,-0.3333333333610966
72,2014,2021,1,7,65,10,0,CBD,CBD,65_CBD_10_7,-5.666666671309031,-4.445777079808977e-11
26,1981,2021,1,40,35,5,0,CBD,CBD,35_CBD_5_40,-3.3549056865922466e-9,-3.069300369418215e-11
28,1978,2021,1,43,30,2,0,CBD,CBD,30_CBD_2_43,4.999999993487119,-0.6666666666929564
41,2008,2021,1,13,40,5,0,CBD,CBD,40_CBD_5_13,-1.2291607731640397e-9,-1.4357848243662374e-11
59,2001,2021,1,20,55,9,0,CBD,CBD,55_CBD_9_20,-1.695283913250023e-10,-3.737898879307977e-12
47,2013,2021,1,8,40,4,0,CBD,CBD,40_CBD_4_8,-5.201101771490357e-10,-6.387557149878376e-12
70,2010,2021,1,11,40,7,0,CBD,CBD,40_CBD_7_11,20.99999999397214,-5.132139158092741e-11
46,1977,2021,1,44,60,5,0,CBD,CBD,60_CBD_5_44,-7.638618626515381e-10,-9.892975327829845e-12
13,1986,2021,1,35,25,4,0,CBD,CBD,25_CBD_4_35,-3.7970835364831146e-9,-3.427591543925246e-11
43,1981,2021,1,40,60,8,0,CBD,CBD,60_CBD_8_40,-4.30502211656858e-9,-4.0173198101456364e-11
33,1979,2021,1,42,55,2,0,CBD,CBD,55_CBD_2_42,-4.4183749992043886e-09,-4.034128586738461e-11
25,1980,2021,1,41,60,3,0,CBD,CBD,60_CBD_3_41,-2.285997169337861e-9,-2.1531665339580286e-11
35,1994,2021,1,27,50,11,0,CBD,CBD,50_CBD_11_27,-5.891351406717149e-9,-5.206901576570999e-11
43,1999,2021,1,22,55,9,0,CBD,CBD,55_CBD_9_22,-2.6278001996615785e-9,-2.5974555839525237e-11
20,2001,2021,1,20,25,4,0,CBD,CBD,25_CBD_4_20,-4.000000005870433,-0.6666666667175059
51,2014,2021,1,7,45,4,0,CBD,CBD,45_CBD_4_7,-1.0193730304308701e-9,-1.2997158904681783e-11
33,2014,2021,1,7,35,4,0,CBD,CBD,35_CBD_4_7,0.4999999943609339,-0.5000000000508711
88,2013,2021,1,8,60,5,0,CBD,CBD,60_CBD_5_8,-1.858069254012662e-10,-9.636735853746359e-14
100,2013,2021,1,8,75,4,0,CBD,CBD,75_CBD_4_8,-1.6666666701902386,-0.33333333336544047
63,2013,2021,1,8,65,4,0,CBD,CBD,65_CBD_4_8,-23.666666670479827,-0.3333333333677726
56,1985,2021,1,36,50,3,0,CBD,CBD,50_CBD_3_36,-5.2718860388267785e-9,-4.980638124152392e-11
39,2015,2021,1,6,35,4,0,CBD,CBD,35_CBD_4_6,-3.20724780067394e-10,1.8594903394841822e-11
120,2015,2021,1,6,75,5,0,CBD,CBD,75_CBD_5_6,-4.857142862144229,-0.14285714290540774
120,2015,2021,1,6,75,5,0,CBD,CBD,75_CBD_5_6,-4.857142862144229,-0.14285714290540774
37,1998,2021,1,23,35,6,0,CBD,CBD,35_CBD_6_23,6.999999999087034,-1.0325962307433656e-11
56,1998,2021,1,23,60,7,0,CBD,CBD,60_CBD_7_23,-1.5000000003797354,-0.5000000000057434
94,2015,2021,1,6,75,5,0,CBD,CBD,75_CBD_5_6,-30.85714286214423,-0.14285714290540774
99,2015,2021,1,6,80,5,0,CBD,CBD,80_CBD_5_6,-0.5000000040646597,-3.596456465970732e-11
40,1976,2021,1,45,55,7,0,CBD,CBD,55_CBD_7_45,-5.9270490737617365e-9,-5.2368775982358784e-11
100,2015,2021,1,6,80,5,0,CBD,CBD,80_CBD_5_6,0.4999999959353403,-3.596456465970732e-11
86,2015,2021,1,6,60,5,0,CBD,CBD,60_CBD_5_6,-4.978929268872889e-9,-4.820299714936027e-11
110,2015,2021,1,6,75,5,0,CBD,CBD,75_CBD_5_6,-14.85714286214423,-0.14285714290540774
55,2015,2021,1,6,40,5,0,CBD,CBD,40_CBD_5_6,-11.50000000639426,-3.276490190273762e-11
50,2003,2021,1,18,60,5,0,CBD,CBD,60_CBD_5_18,-15.666666672477248,-0.6666666667175642
49,1998,2021,1,23,65,8,0,CBD,CBD,65_CBD_8_23,-1.0718963494582567e-9,-1.34789956973691e-11
65,2012,2021,1,9,75,5,0,CBD,CBD,75_CBD_5_9,-3.2211460165854078e-9,-0.500000000027893
70,2001,2021,1,20,90,9,0,CBD,CBD,90_CBD_9_20,-3.700534989548032e-9,-3.2299940500024604e-11
13,1981,2021,1,40,30,8,0,CBD,CBD,30_CBD_8_40,-3.0318680899199535e-9,-2.5622615140719063e-11
62,2003,2021,1,18,60,7,0,CBD,CBD,60_CBD_7_18,-5.5000000003213785,-0.5000000000052132
45,1985,2021,1,36,55,4,0,CBD,CBD,55_CBD_4_36,-1.2366996315904544e-9,-1.3527623465847682e-11
110,2016,2021,1,5,65,10,0,CBD,CBD,65_CBD_10_5,-1.972679797290766e-9,-1.9557466757191833e-11
65,2012,2021,1,9,60,9,0,CBD,CBD,60_CBD_9_9,-4.932914521305065e-9,-4.6640025175292976e-11
72,2016,2021,1,5,60,3,0,CBD,CBD,60_CBD_3_5,-2.0619950191758107e-10,1.0011991236069662e-12
54,2011,2021,1,10,45,3,0,CBD,CBD,45_CBD_3_10,0.33333332943370664,-0.3333333333680686
55,2011,2021,1,10,45,3,0,CBD,CBD,45_CBD_3_10,1.3333333294337066,-0.3333333333680686
24,1978,2021,1,43,30,8,0,CBD,CBD,30_CBD_8_43,-8.143175023178628e-10,-9.492850949754938e-12
16,1980,2021,1,41,30,4,0,CBD,CBD,30_CBD_4_41,-4.333333334153458,-9.5732310967378e-12
42,2003,2021,1,18,45,4,0,CBD,CBD,45_CBD_4_18,-6.3473208911091206e-9,-2.0296653246987262e-11
13,1981,2021,1,40,25,1,0,CBD,CBD,25_CBD_1_40,-4.942769749050058e-9,-4.6659343055921454e-11
30,1989,2021,1,32,50,2,0,CBD,CBD,50_CBD_2_32,-2.3742821042560536e-9,-2.241939967007056e-11
26,1982,2021,1,39,35,5,0,CBD,CBD,35_CBD_5_39,-1.995104526031355e-9,-1.9228840741902786e-11
28,1998,2021,1,23,30,4,0,CBD,CBD,30_CBD_4_23,-6.269271324299552e-9,-3.9855008182598795e-11
68,2002,2021,1,19,70,6,0,CBD,CBD,70_CBD_6_19,-10.000000004521326,-0.5000000000413019
14,1992,2021,1,29,25,4,0,CBD,CBD,25_CBD_4_29,-1.8382593225396704e-9,-1.8028245563073142e-11
87,2014,2021,1,7,65,7,0,CBD,CBD,65_CBD_7_7,-4.527748842519941e-9,-4.188005497951508e-11
80,2014,2021,1,7,65,8,0,CBD,CBD,65_CBD_8_7,-5.475186526382458e-9,-5.097144928356556e-11
88,2016,2021,1,5,75,4,0,CBD,CBD,75_CBD_4_5,-6.000000002304986,-0.5000000000222313
16,1984,2021,1,37,30,4,0,CBD,CBD,30_CBD_4_37,-5.959240212405348e-9,-5.250155865610395e-11
13,1987,2021,1,34,25,7,0,CBD,CBD,25_CBD_7_34,-3.3837892488008947e-9,-3.0219160507272136e-11
62,1988,2021,1,33,70,6,0,CBD,CBD,70_CBD_6_33,-3.34124194978358e-9,-3.117750502212857e-11
34,2011,2021,1,10,25,1,0,CBD,CBD,25_CBD_1_10,-1.6711652506273822e-8,-9.890754881780595e-12
39,2008,2021,1,13,35,5,0,CBD,CBD,35_CBD_5_13,-1.5000000063335364,-0.5000000000343989
54,2007,2021,1,14,45,2,0,CBD,CBD,45_CBD_2_14,-6.580052058779984e-10,-7.689404668553834e-12
57,1999,2021,1,22,60,3,0,CBD,CBD,60_CBD_3_22,-1.666666668635898,-0.6666666666860275
37,1978,2021,1,43,55,3,0,CBD,CBD,55_CBD_3_43,-1.5000000010163461,-1.2573941887694673e-11
72,2015,2021,1,6,60,10,0,CBD,CBD,60_CBD_10_6,-3.221927613594744e-9,-2.779776409056467e-11
86,2015,2021,1,6,70,10,0,CBD,CBD,70_CBD_10_6,-22.000000005134737,-5.014832993310847e-11
42,2008,2021,1,13,45,8,0,CBD,CBD,45_CBD_8_13,-4.676280696003232e-9,-4.392153307719582e-11
63,2002,2021,1,19,70,5,0,CBD,CBD,70_CBD_5_19,-7.0000000039766235,-0.33333333336809634
18,1977,2021,1,44,40,8,0,CBD,CBD,40_CBD_8_44,-6.250903794580154e-9,-4.551381493911322e-11
34,2004,2021,1,17,45,6,0,CBD,CBD,45_CBD_6_17,3.057465391975711e-11,5.043743200872086e-12
37,2003,2021,1,18,35,3,0,CBD,CBD,35_CBD_3_18,-3.0000000054315734,-5.055644791696068e-11
37,2004,2021,1,17,40,6,0,CBD,CBD,40_CBD_6_17,-3.21003312819812e-9,-2.770472740110108e-11
24,1972,2021,1,49,35,5,0,CBD,CBD,35_CBD_5_49,-1.4235723710953607e-10,-2.013278432855259e-12
33,1979,2021,1,42,55,5,0,CBD,CBD,55_CBD_5_42,-4.50000000235908,-0.5000000000220726
65,2012,2021,1,9,60,3,0,CBD,CBD,60_CBD_3_9,-8.000000003137927,-0.3333333333607271
27,1984,2021,1,37,40,1,0,CBD,CBD,40_CBD_1_37,-1.730029453028692e-9,-1.6972867555864468e-11
34,1977,2021,1,44,50,5,0,CBD,CBD,50_CBD_5_44,-2.3086954570317175e-10,-1.241229341530925e-12
19,1974,2021,1,47,35,4,0,CBD,CBD,35_CBD_4_47,-1.3017569244766491e-9,-1.482325373558524e-11
98,2014,2021,1,7,80,6,0,CBD,CBD,80_CBD_6_7,-3.10627967792243e-9,-2.651834307698664e-11
43,1984,2021,1,37,55,1,0,CBD,CBD,55_CBD_1_37,-9.621885510568973e-10,-1.1661782650662644e-11
70,2014,2021,1,7,65,10,0,CBD,CBD,65_CBD_10_7,-7.666666671309031,-4.445777079808977e-11
63,2001,2021,1,20,70,6,0,CBD,CBD,70_CBD_6_20,-4.08818578989667e-9,-3.741429388526285e-11
25,1981,2021,1,40,35,2,0,CBD,CBD,35_CBD_2_40,-5.00000000639449,-0.6666666666954837
65,2004,2021,1,17,60,3,0,CBD,CBD,60_CBD_3_17,0.4999999959039769,-0.5000000000362179
66,1981,2021,1,40,65,6,0,CBD,CBD,65_CBD_6_40,-5.19392528985918e-10,-7.204903340607416e-12
90,2016,2021,1,5,65,7,0,CBD,CBD,65_CBD_7_5,-3.6442600048758322e-9,-3.2065683441828696e-11
57,2009,2021,1,12,50,6,0,CBD,CBD,50_CBD_6_12,4.999999994136417,-5.199707331371428e-11
84,1997,2021,1,24,85,6,0,CBD,CBD,85_CBD_6_24,-3.628912281783414e-9,-3.20727888691863e-11
70,2012,2021,1,9,60,6,0,CBD,CBD,60_CBD_6_9,-2.500000000382613,-6.143086039855916e-12
60,2015,2021,1,6,55,3,0,CBD,CBD,55_CBD_3_6,-3.008921112268581e-9,-2.667421838964401e-11
95,2007,2021,1,14,80,4,0,CBD,CBD,80_CBD_4_14,-3.3755327422113623e-9,-2.9636959553158704e-11
19,1978,2021,1,43,45,4,0,CBD,CBD,45_CBD_4_43,-9.00000000066817,-9.367617792577221e-12
51,1998,2021,1,23,55,5,0,CBD,CBD,55_CBD_5_23,-3.0000000063384675,-3.320677066653843e-11
35,1980,2023,1,43,35,5,1,CBD,CBD,35_CBD_5_43,-1.5574812550767092e-9,-1.625055645604334e-11
94,2012,2023,1,11,65,4,1,CBD,CBD,65_CBD_4_11,-1.990542841667775e-9,-1.9960477715130764e-11
110,2003,2023,1,20,75,8,1,CBD,CBD,75_CBD_8_20,-45.000000003298226,-2.8526292439323697e-11
23,2003,2023,1,20,25,4,1,CBD,CBD,25_CBD_4_20,-1.000000005870433,0.33333333328249415
36,1977,2023,1,46,50,7,1,CBD,CBD,50_CBD_7_46,-2.506624241505051e-9,-2.4136026510745978e-11
110,2012,2023,1,11,65,2,1,CBD,CBD,65_CBD_2_11,-2.2669865984425996e-9,-2.2198465288170155e-11
65,2012,2023,1,11,50,2,1,CBD,CBD,50_CBD_2_11,-31.333333337072048,-3.314926111386285e-11
100,2007,2023,1,16,65,5,1,CBD,CBD,65_CBD_5_16,-4.181913482170785e-9,-3.7909675398850595e-11
90,2007,2023,1,16,60,5,1,CBD,CBD,60_CBD_5_16,-2.546300947869895e-9,-2.4565238732066064e-11
49,2008,2023,1,15,45,3,1,CBD,CBD,45_CBD_3_15,-3.112461399723543e-10,-5.224931598490912e-12
78,2001,2023,1,22,80,8,1,CBD,CBD,80_CBD_8_22,-3.542865556482866e-9,-3.161848560750968e-11
17,1988,2023,1,35,25,9,1,CBD,CBD,25_CBD_9_35,-1.7974173260881798e-9,-1.7673640329007867e-11
60,1996,2023,1,27,65,10,1,CBD,CBD,65_CBD_10_27,-8.070699664131098e-10,-9.376277532169297e-12
41,2004,2023,1,19,40,9,1,CBD,CBD,40_CBD_9_19,-3.3933957865883713e-9,-2.923128405996067e-11
50,2015,2023,1,8,40,6,1,CBD,CBD,40_CBD_6_8,-1.4889351973579323e-9,3.387823355183173e-11
33,1978,2023,1,45,45,9,1,CBD,CBD,45_CBD_9_45,-1.8923174138762988e-10,2.1747048606357566e-12
69,2015,2023,1,8,65,12,1,CBD,CBD,65_CBD_12_8,-3.500000004100201,0.4999999999640128
100,2012,2023,1,11,65,6,1,CBD,CBD,65_CBD_6_11,-4.777163553626451e-9,-4.531086617021174e-11
52,2013,2023,1,10,45,3,1,CBD,CBD,45_CBD_3_10,-1.6666666705662934,0.6666666666319314
94,2012,2023,1,11,60,6,1,CBD,CBD,60_CBD_6_11,-1.1049365866711014e-9,-1.3502088336281304e-11
78,2004,2023,1,19,80,5,1,CBD,CBD,80_CBD_5_19,-3.114863034170412e-9,-2.680744515259903e-11
20,1978,2023,1,45,30,4,1,CBD,CBD,30_CBD_4_45,7.610267971358553e-11,1.0650813564438977e-11
26,1978,2023,1,45,35,8,1,CBD,CBD,35_CBD_8_45,-1.4615579857490957e-9,-1.653033265824888e-11
120,2005,2023,1,18,75,1,1,CBD,CBD,75_CBD_1_18,-15.000000002829324,-2.5720536811491e-11
49,2004,2023,1,19,40,4,1,CBD,CBD,40_CBD_4_19,5.4999999999051425,3.4841018958786663e-12
77,2004,2023,1,19,55,5,1,CBD,CBD,55_CBD_5_19,8.499999999040554,0.49999999998750644
89,2015,2023,1,8,60,6,1,CBD,CBD,60_CBD_6_8,1.2499999969751627,0.749999999973959
90,2013,2023,1,10,75,10,1,CBD,CBD,75_CBD_10_10,-3.764554890040017e-9,-3.318811891972473e-11
20,2002,2023,1,21,25,3,1,CBD,CBD,25_CBD_3_21,-6.168882293877687e-9,-3.991740271658273e-11
68,2001,2023,1,22,60,10,1,CBD,CBD,60_CBD_10_22,-3.0000000059001337,-5.1167958758924215e-11
59,1994,2023,1,29,60,12,1,CBD,CBD,60_CBD_12_29,1.5806023156983429e-10,1.2846834707147536e-11
19,1980,2023,1,43,25,3,1,CBD,CBD,25_CBD_3_43,-0.5000000062840328,-2.0711210524382295e-11
79,2000,2023,1,23,75,7,1,CBD,CBD,75_CBD_7_23,-4.518398100117338e-9,-4.0669245748858884e-11
45,2008,2023,1,15,40,6,1,CBD,CBD,40_CBD_6_15,-2.2500000021791493,-2.1044943565584617e-11
38,2006,2023,1,17,25,4,1,CBD,CBD,25_CBD_4_17,1.5796786101418547e-10,1.0554224161296588e-11
14,1980,2023,1,43,25,11,1,CBD,CBD,25_CBD_11_43,5.6498805633964366e-11,4.7839510131097995e-12
30,1977,2023,1,46,55,12,1,CBD,CBD,55_CBD_12_46,-6.075097758184711e-9,-5.021449922537613e-11
80,2008,2023,1,15,55,6,1,CBD,CBD,55_CBD_6_15,-6.0941260926483665e-9,-5.0962789543973486e-11
80,2013,2023,1,10,60,4,1,CBD,CBD,60_CBD_4_10,-6.000000004516693,-4.0713876714448816e-11
47,1983,2023,1,40,50,12,1,CBD,CBD,50_CBD_12_40,-6.346567715809215e-10,-9.151124302775315e-12
49,2008,2023,1,15,40,6,1,CBD,CBD,40_CBD_6_15,1.7499999978208507,-2.1044943565584617e-11
140,2005,2023,1,18,80,2,1,CBD,CBD,80_CBD_2_18,-3.507125256874133e-9,-3.028644002256442e-11
41,2001,2023,1,22,45,3,1,CBD,CBD,45_CBD_3_22,-2.1868657995582907e-9,-2.1000756689204536e-11
38,1981,2023,1,42,55,6,1,CBD,CBD,55_CBD_6_42,-6.064212243472866e-9,-5.119060730862657e-11
92,2005,2023,1,18,65,3,1,CBD,CBD,65_CBD_3_18,-1.4757404187548673e-9,-1.659872239656579e-11
120,2006,2023,1,17,75,7,1,CBD,CBD,75_CBD_7_17,-3.33140803832066e-9,-2.916822339216196e-11
50,2001,2023,1,22,40,5,1,CBD,CBD,40_CBD_5_22,6.499999995761804,0.4999999999616267
47,2008,2023,1,15,40,6,1,CBD,CBD,40_CBD_6_15,-0.2500000021791493,-2.1044943565584617e-11
32,1977,2023,1,46,25,9,1,CBD,CBD,25_CBD_9_46,-2.042455093942408e-10,-3.914424340223377e-12
63,2008,2023,1,15,55,7,1,CBD,CBD,55_CBD_7_15,-5.1268926881675725e-9,-5.0059290046533533e-11
48,2008,2023,1,15,40,6,1,CBD,CBD,40_CBD_6_15,0.7499999978208507,-2.1044943565584617e-11
30,1978,2023,1,45,40,5,1,CBD,CBD,40_CBD_5_45,-5.333333339337912,-4.988431889785261e-11
55,1985,2023,1,38,55,6,1,CBD,CBD,55_CBD_6_38,-5.8447398032512865e-9,-5.243383505160182e-11
160,2017,2023,1,6,90,7,1,CBD,CBD,90_CBD_7_6,-3.4228264667035546e-9,-3.010236504508157e-11
30,1985,2023,1,38,45,6,1,CBD,CBD,45_CBD_6_38,-4.689127308665775e-9,-4.382094687116478e-11
59,2001,2023,1,22,60,3,1,CBD,CBD,60_CBD_3_22,0.33333333136410204,0.3333333333139725
34,2015,2023,1,8,30,7,1,CBD,CBD,30_CBD_7_8,-2.150784439436393e-9,-2.079136862676023e-11
100,2017,2023,1,6,65,7,1,CBD,CBD,65_CBD_7_6,-1.7542731711728266e-9,-1.7197798740653525e-11
25,2003,2023,1,20,25,1,1,CBD,CBD,25_CBD_1_20,-3.500000006315396,-3.877764775950254e-11
54,1983,2023,1,40,70,8,1,CBD,CBD,70_CBD_8_40,-1.2568364127218956e-9,-1.4652279389792966e-11
28,2008,2023,1,15,30,5,1,CBD,CBD,30_CBD_5_15,-1.5000000002367564,1.798672322195216e-11
65,1999,2023,1,24,65,11,1,CBD,CBD,65_CBD_11_24,-4.1130192585114855e-9,-3.761946310021358e-11
44,2017,2023,1,6,35,5,1,CBD,CBD,35_CBD_5_6,-6.875382041471312e-9,-1.482636236005419e-11
44,2017,2023,1,6,35,6,1,CBD,CBD,35_CBD_6_6,-6.276714259456639e-9,-4.282707521952034e-11
70,2015,2023,1,8,65,9,1,CBD,CBD,65_CBD_9_8,-3.5789184948953334e-9,-3.214095656289828e-11
20,1980,2023,1,43,40,12,1,CBD,CBD,40_CBD_12_43,-6.129859286829742e-9,-5.0645931892745466e-11
13,1981,2023,1,42,30,6,1,CBD,CBD,30_CBD_6_42,-2.1519497295230394e-10,1.0014211682118912e-13
19,1994,2023,1,29,25,9,1,CBD,CBD,25_CBD_9_29,-1.0236718139822187e-9,-1.3310685886835927e-11
67,2002,2023,1,21,65,4,1,CBD,CBD,65_CBD_4_21,-1.1277450084890006e-9,-1.4352519173144174e-11
48,1995,2023,1,28,45,6,1,CBD,CBD,45_CBD_6_28,-9.91683180018299e-10,-1.1695311386006324e-11
61,2002,2023,1,21,60,3,1,CBD,CBD,60_CBD_3_21,4.333333331314542,0.6666666666469645
75,2013,2023,1,10,55,4,1,CBD,CBD,55_CBD_4_10,-4.508109441303532e-9,-4.2011727430235624e-11
48,2015,2023,1,8,35,1,1,CBD,CBD,35_CBD_1_8,-6.6472125581640285e-9,-1.4763523736860407e-11
27,1983,2023,1,40,40,5,1,CBD,CBD,40_CBD_5_40,-9.000000002192706,-2.1261215010781598e-11
45,2012,2023,1,11,35,5,1,CBD,CBD,35_CBD_5_11,-1.382289838147699e-9,-1.5298873279334657e-11
69,2013,2023,1,10,50,1,1,CBD,CBD,50_CBD_1_10,5.49999999410106,0.49999999994732014
100,2018,2023,1,5,60,5,1,CBD,CBD,60_CBD_5_5,4.333333330055154,-2.8472335600326915e-11
29,1982,2023,1,41,40,5,1,CBD,CBD,40_CBD_5_41,-3.404494464120944e-9,-3.024713812749269e-11
42,1998,2023,1,25,40,1,1,CBD,CBD,40_CBD_1_25,-6.1275144958017336e-9,-5.011258075171554e-11
53,2010,2023,1,13,50,4,1,CBD,CBD,50_CBD_4_13,-6.240995276129979e-9,-4.04272171294906e-11
78,2003,2023,1,20,60,5,1,CBD,CBD,60_CBD_5_20,-6.079943659642595e-9,-5.165112781924108e-11
50,1980,2023,1,43,60,11,1,CBD,CBD,60_CBD_11_43,-1.9663133343783556e-9,-1.911959479627967e-11
19,1983,2023,1,40,25,8,1,CBD,CBD,25_CBD_8_40,-2.5024853300692484e-9,-2.41184849869569e-11
35,1979,2023,1,44,55,11,1,CBD,CBD,55_CBD_11_44,-5.793765467387857e-9,-5.05095965053215e-11
110,2015,2023,1,8,60,7,1,CBD,CBD,60_CBD_7_8,13.499999995175969,-4.61017890529547e-11
130,2015,2023,1,8,75,7,1,CBD,CBD,75_CBD_7_8,-4.001833531219745e-9,-3.568856321578551e-11
140,2015,2023,1,8,80,7,1,CBD,CBD,80_CBD_7_8,-4.30330260314804e-9,-3.942357551522946e-11
61,2012,2023,1,11,40,6,1,CBD,CBD,40_CBD_6_11,-6.051863010725356e-9,-5.128253377506553e-11
130,2015,2023,1,8,75,7,1,CBD,CBD,75_CBD_7_8,-4.001833531219745e-9,-3.568856321578551e-11
110,2015,2023,1,8,65,7,1,CBD,CBD,65_CBD_7_8,-2.194823878198804e-9,-2.1557644558356515e-11
37,2014,2023,1,9,30,6,1,CBD,CBD,30_CBD_6_9,-1.2748913036375598e-9,-1.5127898933542383e-11
200,2015,2023,1,8,85,6,1,CBD,CBD,85_CBD_6_8,-3.3379023989255074e-9,-3.004729798306016e-11
38,1980,2023,1,43,50,5,1,CBD,CBD,50_CBD_5_43,0.9999999937753756,-4.044253820723043e-11
21,1984,2023,1,39,30,6,1,CBD,CBD,30_CBD_6_39,-6.05744787662843e-9,-5.127276381244883e-11
58,2013,2023,1,10,60,4,1,CBD,CBD,60_CBD_4_10,-28.000000004516693,-4.0713876714448816e-11
84,2001,2023,1,22,90,9,1,CBD,CBD,90_CBD_9_22,-3.903210199496243e-9,-3.524247560449112e-11
71,2012,2023,1,11,75,5,1,CBD,CBD,75_CBD_5_11,-3.790631808442413e-9,-3.432676365378029e-11
34,1973,2023,1,50,50,3,1,CBD,CBD,50_CBD_3_50,-6.0869140838804014e-9,-5.041322914678403e-11
30,1994,2023,1,29,55,8,1,CBD,CBD,55_CBD_8_29,-2.5000000058392757,-5.177858142246805e-11
35,1994,2023,1,29,55,8,1,CBD,CBD,55_CBD_8_29,2.4999999941607243,-5.177858142246805e-11
40,2006,2023,1,17,45,5,1,CBD,CBD,45_CBD_5_17,-6.29786001127286e-9,-3.537570236744614e-11
26,2005,2023,1,18,35,8,1,CBD,CBD,35_CBD_8_18,-5.833175720226791e-9,-5.0753623526134106e-11
22,1990,2023,1,33,40,10,1,CBD,CBD,40_CBD_10_33,-6.36521235719556e-9,-2.7720270523445834e-11
30,2008,2023,1,15,40,3,1,CBD,CBD,40_CBD_3_15,-4.7103405620418926e-9,-4.456190971779961e-11
42,2014,2023,1,9,55,6,1,CBD,CBD,55_CBD_6_9,-20.00000000590923,-5.1747051088568696e-11
54,1998,2023,1,25,45,6,1,CBD,CBD,45_CBD_6_25,-6.368168214976322e-9,-3.469713405479524e-11
200,2016,2023,1,7,90,10,1,CBD,CBD,90_CBD_10_7,-3.551463123585563e-9,-3.2165825558649885e-11
39,2003,2023,1,20,35,1,1,CBD,CBD,35_CBD_1_20,-4.098993144907581e-9,-3.675171278416656e-11
69,1983,2023,1,40,70,4,1,CBD,CBD,70_CBD_4_40,-3.6627056942961644e-9,-3.204037035686724e-11
100,2015,2023,1,8,70,4,1,CBD,CBD,70_CBD_4_8,-2.5206361442542402e-9,-2.371813856427707e-11
120,2015,2023,1,8,70,3,1,CBD,CBD,70_CBD_3_8,0.7499999957601062,-3.916156288141792e-11
84,1998,2023,1,25,70,7,1,CBD,CBD,70_CBD_7_25,6.999999996677772,-2.97788460557058e-11
46,2013,2023,1,10,35,4,1,CBD,CBD,35_CBD_4_10,5.499999999901675,0.500000000003846
25,1978,2023,1,45,30,9,1,CBD,CBD,30_CBD_9_45,2.99999999381933,0.4999999999594451
42,1980,2023,1,43,50,4,1,CBD,CBD,50_CBD_4_43,-5.232507760410954e-9,-5.031641769903672e-11
52,1980,2023,1,43,65,3,1,CBD,CBD,65_CBD_3_43,-3.4308413887629285e-9,-3.1059377292308454e-11
79,2001,2023,1,22,70,2,1,CBD,CBD,70_CBD_2_22,-3.302545792394085e-9,-2.8365088056148124e-11
17,1980,2023,1,43,25,2,1,CBD,CBD,25_CBD_2_43,-6.157357290703658e-9,-4.280997778494111e-11
20,1989,2023,1,34,25,2,1,CBD,CBD,25_CBD_2_34,-6.057000234704901e-9,-5.05211428247776e-11
75,2004,2023,1,19,60,1,1,CBD,CBD,60_CBD_1_19,-5.226056032370252e-9,-5.01698682597862e-11
44,2002,2023,1,21,40,4,1,CBD,CBD,40_CBD_4_21,-7.438600846398913e-10,-9.642286968869485e-12
65,1979,2023,1,44,60,6,1,CBD,CBD,60_CBD_6_44,-2.5751063503776095e-9,-2.4703572520934358e-11
68,1997,2023,1,26,75,6,1,CBD,CBD,75_CBD_6_26,-11.000000004266639,-3.9294123510558165e-11
68,2011,2023,1,12,60,5,1,CBD,CBD,60_CBD_5_12,-5.589328111454961e-9,-5.093170329928398e-11
120,1997,2023,1,26,75,5,1,CBD,CBD,75_CBD_5_26,-3.340190346534655e-9,-3.004507753701091e-11
77,1988,2023,1,35,85,7,1,CBD,CBD,85_CBD_7_35,-0.5000000042526267,-3.934541581429585e-11
41,2004,2023,1,19,40,6,1,CBD,CBD,40_CBD_6_19,-1.637530999687442e-9,-1.705369179205718e-11
38,1980,2023,1,43,55,4,1,CBD,CBD,55_CBD_4_43,-6.294413879004424e-10,-9.237055564881302e-12
59,1988,2023,1,35,70,6,1,CBD,CBD,70_CBD_6_35,-1.0726850518949504e-9,-1.3356427075450483e-11
78,1988,2023,1,35,85,7,1,CBD,CBD,85_CBD_7_35,0.4999999957473733,-3.934541581429585e-11
120,2004,2023,1,19,65,2,1,CBD,CBD,65_CBD_2_19,30.333333328508786,0.6666666666210883
38,1998,2023,1,25,40,3,1,CBD,CBD,40_CBD_3_25,-7.0000000032120155,-2.7687185877312004e-11
45,2007,2023,1,16,35,2,1,CBD,CBD,35_CBD_2_16,-4.499419503645186e-9,-4.097433503602588e-11
42,1999,2023,1,24,40,3,1,CBD,CBD,40_CBD_3_24,-5.944649217326514e-9,-5.2653437165872674e-11
83,1997,2023,1,26,55,6,1,CBD,CBD,55_CBD_6_26,-5.84958570470917e-9,-5.202038799723141e-11
63,1995,2023,1,28,60,7,1,CBD,CBD,60_CBD_7_28,-4.2455852167222474e-9,-3.867550724123703e-11
120,2017,2023,1,6,75,4,1,CBD,CBD,75_CBD_4_6,-5.000000004511747,-4.287259436352997e-11
33,2018,2023,1,5,30,4,1,CBD,CBD,30_CBD_4_5,-1.7775292349142546e-9,-1.741295996282588e-11
24,2011,2023,1,12,25,5,1,CBD,CBD,25_CBD_5_12,-0.5000000049492819,0.49999999995265165
130,2017,2023,1,6,75,2,1,CBD,CBD,75_CBD_2_6,-35.000000003549616,-3.1608493600288057e-11
70,2008,2023,1,15,55,2,1,CBD,CBD,55_CBD_2_15,-2.7065993890573736e-9,-2.556732603409273e-11
33,2006,2023,1,17,35,4,1,CBD,CBD,35_CBD_4_17,-6.4699321455918835e-9,-3.0402791395545137e-11
23,2008,2023,1,15,25,2,1,CBD,CBD,25_CBD_2_15,-2.00000000679546,0.49999999998505684
44,1983,2023,1,40,60,4,1,CBD,CBD,60_CBD_4_40,-1.500000001193662,0.49999999998532596
37,2004,2023,1,19,40,5,1,CBD,CBD,40_CBD_5_19,-3.988674279753468e-9,-3.485012278758859e-11
27,2016,2023,1,7,25,7,1,CBD,CBD,25_CBD_7_7,9.669065548223443e-11,1.1048717496464633e-11
26,2007,2023,1,16,25,6,1,CBD,CBD,25_CBD_6_16,-2.367414708714932e-9,-2.2717161485275028e-11
44,2017,2023,1,6,40,6,1,CBD,CBD,40_CBD_6_6,-7.000000005500475,-4.983791157542328e-11
26,2013,2023,1,10,30,7,1,CBD,CBD,30_CBD_7_10,-1.1498997309900005e-9,-1.4332979247910771e-11
79,2011,2023,1,12,55,5,1,CBD,CBD,55_CBD_5_12,-3.814534466073383e-9,-3.329048148259517e-11
140,2004,2023,1,19,80,3,1,CBD,CBD,80_CBD_3_19,-3.25508153764531e-9,-2.794164899455609e-11
37,2003,2023,1,20,35,3,1,CBD,CBD,35_CBD_3_20,-3.3801939025579486e-10,-5.278444348277844e-12
78,2015,2023,1,8,55,7,1,CBD,CBD,55_CBD_7_8,9.249999996650274,0.49999999997126543
83,2015,2023,1,8,60,7,1,CBD,CBD,60_CBD_7_8,-13.500000004824031,-4.61017890529547e-11
77,2015,2023,1,8,55,7,1,CBD,CBD,55_CBD_7_8,8.249999996650274,0.49999999997126543
77,2009,2023,1,14,60,2,1,CBD,CBD,60_CBD_2_14,-1.1947349776164629e-9,-1.3988366021067122e-11
17,1978,2023,1,45,45,4,1,CBD,CBD,45_CBD_4_45,-6.500000006436931,-2.9100277743054903e-11
120,2018,2023,1,5,75,3,1,CBD,CBD,75_CBD_3_5,-3.0985631838120753e-9,-2.6642243966534807e-11
120,2018,2023,1,5,75,3,1,CBD,CBD,75_CBD_3_5,-3.0985631838120753e-9,-2.6642243966534807e-11
53,1977,2023,1,46,70,2,1,CBD,CBD,70_CBD_2_46,-1.8854677819035714e-9,-1.864375320792533e-11
40,1977,2023,1,46,55,4,1,CBD,CBD,55_CBD_4_46,-2.3270345650416857e-9,-2.2244872610599487e-11
55,2009,2023,1,14,50,5,1,CBD,CBD,50_CBD_5_14,-25.000000004719254,0.33333333328886927
57,2011,2023,1,12,35,1,1,CBD,CBD,35_CBD_1_12,-6.391658757820551e-9,-3.171596318907177e-11
85,2003,2023,1,20,80,3,1,CBD,CBD,80_CBD_3_20,-4.20476453655283e-9,-3.810329829434522e-11
50,1979,2023,1,44,75,3,1,CBD,CBD,75_CBD_3_44,-7.500000005281301,0.4999999999497422
15,1979,2023,1,44,35,2,1,CBD,CBD,35_CBD_2_44,-1.9872459233738482e-10,2.150279954094003e-12
110,2011,2023,1,12,70,4,1,CBD,CBD,70_CBD_4_12,-1.7084289538615849e-9,-1.6966206217716717e-11
80,2000,2023,1,23,60,2,1,CBD,CBD,60_CBD_2_23,2.4999999956830408,0.4999999999596767
80,2015,2023,1,8,70,8,1,CBD,CBD,70_CBD_8_8,-2.027050527431129e-9,-1.9845458609779598e-11
43,2017,2023,1,6,30,7,1,CBD,CBD,30_CBD_7_6,-3.3285516565229045e-9,-3.0222269131741086e-11
39,2010,2023,1,13,35,13,1,CBD,CBD,35_CBD_13_13,-4.684622467721056e-9,-4.509059792212611e-11
19,1974,2023,1,49,40,7,1,CBD,CBD,40_CBD_7_49,-3.5244909213361097e-09,-3.165800954718634e-11
35,1991,2023,1,32,60,10,1,CBD,CBD,60_CBD_10_32,-4.130427555537608e-9,-3.7621905590867755e-11
48,2014,2023,1,9,40,7,1,CBD,CBD,40_CBD_7_9,-4.328683189669391e-9,-4.007461029686965e-11
99,2003,2023,1,20,75,5,1,CBD,CBD,75_CBD_5_20,-3.3392382192687364e-9,-2.883315808333009e-11
95,2004,2023,1,19,70,4,1,CBD,CBD,70_CBD_4_19,13.99999999569792,-3.9479530755670567e-11
21,2004,2023,1,19,25,1,1,CBD,CBD,25_CBD_1_19,-2.7060877982876264e-9,-2.5186297492041376e-11
20,2004,2023,1,19,25,5,1,CBD,CBD,25_CBD_5_19,-2.8543922780954745e-10,-4.621636406909602e-12
48,2004,2023,1,19,40,3,1,CBD,CBD,40_CBD_3_19,1.4999999938476236,-4.6428638711404346e-11
110,2012,2023,1,11,75,6,1,CBD,CBD,75_CBD_6_11,-3.754990984816686e-9,-3.259637004759952e-11
46,1978,2023,1,45,55,6,1,CBD,CBD,55_CBD_6_45,-6.0693707837344846e-9,-5.116995716036854e-11
90,1997,2023,1,26,75,6,1,CBD,CBD,75_CBD_6_26,10.999999995733361,-3.9294123510558165e-11
72,1997,2023,1,26,65,6,1,CBD,CBD,65_CBD_6_26,-4.407269216244458e-9,-4.123656971444234e-11
54,2012,2023,1,11,45,6,1,CBD,CBD,45_CBD_6_11,-5.300300642829825e-9,-5.053668594712235e-11
70,2000,2023,1,23,45,8,1,CBD,CBD,45_CBD_8_23,-4.780787321578828e-9,-4.510170015237236e-11
40,1983,2023,1,40,45,3,1,CBD,CBD,45_CBD_3_40,-2.1061410393485858e-9,-2.0013990464917697e-11
39,2011,2023,1,12,35,5,1,CBD,CBD,35_CBD_5_12,2.499999993906215,0.49999999995084776
48,1992,2023,1,31,50,3,1,CBD,CBD,50_CBD_3_31,-1.6865087104633858e-9,-1.695577012128524e-11
34,1999,2023,1,24,35,6,1,CBD,CBD,35_CBD_6_24,-2.307636748355435e-9,-2.2078339156905713e-11
59,1986,2023,1,37,60,2,1,CBD,CBD,60_CBD_2_37,-5.0106052640330745e-9,-4.840061684774355e-11
72,2011,2021,1,10,65,9,0,CBD,CBD,65_CBD_9_10,-2.555026412665029e-9,-2.5178747975473925e-11
25,1976,2021,1,45,35,9,0,CBD,CBD,35_CBD_9_45,-2.0610002593457466e-10,-3.7199132663090495e-12
72,1973,2021,1,48,85,7,0,CBD,CBD,85_CBD_7_48,-4.000000003419743,-3.125788516911143e-11
100,2003,2021,1,18,80,1,0,CBD,CBD,80_CBD_1_18,-1.7500000033509195,-0.7500000000310776
68,2012,2021,1,9,55,1,0,CBD,CBD,55_CBD_1_9,-6.19780848865048e-9,-4.8475001790393435e-11
72,2004,2021,1,17,60,4,0,CBD,CBD,60_CBD_4_17,-3.3099212259912747e-9,-3.0289326602428446e-11
60,2005,2021,1,16,55,9,0,CBD,CBD,55_CBD_9_16,-1.105675551116292e-9,-1.2750911437819923e-11
78,2012,2021,1,9,75,8,0,CBD,CBD,75_CBD_8_9,-5.500000003725944,-0.5000000000334321
73,2005,2021,1,16,60,4,0,CBD,CBD,60_CBD_4_16,2.4999999962316224,-3.4212632726848824e-11
50,1983,2021,1,38,65,10,0,CBD,CBD,65_CBD_10_38,0.49999999929535477,-9.807710199538633e-12
70,2011,2021,1,10,65,6,0,CBD,CBD,65_CBD_6_10,-1.904851387735107e-9,-1.894351342457412e-11
40,1981,2021,1,40,45,5,0,CBD,CBD,45_CBD_5_40,-5.6940834269880725e-9,-5.126743474193063e-11
80,1973,2021,1,48,85,7,0,CBD,CBD,85_CBD_7_48,3.9999999965802573,-3.125788516911143e-11
88,2016,2021,1,5,75,11,0,CBD,CBD,75_CBD_11_5,-5.11300868311082e-9,-4.9289683445863375e-11
49,1983,2021,1,38,65,10,0,CBD,CBD,65_CBD_10_38,-0.5000000007046452,-9.807710199538633e-12
45,1991,2021,1,30,60,8,0,CBD,CBD,60_CBD_8_30,7.822364977982943e-11,8.033351761582708e-12
44,2012,2021,1,9,35,5,0,CBD,CBD,35_CBD_5_9,-6.388482631791703e-9,-3.362021772090884e-11
110,2015,2021,1,6,70,7,0,CBD,CBD,70_CBD_7_6,-10.000000005076942,-5.00119945456845e-11
50,2003,2021,1,18,60,11,0,CBD,CBD,60_CBD_11_18,-6.203251246006403e-9,-4.079647730748093e-11
24,1972,2021,1,49,60,11,0,CBD,CBD,60_CBD_11_49,-2.2360069351634593e-10,9.805489753489383e-13
35,1973,2021,1,48,55,7,0,CBD,CBD,55_CBD_7_48,-2.3578650143463165e-9,-2.201194782003313e-11
23,2007,2021,1,14,25,1,0,CBD,CBD,25_CBD_1_14,-5.178122819415876e-9,5.928568747037843e-11
82,1997,2021,1,24,85,8,0,CBD,CBD,85_CBD_8_24,-34.000000004226436,-0.5000000000387601
42,1974,2021,1,47,60,1,0,CBD,CBD,60_CBD_1_47,-4.604039816058503e-9,-4.247091567322059e-11
65,1983,2021,1,38,75,2,0,CBD,CBD,75_CBD_2_38,-3.3606397664698306e-9,-2.96023205947904e-11
62,2010,2021,1,11,60,5,0,CBD,CBD,60_CBD_5_11,-2.5097364186876803e-9,-2.4425350630963294e-11
58,1980,2021,1,41,75,1,0,CBD,CBD,75_CBD_1_41,-4.508137863012962e-9,-4.167044487246585e-11
80,2001,2021,1,20,85,7,0,CBD,CBD,85_CBD_7_20,-3.6544918202707777e-9,-3.2591263021686245e-11
33,2004,2021,1,17,40,4,0,CBD,CBD,40_CBD_4_17,-8.50000000261052,-2.5193180874794052e-11
53,1999,2021,1,22,60,8,0,CBD,CBD,60_CBD_8_22,-4.500000005818713,-5.129652258517581e-11
43,2004,2021,1,17,45,1,0,CBD,CBD,45_CBD_1_17,-11.000000001610992,-1.6251222589858116e-11
110,2015,2021,1,6,75,9,0,CBD,CBD,75_CBD_9_6,23.272727271155816,-1.6264101176943768e-11
110,2015,2021,1,6,75,9,0,CBD,CBD,75_CBD_9_6,23.272727271155816,-1.6264101176943768e-11
21,2003,2021,1,18,25,3,0,CBD,CBD,25_CBD_3_18,-2.666666672936678,-0.6666666666875956
56,1999,2021,1,22,55,8,0,CBD,CBD,55_CBD_8_22,-4.500000006116615,-5.030553751339539e-11
23,1977,2021,1,44,35,5,0,CBD,CBD,35_CBD_5_44,-4.122782115700829e-9,-3.761191358364613e-11
60,1997,2021,1,24,60,3,0,CBD,CBD,60_CBD_3_24,-5.892921706163179e-9,-5.182632101252693e-11
46,1983,2021,1,38,50,1,0,CBD,CBD,50_CBD_1_38,-3.7313370171432325e-9,-3.3342884009357476e-11
29,2015,2021,1,6,35,8,0,CBD,CBD,35_CBD_8_6,-1.1189982274117938e-9,-1.329758525514535e-11
33,1982,2021,1,39,80,1,0,CBD,CBD,80_CBD_1_39,-3.012857519024692e-9,-2.5622837185323988e-11
14,1979,2021,1,42,30,2,0,CBD,CBD,30_CBD_2_42,-6.475644909187395e-9,-1.4389156532956804e-11
18,1998,2021,1,23,25,6,0,CBD,CBD,25_CBD_6_23,-9.302034698066564e-10,2.496047812883262e-11
74,1987,2021,1,34,90,5,0,CBD,CBD,90_CBD_5_34,-3.5965115330327535e-9,-3.1567193303772e-11
70,2002,2021,1,19,65,2,0,CBD,CBD,65_CBD_2_19,-19.666666671491214,-0.3333333333789117
60,2003,2021,1,18,60,1,0,CBD,CBD,60_CBD_1_18,-4.509047357714735e-9,-4.089151239838884e-11
72,2016,2021,1,5,60,1,0,CBD,CBD,60_CBD_1_5,-9.50000000479713,-0.750000000045985
31,2004,2021,1,17,40,2,0,CBD,CBD,40_CBD_2_17,-8.666666669140433,-0.33333333335784165
39,2004,2021,1,17,45,2,0,CBD,CBD,45_CBD_2_17,-2.1563337782026792e-9,-2.0728974092776298e-11
120,2008,2021,1,13,90,2,0,CBD,CBD,90_CBD_2_13,-3.752646193788678e-9,-3.290168137937144e-11
79,2009,2021,1,12,80,1,0,CBD,CBD,80_CBD_1_12,-30.5000000041467,-0.5000000000362033
50,2009,2021,1,12,50,1,0,CBD,CBD,50_CBD_1_12,-5.4437165886156436e-9,-4.998512714848857e-11
25,1977,2021,1,44,35,7,0,CBD,CBD,35_CBD_7_44,-2.000000005897803,-5.1495030461978786e-11
20,2003,2021,1,18,25,10,0,CBD,CBD,25_CBD_10_18,-1.1508234365464887e-9,3.100009138279347e-11
62,1998,2021,1,23,70,5,0,CBD,CBD,70_CBD_5_23,-5.333333338252416,-0.6666666667133629
33,1984,2021,1,37,50,3,0,CBD,CBD,50_CBD_3_37,-5.701586758277699e-9,-5.147926529502911e-11
55,1995,2021,1,26,65,5,0,CBD,CBD,65_CBD_5_26,-4.804846298611665e-9,-4.581668378023096e-11
12,1983,2021,1,38,25,3,0,CBD,CBD,25_CBD_3_38,-4.542059173218149e-9,-4.1884717916218506e-11
58,1987,2021,1,34,75,1,0,CBD,CBD,75_CBD_1_34,-3.6535823255690048e-9,-3.26023652519325e-11
55,1985,2021,1,36,70,3,0,CBD,CBD,70_CBD_3_36,-1.5875514236540766e-9,-1.7105206140399787e-11
23,1998,2021,1,23,35,6,0,CBD,CBD,35_CBD_6_23,-7.000000000912966,-1.0325962307433656e-11
37,1985,2021,1,36,35,3,0,CBD,CBD,35_CBD_3_36,-1.5000000057715894,-5.082534393352489e-11
13,1978,2021,1,43,25,5,0,CBD,CBD,25_CBD_5_43,-1.0535394778798945e-9,-1.3096634887688197e-11
93,2004,2021,1,17,75,5,0,CBD,CBD,75_CBD_5_17,-4.266553332854528e-9,-3.9819259001205864e-11
58,2009,2021,1,12,45,1,0,CBD,CBD,45_CBD_1_12,-1.0505374348213081e-9,2.6536328689985567e-11
40,2009,2021,1,12,40,1,0,CBD,CBD,40_CBD_1_12,-6.279385900143097e-9,-1.9304335907577297e-11
25,2011,2021,1,10,30,5,0,CBD,CBD,30_CBD_5_10,-5.6053082175822055e-9,-5.097655630947884e-11
65,2001,2021,1,20,60,3,0,CBD,CBD,60_CBD_3_20,-1.5671304254283314e-9,-1.606736965698019e-11
34,2009,2021,1,12,35,5,0,CBD,CBD,35_CBD_5_12,-2.500000006093785,-0.5000000000491522
40,1993,2021,1,28,60,5,0,CBD,CBD,60_CBD_5_28,-7.500000005946106,-0.5000000000526246
71,2000,2021,1,21,70,5,0,CBD,CBD,70_CBD_5_21,-9.83760628514574e-10,-1.390354498198576e-11
35,1993,2021,1,28,50,7,0,CBD,CBD,50_CBD_7_28,-5.688853832452878e-9,-5.135714076232034e-11
68,2006,2021,1,15,60,7,0,CBD,CBD,60_CBD_7_15,-5.468663744068181e-9,-5.01885200065999e-11
50,2011,2021,1,10,45,5,0,CBD,CBD,45_CBD_5_10,-3.5591369851317722e-9,-3.191891195797325e-11
49,2011,2021,1,10,45,7,0,CBD,CBD,45_CBD_7_10,-5.618282727937185e-9,-5.097011701593601e-11
29,1977,2021,1,44,35,7,0,CBD,CBD,35_CBD_7_44,1.9999999941021969,-5.1495030461978786e-11
43,1980,2021,1,41,60,12,0,CBD,CBD,60_CBD_12_41,-9.477219009568216e-10,-1.0398126804034291e-11
39,2010,2021,1,11,40,7,0,CBD,CBD,40_CBD_7_11,-10.00000000602786,-5.132139158092741e-11
38,2010,2021,1,11,40,7,0,CBD,CBD,40_CBD_7_11,-11.00000000602786,-5.132139158092741e-11
39,2015,2021,1,6,45,4,0,CBD,CBD,45_CBD_4_6,-2.6322339863327215e-9,-2.5788260415993136e-11
63,2009,2021,1,12,60,8,0,CBD,CBD,60_CBD_8_12,4.107647555429139e-11,1.1725509452276128e-11
53,2010,2021,1,11,55,7,0,CBD,CBD,55_CBD_7_11,-4.472063608318422e-9,-4.2595704741188456e-11
23,1974,2021,1,47,40,8,0,CBD,CBD,40_CBD_8_47,-6.361950966038421e-9,-2.3417490169208577e-11
45,1979,2021,1,42,70,4,0,CBD,CBD,70_CBD_4_42,-2.9844642313037184e-9,-2.5543789305970677e-11
120,2008,2021,1,13,80,5,0,CBD,CBD,80_CBD_5_13,23.999999996633534,-2.963940204381288e-11
84,1999,2021,1,22,85,2,0,CBD,CBD,85_CBD_2_22,-3.333923359605251e-9,-2.878586258248106e-11
56,1995,2021,1,26,60,7,0,CBD,CBD,60_CBD_7_26,-2.5260433744733746e-9,-2.4519941632661357e-11
46,2013,2021,1,8,45,3,0,CBD,CBD,45_CBD_3_8,-21.333333338540854,-5.082934073641354e-11
94,2014,2021,1,7,70,4,0,CBD,CBD,70_CBD_4_7,-2.312944502591563e-9,-2.2109203356990292e-11
52,2009,2021,1,12,50,6,0,CBD,CBD,50_CBD_6_12,-5.863583396603644e-9,-5.199707331371428e-11
71,2003,2021,1,18,65,9,0,CBD,CBD,65_CBD_9_18,-0.6666666694589054,-0.3333333333583304
78,1999,2021,1,22,70,5,0,CBD,CBD,70_CBD_5_22,4.333333330786516,-0.6666666666916985
55,2000,2021,1,21,60,3,0,CBD,CBD,60_CBD_3_21,-1.6666666686854583,-0.3333333333530355
73,2011,2021,1,10,55,3,0,CBD,CBD,55_CBD_3_10,-6.000000006171831,-0.5000000000462725
62,1976,2021,1,45,80,6,0,CBD,CBD,80_CBD_6_45,-3.195836484337633e-9,-2.7751578812740263e-11
46,2013,2021,1,8,45,3,0,CBD,CBD,45_CBD_3_8,-21.333333338540854,-5.082934073641354e-11
74,2012,2021,1,9,60,3,0,CBD,CBD,60_CBD_3_9,0.9999999968620727,-0.3333333333607271
45,1982,2021,1,39,60,6,0,CBD,CBD,60_CBD_6_39,-1.500000005854055,-0.5000000000516105
58,2003,2021,1,18,55,5,0,CBD,CBD,55_CBD_5_18,-4.109651285943983e-9,-3.763878098084206e-11
54,2000,2021,1,21,60,3,0,CBD,CBD,60_CBD_3_21,-2.6666666686854583,-0.3333333333530355
45,2013,2021,1,8,45,6,0,CBD,CBD,45_CBD_6_8,-3.5000000048759645,-0.5000000000465181
95,2003,2021,1,18,90,1,0,CBD,CBD,90_CBD_1_18,-3.786141178352409e-9,-3.438205276040662e-11
93,2010,2021,1,11,70,4,0,CBD,CBD,70_CBD_4_11,-2.5440698436796083e-9,-2.4843682666642053e-11
76,2001,2021,1,20,80,2,0,CBD,CBD,80_CBD_2_20,-4.247510787536157e-9,-3.930611391922412e-11
83,2001,2021,1,20,75,4,0,CBD,CBD,75_CBD_4_20,-1.8960406578116817e-9,-1.883360134513623e-11
25,2009,2021,1,12,25,5,0,CBD,CBD,25_CBD_5_12,0.4999999950507181,-0.5000000000473483
39,2010,2021,1,11,35,3,0,CBD,CBD,35_CBD_3_11,0.49999999746025026,-2.520272879280583e-11
13,1973,2021,1,48,30,2,0,CBD,CBD,30_CBD_2_48,-3.5000000062100334,-1.6091794563521944e-11
34,1973,2021,1,48,50,3,0,CBD,CBD,50_CBD_3_48,-4.621554694494989e-9,-4.234745887288227e-11
38,2010,2021,1,11,35,3,0,CBD,CBD,35_CBD_3_11,-0.5000000025397497,-2.520272879280583e-11
75,2014,2021,1,7,55,6,0,CBD,CBD,55_CBD_6_7,-5.787171630800003e-9,-5.1763260344728224e-11
88,2009,2023,1,14,70,3,1,CBD,CBD,70_CBD_3_14,-4.107576501155563e-9,-3.7479797043715735e-11
41,1984,2023,1,39,45,5,1,CBD,CBD,45_CBD_5_39,1.468833943363279e-10,1.1440848268762238e-11
68,2005,2023,1,18,55,4,1,CBD,CBD,55_CBD_4_18,-3.3352876016579103e-9,-2.8760549497519605e-11
42,1981,2023,1,42,55,5,1,CBD,CBD,55_CBD_5_42,4.49999999764092,0.49999999997792743
75,1992,2023,1,31,90,3,1,CBD,CBD,90_CBD_3_31,-3.685173055600899e-9,-3.2493785440124157e-11
28,2003,2023,1,20,30,3,1,CBD,CBD,30_CBD_3_20,-4.539387532531691e-9,-4.0495828912412435e-11
50,1999,2023,1,24,50,8,1,CBD,CBD,50_CBD_8_24,-7.259757239808096e-10,-9.590772620526877e-12
40,1983,2023,1,40,45,9,1,CBD,CBD,45_CBD_9_40,-2.5789859137148596e-10,1.644462344074782e-11
20,1981,2023,1,42,35,9,1,CBD,CBD,35_CBD_9_42,-8.643539217700891e-10,2.4694468692132432e-11
89,2014,2023,1,9,75,8,1,CBD,CBD,75_CBD_8_9,5.499999996274056,0.49999999996656785
99,2013,2023,1,10,75,6,1,CBD,CBD,75_CBD_6_10,-5.094094035484886e-9,-4.9966253357069945e-11
56,2018,2023,1,5,55,7,1,CBD,CBD,55_CBD_7_5,-5.125599500388489e-9,-4.9470205709667425e-11
33,1990,2023,1,33,40,2,1,CBD,CBD,40_CBD_2_33,-6.153847209589003e-9,-4.5863313147265217e-11
51,2012,2023,1,11,45,11,1,CBD,CBD,45_CBD_11_11,-8.261480388682685e-11,2.9951596758337473e-12
74,2005,2023,1,18,60,5,1,CBD,CBD,60_CBD_5_18,8.333333327522752,0.33333333328243575
120,2001,2023,1,22,85,4,1,CBD,CBD,85_CBD_4_22,-3.489063260531111e-9,-3.144062787896473e-11
74,2010,2023,1,13,60,2,1,CBD,CBD,60_CBD_2_13,-4.447272772267752e-9,-4.131295305853655e-11
69,2004,2023,1,19,60,6,1,CBD,CBD,60_CBD_6_19,-14.33333333831132,-4.8328452351142914e-11
50,1996,2023,1,27,55,9,1,CBD,CBD,55_CBD_9_27,-4.030326294923725e-9,-3.52982088003273e-11
67,2004,2023,1,19,70,4,1,CBD,CBD,70_CBD_4_19,-14.00000000430208,-3.9479530755670567e-11
56,2010,2023,1,13,50,9,1,CBD,CBD,50_CBD_9_13,-8.461640277346305e-10,2.468381055109603e-11
84,2016,2023,1,7,70,12,1,CBD,CBD,70_CBD_12_7,-3.3429046197852585e-9,-2.881939131782474e-11
57,2005,2023,1,18,55,10,1,CBD,CBD,55_CBD_10_18,-1.934218119004072e-9,-1.910582803077432e-11
30,1983,2023,1,40,40,10,1,CBD,CBD,40_CBD_10_40,-6.363357840655226e-9,-3.302735862575901e-11
18,1987,2023,1,36,30,2,1,CBD,CBD,30_CBD_2_36,-2.000000007062681,0.4999999999846698
67,1996,2023,1,27,60,6,1,CBD,CBD,60_CBD_6_27,-3.2366642699344084e-10,-5.401457059406312e-12
57,1987,2023,1,36,55,2,1,CBD,CBD,55_CBD_2_36,-1.0473399925103877e-9,-1.4053203045705231e-11
50,1997,2023,1,26,60,11,1,CBD,CBD,60_CBD_11_26,-1.9603731971074012e-9,-1.904898461191351e-11
55,2007,2023,1,16,50,9,1,CBD,CBD,50_CBD_9_16,-5.005965419968561e-9,-4.817812815360867e-11
74,2008,2023,1,15,60,3,1,CBD,CBD,60_CBD_3_15,11.999999995446323,0.49999999995847366
44,1998,2023,1,25,45,5,1,CBD,CBD,45_CBD_5_25,-6.090388637858268e-9,-5.1139315004888886e-11
74,1992,2023,1,31,70,2,1,CBD,CBD,70_CBD_2_31,-1.213038558489643e-9,-1.4018119998127077e-11
96,2013,2023,1,10,75,9,1,CBD,CBD,75_CBD_9_10,-3.981554641541152e-9,-3.5705216561154884e-11
37,1979,2023,1,44,50,12,1,CBD,CBD,50_CBD_12_44,-1.0007425998992403e-9,-1.2791101511311354e-11
28,2005,2023,1,18,30,10,1,CBD,CBD,30_CBD_10_18,-4.1273722217738396e-9,-3.720335151058407e-11
100,2017,2023,1,6,70,3,1,CBD,CBD,70_CBD_3_6,-2.383032438046939e-9,-2.274114230260693e-11
65,2006,2023,1,17,60,9,1,CBD,CBD,60_CBD_9_17,-2.657387199178629e-9,-2.58979504508261e-11
65,2014,2023,1,9,75,5,1,CBD,CBD,75_CBD_5_9,-3.2211460165854078e-9,0.499999999972107
28,1981,2023,1,42,50,9,1,CBD,CBD,50_CBD_9_42,-2.154095568585035e-9,-2.088573758385337e-11
32,2018,2023,1,5,25,2,1,CBD,CBD,25_CBD_2_5,-5.691106252925238e-9,-5.05264718952958e-11
24,1995,2023,1,28,30,10,1,CBD,CBD,30_CBD_10_28,-5.845976147611509e-9,-5.175393447132137e-11
70,2010,2023,1,13,55,2,1,CBD,CBD,55_CBD_2_13,-1.9628600966825616e-9,-1.951061534555265e-11
85,2010,2023,1,13,60,6,1,CBD,CBD,60_CBD_6_13,1.9999999977375325,-2.170574830984151e-11
90,2018,2023,1,5,60,2,1,CBD,CBD,60_CBD_2_5,-1.500000002987207,-2.5878188480987774e-11
19,1982,2023,1,41,30,7,1,CBD,CBD,30_CBD_7_41,-1.1417071732466866e-9,-1.3854917213507179e-11
53,2000,2023,1,23,55,3,1,CBD,CBD,55_CBD_3_23,-24.33333333844392,-4.893818683626705e-11
37,1982,2023,1,41,45,6,1,CBD,CBD,45_CBD_6_41,-1.8002026536123594e-9,-1.801137017309884e-11
80,2005,2023,1,18,65,4,1,CBD,CBD,65_CBD_4_18,3.3333333300036827,0.6666666666376801
60,1996,2023,1,27,60,4,1,CBD,CBD,60_CBD_4_27,9.275424872612348e-11,8.091305403468141e-12
48,2014,2023,1,9,45,6,1,CBD,CBD,45_CBD_6_9,-1.0689618079595675e-9,-1.3746337401698838e-11
61,1979,2023,1,44,75,12,1,CBD,CBD,75_CBD_12_44,-2.652726038832043e-9,-2.5443425144544562e-11
63,2012,2023,1,11,65,10,1,CBD,CBD,65_CBD_10_11,-28.500000001206217,-1.3229861650643215e-11
67,1999,2023,1,24,50,6,1,CBD,CBD,50_CBD_6_24,-2.7872033570019994e-9,-2.5968338590587337e-11
19,2003,2023,1,20,25,10,1,CBD,CBD,25_CBD_10_20,-5.930559154876391e-9,-5.222733356902154e-11
90,2013,2023,1,10,70,3,1,CBD,CBD,70_CBD_3_10,-2.403126586614235e-9,-2.2783774866752537e-11
55,1995,2023,1,28,60,5,1,CBD,CBD,60_CBD_5_28,7.499999994053894,0.49999999994737543
140,2011,2023,1,12,80,1,1,CBD,CBD,80_CBD_1_12,30.4999999958533,0.49999999996379674
48,2018,2023,1,5,45,8,1,CBD,CBD,45_CBD_8_5,-3.3058142889785813e-9,-2.8099966797867637e-11
97,2018,2023,1,5,75,8,1,CBD,CBD,75_CBD_8_5,-3.2031692853706772e-9,-2.7857050000079653e-11
42,2010,2023,1,13,35,5,1,CBD,CBD,35_CBD_5_13,1.4999999936664636,0.49999999996560107
110,2013,2023,1,10,70,8,1,CBD,CBD,70_CBD_8_10,-5.6606381804158445e-9,-5.141398418118115e-11
95,2002,2023,1,21,85,5,1,CBD,CBD,85_CBD_5_21,-3.656708713606349e-9,-3.2578384434600594e-11
30,1976,2023,1,47,60,7,1,CBD,CBD,60_CBD_7_47,-5.4418833883573825e-9,-5.047606776997782e-11
64,2012,2023,1,11,50,2,1,CBD,CBD,50_CBD_2_11,-32.33333333707205,-3.314926111386285e-11
54,2012,2023,1,11,45,2,1,CBD,CBD,45_CBD_2_11,-4.844352474719926e-9,-4.620503979424484e-11
23,1983,2023,1,40,35,4,1,CBD,CBD,35_CBD_4_40,-6.357417703384272e-9,-3.4563019113420523e-11
16,1991,2023,1,32,25,5,1,CBD,CBD,25_CBD_5_32,-4.305867662424134e-9,-3.98878707841277e-11
64,2012,2023,1,11,50,3,1,CBD,CBD,50_CBD_3_11,-1.20508047984913e-10,3.86246590267092e-12
13,1978,2023,1,45,25,5,1,CBD,CBD,25_CBD_5_45,1.2457235243346076e-10,0.500000000014114
18,1986,2023,1,37,25,5,1,CBD,CBD,25_CBD_5_37,-2.5494415467619547e-9,-2.4542812226968636e-11
88,2004,2023,1,19,70,2,1,CBD,CBD,70_CBD_2_19,-6.000000004693661,0.4999999999575484
66,1985,2023,1,38,70,3,1,CBD,CBD,70_CBD_3_38,-2.211152150266571e-9,-2.1912471837026715e-11
45,1983,2023,1,40,50,5,1,CBD,CBD,50_CBD_5_40,-2.2671997612633277e-10,-4.18287626757774e-12
88,2004,2023,1,19,70,6,1,CBD,CBD,70_CBD_6_19,9.999999995478674,0.49999999995869815
44,2009,2023,1,14,40,1,1,CBD,CBD,40_CBD_1_14,-6.464347279688809e-9,-3.0452529387048344e-11
43,2009,2023,1,14,35,5,1,CBD,CBD,35_CBD_5_14,-5.339543918125855e-9,-5.0345283497676974e-11
65,2000,2023,1,23,70,5,1,CBD,CBD,70_CBD_5_23,-2.333333338252416,0.33333333328663706
48,1984,2023,1,39,60,6,1,CBD,CBD,60_CBD_6_39,1.499999994145945,0.4999999999483895
20,2005,2023,1,18,25,5,1,CBD,CBD,25_CBD_5_18,-3.336271703346938e-9,-3.0401015038705737e-11
110,2002,2023,1,21,75,9,1,CBD,CBD,75_CBD_9_21,-15.000000001989292,-1.996336429499479e-11
65,1993,2023,1,30,55,6,1,CBD,CBD,55_CBD_6_30,-5.329070518200751e-10,-7.316147687674857e-12
80,2000,2023,1,23,75,5,1,CBD,CBD,75_CBD_5_23,-4.481336191020091e-9,-4.014610865965551e-11
47,1998,2023,1,25,35,3,1,CBD,CBD,35_CBD_3_25,-8.501501724822447e-10,-9.357625785355594e-12
30,1983,2023,1,40,40,9,1,CBD,CBD,40_CBD_9_40,-6.554898845934076e-9,-1.651612180353368e-11
72,1999,2023,1,24,65,8,1,CBD,CBD,65_CBD_8_24,-5.007109393773135e-9,-4.824962651639453e-11
63,1978,2023,1,45,65,10,1,CBD,CBD,65_CBD_10_45,-4.324164137869957e-9,-4.0359493524988466e-11
91,2016,2023,1,7,75,5,1,CBD,CBD,75_CBD_5_7,-32.66666667015372,0.33333333330176784
28,1991,2023,1,32,35,3,1,CBD,CBD,35_CBD_3_32,2.3497648271586513e-11,1.3920642416564988e-11
110,2005,2023,1,18,75,10,1,CBD,CBD,75_CBD_10_18,-3.189228436895064e-9,-2.7784885503479018e-11
30,2016,2023,1,7,25,5,1,CBD,CBD,25_CBD_5_7,-1.0635190506036452e-9,0.5000000000276945
70,1997,2023,1,26,70,5,1,CBD,CBD,70_CBD_5_26,-4.200288117317541e-9,-3.824562888610217e-11
61,2016,2023,1,7,50,5,1,CBD,CBD,50_CBD_5_7,-4.0977923276841466e-9,-3.568656481434118e-11
77,2016,2023,1,7,55,5,1,CBD,CBD,55_CBD_5_7,-6.303508826022153e-9,-4.3616443790028825e-11
38,1979,2023,1,44,70,4,1,CBD,CBD,70_CBD_4_44,-2.237612761746277e-9,-2.1935786520543843e-11
83,2011,2023,1,12,60,3,1,CBD,CBD,60_CBD_3_12,0.4999999979597902,-2.041478097680738e-11
20,1987,2023,1,36,25,6,1,CBD,CBD,25_CBD_6_36,-3.5633007655633264e-9,-3.1377123121956174e-11
79,1997,2023,1,26,65,4,1,CBD,CBD,65_CBD_4_26,1.999999999933479,2.7677860003905153e-12
26,1979,2023,1,44,35,6,1,CBD,CBD,35_CBD_6_44,-4.217600491074336e-9,-3.859312869280984e-11
120,2015,2023,1,8,75,5,1,CBD,CBD,75_CBD_5_8,-2.631423967613955e-9,-2.495381679068487e-11
84,2017,2023,1,6,60,7,1,CBD,CBD,60_CBD_7_6,-2.3499922008340945e-9,-2.248823349759732e-11
80,2014,2023,1,9,55,3,1,CBD,CBD,55_CBD_3_9,10.99999999354506,0.4999999999708451
45,2008,2023,1,15,35,1,1,CBD,CBD,35_CBD_1_15,-4.121837093862268e-9,-3.714983876079714e-11
96,2010,2023,1,13,65,2,1,CBD,CBD,65_CBD_2_13,7.499999995223504,-4.52307080678338e-11
40,1979,2023,1,44,50,6,1,CBD,CBD,50_CBD_6_44,-6.2913869669500855e-9,-4.378519768977185e-11
42,2013,2023,1,10,35,5,1,CBD,CBD,35_CBD_5_10,-3.466517739525443e-9,-2.945710342316943e-11
52,2011,2023,1,12,40,2,1,CBD,CBD,40_CBD_2_12,-6.256833273710072e-9,-3.8020031567498336e-11
75,1997,2023,1,26,65,4,1,CBD,CBD,65_CBD_4_26,-2.000000000066521,2.7677860003905153e-12
130,2013,2023,1,10,70,9,1,CBD,CBD,70_CBD_9_10,-2.9221496333775576e-9,-2.6298518918110858e-11
130,2013,2023,1,10,70,5,1,CBD,CBD,70_CBD_5_10,-2.5255530999857e-9,-2.5162538719314398e-11
34,1998,2023,1,25,30,7,1,CBD,CBD,30_CBD_7_25,-4.5793626668455545e-9,-4.101585737714686e-11
98,1999,2023,1,24,65,9,1,CBD,CBD,65_CBD_9_24,-5.667999403158319e-9,-5.071676412171655e-11
65,1995,2023,1,28,60,2,1,CBD,CBD,60_CBD_2_28,-6.075566716390313e-10,-9.142908652393089e-12
39,1999,2023,1,24,45,3,1,CBD,CBD,45_CBD_3_24,-4.500000001263977,-1.432320928529407e-11
45,1983,2023,1,40,40,5,1,CBD,CBD,40_CBD_5_40,8.999999997807294,-2.1261215010781598e-11
57,2001,2023,1,22,60,7,1,CBD,CBD,60_CBD_7_22,-4.766263828059891e-9,-4.525269048372138e-11
65,2018,2023,1,5,45,4,1,CBD,CBD,45_CBD_4_5,5.666666660827715,0.33333333328146786
89,2018,2023,1,5,60,7,1,CBD,CBD,60_CBD_7_5,-4.407326059663319e-9,-3.983990914946389e-11
130,2014,2023,1,9,70,5,1,CBD,CBD,70_CBD_5_9,-2.591747261249111e-9,-2.5621282873089513e-11
78,2003,2023,1,20,50,6,1,CBD,CBD,50_CBD_6_20,15.999999998862322,0.4999999999862754
59,2018,2023,1,5,40,4,1,CBD,CBD,40_CBD_4_5,2.5437429940211587e-12,7.882805519443536e-12
82,2014,2023,1,9,55,6,1,CBD,CBD,55_CBD_6_9,19.99999999409077,-5.1747051088568696e-11
62,2018,2023,1,5,45,4,1,CBD,CBD,45_CBD_4_5,2.6666666608277154,0.33333333328146786
52,2001,2021,1,20,70,5,0,台東区,East,70_台東区_5_20,-4.0000000016117525,-1.651745407116323e-11
20,1983,2021,1,38,30,3,0,台東区,East,30_台東区_3_38,-4.809649567505403e-9,-4.6233905592885094e-11
60,2001,2021,1,20,70,5,0,台東区,East,70_台東区_5_20,3.9999999983882475,-1.651745407116323e-11
18,1983,2021,1,38,25,1,0,台東区,East,25_台東区_1_38,-6.12284623002779e-9,-5.1660453692647934e-11
37,2013,2021,1,8,50,8,0,台東区,East,50_台東区_8_8,-3.3375968655491306e-9,-2.920685915341892e-11
42,2013,2021,1,8,55,9,0,台東区,East,55_台東区_9_8,-5.159058957815432e-9,-5.035039052359025e-11
22,2008,2021,1,13,35,10,0,台東区,East,35_台東区_10_13,-6.313150890946417e-9,-1.6527446078384855e-11
20,2009,2021,1,12,30,8,0,台東区,East,30_台東区_8_12,-6.047741862857947e-9,-5.1173731918652265e-11
57,2016,2021,1,5,55,6,0,台東区,East,55_台東区_6_5,-6.73594513500575e-12,4.263700503770451e-12
57,2012,2021,1,9,60,4,0,台東区,East,60_台東区_4_9,-5.1485997687450435e-9,-5.0490500669297944e-11
70,2008,2021,1,13,65,8,0,台東区,East,65_台東区_8_13,-2.763187012533308e-9,-2.4803936682360472e-11
27,1985,2021,1,36,30,1,0,台東区,East,30_台東区_1_36,-4.080142446127866e-9,-3.593547681646214e-11
78,2008,2021,1,13,70,8,0,台東区,East,70_台東区_8_13,-4.767386485582392e-9,-4.539435494166355e-11
42,1995,2021,1,26,60,4,0,台東区,East,60_台東区_4_26,-3.315435037620773e-9,-3.040923068908796e-11
27,2009,2021,1,12,45,9,0,台東区,East,45_台東区_9_12,3.867484110742225e-11,5.077493980820691e-12
72,2016,2021,1,5,80,7,0,台東区,East,80_台東区_7_5,-3.0179023724485887e-9,-2.644773289262048e-11
25,1983,2021,1,38,50,4,0,台東区,East,50_台東区_4_38,-6.857590051367879e-10,-9.681144774731365e-12
23,2007,2021,1,14,30,6,0,台東区,East,30_台東区_6_14,-6.305512556536996e-9,-3.5422331734480395e-11
69,1998,2021,1,23,90,2,0,台東区,East,90_台東区_2_23,-3.6405367609404493e-9,-3.199174258838866e-11
55,2013,2021,1,8,60,5,0,台東区,East,60_台東区_5_8,-11.50000000112388,-1.3883783012147433e-11
30,1999,2021,1,22,35,3,0,台東区,East,35_台東区_3_22,-7.028972959233215e-9,-1.3337109194822006e-11
67,2014,2021,1,7,70,5,0,台東区,East,70_台東区_5_7,3.999999997504844,-2.4656721109295177e-11
29,2010,2021,1,11,30,6,0,台東区,East,30_台東区_6_11,-4.681361076563917e-9,-4.459210778406941e-11
49,2003,2021,1,18,70,5,0,台東区,East,70_台東区_5_18,-1.9324417621646717e-9,-1.8596457707076297e-11
54,2014,2021,1,7,70,6,0,台東区,East,70_台東区_6_7,-4.578495804707927e-9,-4.315103829810596e-11
45,2004,2021,1,17,75,3,0,台東区,East,75_台東区_3_17,-3.4893616884801304e-9,-3.145195215381591e-11
53,2003,2021,1,18,85,5,0,台東区,East,85_台東区_5_18,-3.6140903603154584e-9,-3.226752198770555e-11
22,1980,2021,1,41,45,4,0,台東区,East,45_台東区_4_41,-6.162984789170878e-9,-4.372702200328149e-11
40,2016,2021,1,5,45,4,0,台東区,East,45_台東区_4_5,2.8173019472887972e-11,1.4036549700335854e-11
20,2009,2021,1,12,30,3,0,台東区,East,30_台東区_3_12,-6.56652687780479e-9,-1.6075585307362417e-11
66,2003,2021,1,18,75,4,0,台東区,East,75_台東区_4_18,-4.638565087589086e-9,-4.3901993151962415e-11
37,2004,2021,1,17,40,6,0,台東区,East,40_台東区_6_17,-6.497273830063932e-9,-2.212185989947102e-11
59,2001,2021,1,20,70,3,0,台東区,East,70_台東区_3_20,-1.618992939711461e-9,-1.6724399642953358e-11
21,2012,2021,1,9,30,9,0,台東区,East,30_台東区_9_9,-3.2430946816930373e-9,-2.804712018189548e-11
25,1983,2021,1,38,50,12,0,台東区,East,50_台東区_12_38,-2.040884794496378e-9,-1.9702683928812803e-11
44,1999,2021,1,22,60,10,0,台東区,East,60_台東区_10_22,-3.6687595184048405e-9,-3.2582825326699094e-11
60,2011,2021,1,10,65,5,0,台東区,East,65_台東区_5_10,-4.563524669265462e-9,-4.107847395573572e-11
42,1999,2021,1,22,55,1,0,台東区,East,55_台東区_1_22,-2.268691901008424e-10,1.0946799022804043e-13
18,2011,2021,1,10,30,15,0,台東区,East,30_台東区_15_10,-8.829204034555005e-11,3.3284486278262193e-12
21,1978,2021,1,43,40,7,0,台東区,East,40_台東区_7_43,-6.0176930105626525e-9,-4.989320068204961e-11
18,2000,2021,1,21,25,1,0,台東区,East,25_台東区_1_21,-6.252498963021935e-9,-4.5101478107767434e-11
56,2012,2021,1,9,60,1,0,台東区,East,60_台東区_1_9,-3.3876759175655025e-9,-3.044720031653014e-11
38,2006,2021,1,15,40,1,0,台東区,East,40_台東区_1_15,-6.420208364943392e-9,-2.031241841393694e-11
70,2000,2021,1,21,60,2,0,台東区,East,60_台東区_2_21,-1.1578578096305137e-9,-1.4453105379175213e-11
87,2016,2021,1,5,80,6,0,台東区,East,80_台東区_6_5,-3.1983375947675086e-9,-2.7817081971193147e-11
74,2016,2021,1,5,75,6,0,台東区,East,75_台東区_6_5,-3.935994641324214e-9,-3.5562219835583164e-11
63,2000,2021,1,21,70,5,0,台東区,East,70_台東区_5_21,-4.113445584152942e-9,-3.775491030921785e-11
37,2016,2021,1,5,35,4,0,台東区,East,35_台東区_4_5,1.4999999992175432,-0.4999999999764795
19,2011,2021,1,10,30,5,0,台東区,East,30_台東区_5_10,-1.8164989512570173e-9,-1.793498682900463e-11
45,2010,2021,1,11,55,4,0,台東区,East,55_台東区_4_11,-9.970477776732878e-10,-1.0786038728838321e-11
84,2010,2021,1,11,65,7,0,台東区,East,65_台東区_7_11,0.49999999860132505,-1.623190470922964e-11
50,2010,2021,1,11,45,7,0,台東区,East,45_台東区_7_11,-6.37786001789209e-9,-3.586642094433046e-11
78,2013,2021,1,8,60,5,0,台東区,East,60_台東区_5_8,11.49999999887612,-1.3883783012147433e-11
83,2010,2021,1,11,65,7,0,台東区,East,65_台東区_7_11,-0.500000001398675,-1.623190470922964e-11
73,2012,2021,1,9,60,6,0,台東区,East,60_台東区_6_9,-4.5865391484767315e-9,-4.302669331934794e-11
98,2010,2021,1,11,70,7,0,台東区,East,70_台東区_7_11,-4.676877551901271e-9,-4.406142117829859e-11
26,1997,2021,1,24,45,4,0,台東区,East,45_台東区_4_24,-1.0384582083133864e-9,-1.31223920618595e-11
38,1997,2021,1,24,60,4,0,台東区,East,60_台東区_4_24,-5.8608549124983256e-9,-5.2050586063501214e-11
55,2016,2021,1,5,50,6,0,台東区,East,50_台東区_6_5,-5.019870741307386e-9,-4.854849855462362e-11
45,1995,2021,1,26,45,3,0,台東区,East,45_台東区_3_26,-3.7206149272606126e-10,-5.8484328491204e-12
79,2016,2021,1,5,70,3,0,台東区,East,70_台東区_3_5,-4.133099196224066e-9,-3.6918468282465255e-11
36,2016,2021,1,5,40,5,0,台東区,East,40_台東区_5_5,-6.026198207109701e-9,-5.059486163361271e-11
25,1982,2021,1,39,45,2,0,台東区,East,45_台東区_2_39,-6.021380727361247e-9,-5.203903974404511e-11
31,2003,2021,1,18,45,2,0,台東区,East,45_台東区_2_18,-6.1884009028290166e-9,-4.476774506656511e-11
48,2004,2021,1,17,70,3,0,台東区,East,70_台東区_3_17,-1.1720828752004309e-9,-1.3015366562285635e-11
44,2011,2021,1,10,45,1,0,台東区,East,45_台東区_1_10,-2.42422970586631e-10,1.2363443602225743e-12
50,2002,2021,1,19,65,2,0,台東区,East,65_台東区_2_19,-1.5897683169896482e-9,-1.7128520823916915e-11
59,2014,2021,1,7,70,5,0,台東区,East,70_台東区_5_7,-4.000000002495156,-2.4656721109295177e-11
69,2002,2021,1,19,65,4,0,台東区,East,65_台東区_4_19,-4.799659336640616e-9,-4.523670327216678e-11
39,2014,2021,1,7,40,3,0,台東区,East,40_台東区_3_7,-4.952006804614939e-9,-4.6670889375377556e-11
56,2000,2023,1,23,60,5,1,台東区,East,60_台東区_5_23,-3.225984812615934e-9,-2.7933433344173864e-11
32,2006,2023,1,17,30,2,1,台東区,East,30_台東区_2_17,-2.3825990069781255e-9,-2.2706059255028777e-11
70,2001,2023,1,22,75,3,1,台東区,East,75_台東区_3_22,-2.3063222442942788e-9,-2.1580515152663793e-11
82,2006,2023,1,17,65,1,1,台東区,East,65_台東区_1_17,-3.517328650559648e-9,-3.1763702779130654e-11
32,2005,2023,1,18,35,4,1,台東区,East,35_台東区_4_18,-6.272365737913788e-9,-4.274114395741435e-11
44,2011,2023,1,12,45,5,1,台東区,East,45_台東区_5_12,-3.0000000011361436,-1.4769074851983532e-11
38,1985,2023,1,38,50,2,1,台東区,East,50_台東区_2_38,-6.584741640836e-10,-7.922107414515267e-12
55,2004,2023,1,19,65,9,1,台東区,East,65_台東区_9_19,-3.7273295561135456e-09,-3.3343328098567326e-11
15,1984,2023,1,39,35,9,1,台東区,East,35_台東区_9_39,8.736833478906192e-11,7.161604642647035e-12
36,1995,2023,1,28,55,10,1,台東区,East,55_台東区_10_28,-5.2579594012058806e-9,-5.0898840697755077e-11
38,2013,2023,1,10,45,5,1,台東区,East,45_台東区_5_10,-3.814051297013066e-10,-5.53201928710223e-12
24,2008,2023,1,15,35,10,1,台東区,East,35_台東区_10_15,-6.39740704855285e-9,-2.020339451291875e-11
60,2014,2023,1,9,65,9,1,台東区,East,65_台東区_9_9,-3.4242049196109292e-9,-2.930944376089428e-11
35,2007,2023,1,16,30,5,1,台東区,East,30_台東区_5_16,8.482459179504076e-11,1.2471801369429159e-11
55,2003,2023,1,20,60,4,1,台東区,East,60_台東区_4_20,-1.2077094879714423e-9,-1.4267254044852962e-11
40,1995,2023,1,28,45,3,1,台東区,East,45_台東区_3_28,-2.4572699430791545e-10,1.7894352666303348e-11
64,2016,2023,1,7,55,6,1,台東区,East,55_台東区_6_7,-6.388205520124757e-9,-3.7263081509308904e-11
77,2014,2023,1,9,65,7,1,台東区,East,65_台東区_7_9,11.999999996675442,-3.004063664491241e-11
57,1995,2023,1,28,65,3,1,台東区,East,65_台東区_3_28,-3.619277322286507e-9,-3.2188252063747314e-11
36,2017,2023,1,6,30,4,1,台東区,East,30_台東区_4_6,-1.5000000062123249,-4.705813516636681e-11
65,2007,2023,1,16,75,6,1,台東区,East,75_台東区_6_16,-4.412612497617374e-9,-4.0704106751832114e-11
68,2016,2023,1,7,75,6,1,台東区,East,75_台東区_6_7,-3.3417961731174728e-9,-3.004418935859121e-11
23,1975,2023,1,48,50,6,1,台東区,East,50_台東区_6_48,-5.535397917810769e-9,-5.0946358243209033e-11
59,2012,2023,1,11,50,4,1,台東区,East,50_台東区_4_11,-6.222670378974726e-9,-4.385314333887891e-11
45,2012,2023,1,11,45,5,1,台東区,East,45_台東区_5_11,3.4999999999118927,2.6552093856935244e-12
35,2012,2023,1,11,35,4,1,台東区,East,35_台東区_4_11,-6.57870202758204e-10,-9.175105120107219e-12
13,1982,2023,1,41,25,4,1,台東区,East,25_台東区_4_41,-8.5984908082537e-10,-9.304113035568662e-12
75,2016,2023,1,7,75,4,1,台東区,East,75_台東区_4_7,-4.415014132064243e-9,-4.1303405140524774e-11
44,2004,2023,1,19,55,6,1,台東区,East,55_台東区_6_19,-1.05189457144661e-9,-1.3848699964569278e-11
39,2017,2023,1,6,30,4,1,台東区,East,30_台東区_4_6,1.4999999937876751,-4.705813516636681e-11
70,2007,2023,1,16,80,6,1,台東区,East,80_台東区_6_16,-4.243887019583781e-9,-3.902811407385798e-11
33,2017,2023,1,6,40,14,1,台東区,East,40_台東区_14_6,-4.679499454596225e-9,-4.365863226496458e-11
67,2018,2023,1,5,55,5,1,台東区,East,55_台東区_5_5,-2.134754595317645e-10,1.7996715229173788e-11
77,2016,2023,1,7,65,5,1,台東区,East,65_台東区_5_7,-4.456836677491083e-9,-4.246913931638119e-11
64,2017,2023,1,6,55,8,1,台東区,East,55_台東区_8_6,-2.6164030941799865e-9,-2.582423164199099e-11
49,2017,2023,1,6,45,5,1,台東区,East,45_台東区_5_6,-5.045421858085319e-9,-4.859579405547265e-11
34,2018,2023,1,5,35,4,1,台東区,East,35_台東区_4_5,-1.5000000007824568,0.5000000000235205
58,2012,2023,1,11,70,6,1,台東区,East,70_台東区_6_11,-3.036490170416073e-9,-2.5935475989058432e-11
53,2014,2023,1,9,65,7,1,台東区,East,65_台東区_7_9,-12.000000003324558,-3.004063664491241e-11
47,2011,2023,1,12,55,6,1,台東区,East,55_台東区_6_12,-6.219764259185467e-9,-4.6463055625167726e-11
35,2009,2023,1,14,40,7,1,台東区,East,40_台東区_7_14,-5.683830295311054e-9,-5.0594639589007784e-11
42,2002,2023,1,21,55,3,1,台東区,East,55_台東区_3_21,-5.8075926290257485e-9,-5.0699666687137324e-11
40,2017,2023,1,6,45,7,1,台東区,East,45_台東区_7_6,-4.818552667984477e-9,-4.5534909176581095e-11
57,2003,2023,1,20,80,6,1,台東区,East,80_台東区_6_20,-3.14602743856085e-9,-2.6726176827196468e-11
31,2009,2023,1,14,35,6,1,台東区,East,35_台東区_6_14,-6.401176477766057e-9,-2.8046898137290555e-11
37,2009,2023,1,14,35,3,1,台東区,East,35_台東区_3_14,-9.087841590371681e-11,-7.327471962526033e-15
77,2012,2023,1,11,65,3,1,台東区,East,65_台東区_3_11,-3.921371671822271e-9,-3.476929855139588e-11
55,2016,2023,1,7,55,4,1,台東区,East,55_台東区_4_7,-5.222560162110312e-9,-5.0422555020190885e-11
30,1981,2023,1,42,50,12,1,台東区,East,50_台東区_12_42,-4.96799756888322e-9,-4.78910244794406e-11
52,2005,2023,1,18,70,7,1,台東区,East,70_台東区_7_18,-5.000000004288424,-3.994937713969193e-11
21,1991,2023,1,32,35,13,1,台東区,East,35_台東区_13_32,-4.581075074838736e-9,-4.0987879756926304e-11
37,1991,2023,1,32,65,7,1,台東区,East,65_台東区_7_32,-4.318522428548022e-9,-3.9607872537317235e-11
51,2011,2023,1,12,55,7,1,台東区,East,55_台東区_7_12,-4.407105791415233e-9,-4.124900421231814e-11
68,1999,2023,1,24,65,1,1,台東区,East,65_台東区_1_24,-1.2178560382380965e-9,-1.4710010987073474e-11
49,1999,2023,1,24,55,1,1,台東区,East,55_台東区_1_24,-3.812253623891593e-9,-3.447064855777171e-11
22,2008,2023,1,15,30,3,1,台東区,East,30_台東区_3_15,-5.692488258546291e-9,-5.0817128283142665e-11
44,1987,2023,1,36,70,2,1,台東区,East,70_台東区_2_36,-2.5651871737863985e-9,-2.4691138023058556e-11
56,1999,2023,1,24,55,10,1,台東区,East,55_台東区_10_24,-3.19631965339795e-9,-2.7793545243071094e-11
63,2012,2023,1,11,60,1,1,台東区,East,60_台東区_1_11,-5.685578230441024e-9,-5.125766477931393e-11
47,2011,2023,1,12,45,4,1,台東区,East,45_台東区_4_12,-4.476682136100862e-9,-4.13258316456222e-11
92,2015,2023,1,8,65,1,1,台東区,East,65_台東区_1_8,-2.9665443435078487e-9,-2.6538105046824967e-11
33,2008,2023,1,15,30,4,1,台東区,East,30_台東区_4_15,-3.3654004027994233e-9,-2.883138172649069e-11
58,2000,2023,1,23,65,3,1,台東区,East,65_台東区_3_23,-4.928821795147087e-9,-4.745359660773829e-11
50,2011,2023,1,12,45,5,1,台東区,East,45_台東区_5_12,2.9999999988638564,-1.4769074851983532e-11
62,2005,2023,1,18,70,7,1,台東区,East,70_台東区_7_18,4.999999995711576,-3.994937713969193e-11
66,2012,2023,1,11,60,9,1,台東区,East,60_台東区_9_11,-2.2957635792408837e-9,-2.2436719149254714e-11
13,1985,2023,1,38,30,7,1,台東区,East,30_台東区_7_38,-2.2298394242170616e-9,4.0559777758630844e-11
91,2016,2023,1,7,75,7,1,台東区,East,75_台東区_7_7,-2.997666115334141e-9,-2.58899568450488e-11
28,2007,2023,1,16,45,7,1,台東区,East,45_台東区_7_16,-6.071623204206844e-9,-4.966804745265563e-11
71,2001,2023,1,22,80,3,1,台東区,East,80_台東区_3_22,-3.294047701274394e-9,-2.826117118104321e-11
43,2010,2023,1,13,45,5,1,台東区,East,45_台東区_5_13,-3.3384210951226123e-9,-2.825539802131516e-11
44,2016,2023,1,7,45,6,1,台東区,East,45_台東区_6_7,-5.9000342389481375e-9,-5.22846210770922e-11
27,2015,2023,1,8,30,3,1,台東区,East,30_台東区_3_8,-9.833911462919787e-11,2.957412092996492e-12
61,2000,2023,1,23,70,5,1,台東区,East,70_台東区_5_23,-1.1746763561859552e-9,-1.2966516749202128e-11
42,2009,2023,1,14,40,3,1,台東区,East,40_台東区_3_14,-5.87135673413286e-10,-7.249756350802272e-12
58,2004,2023,1,19,65,7,1,台東区,East,65_台東区_7_19,-4.3116514802932215e-9,-4.0364822595506666e-11
37,2016,2023,1,7,35,4,1,台東区,East,35_台東区_4_7,-6.096783522480109e-9,-5.113864887107411e-11
42,2009,2023,1,14,40,5,1,台東区,East,40_台東区_5_14,-4.781540496878733e-9,-4.512989981719784e-11
70,2013,2023,1,10,60,6,1,台東区,East,60_台東区_6_10,-3.4912090995931067e-9,-3.01594305085473e-11
26,2016,2023,1,7,30,4,1,台東区,East,30_台東区_4_7,-5.960114179970333e-9,-4.991695945477659e-11
24,2009,2023,1,14,25,3,1,台東区,East,25_台東区_3_14,-2.4019897182370187e-9,-2.295386103412511e-11
23,2009,2023,1,14,30,3,1,台東区,East,30_台東区_3_14,-3.13053760692128e-9,-2.62332378042629e-11
54,1978,2023,1,45,65,5,1,台東区,East,65_台東区_5_45,-4.495632310863584e-9,-4.0356384900519515e-11
120,2010,2023,1,13,70,7,1,台東区,East,70_台東区_7_13,-4.976953960067476e-9,-4.806710585114615e-11
32,2003,2023,1,20,30,6,1,台東区,East,30_台東区_6_20,-6.150415288175282e-9,-4.123168473313399e-11
34,1982,2023,1,41,55,1,1,台東区,East,55_台東区_1_41,-2.000000005898187,-5.097966493394779e-11
38,2012,2023,1,11,45,5,1,台東区,East,45_台東区_5_11,-3.5000000000881073,2.6552093856935244e-12
63,2013,2023,1,10,65,3,1,台東区,East,65_台東区_3_10,-2.985736102800729e-9,-2.5751623056180506e-11
38,1982,2023,1,41,55,1,1,台東区,East,55_台東区_1_41,1.9999999941018132,-5.097966493394779e-11
35,1982,2023,1,41,65,1,1,台東区,East,65_台東区_1_41,-4.5898502776253736e-9,-4.147882037841555e-11
95,2002,2023,1,21,80,8,1,台東区,East,80_台東区_8_21,-3.3748364103303174e-9,-2.9988678207359953e-11
120,2002,2023,1,21,80,7,1,台東区,East,80_台東区_7_21,-4.115378260394209e-9,-3.777445023445125e-11
75,1999,2023,1,24,75,4,1,台東区,East,75_台東区_4_24,-4.675086984207155e-9,-4.3998138465894954e-11
90,2002,2023,1,21,80,2,1,台東区,East,80_台東区_2_21,-4.069477199664107e-9,-3.686317917583892e-11
86,2002,2023,1,21,70,2,1,台東区,East,70_台東区_2_21,-4.710756229542312e-9,-4.4213077643462384e-11
35,1982,2023,1,41,40,2,1,台東区,East,40_台東区_2_41,-1.4109460266809037e-9,3.3150371336887474e-11
19,2008,2023,1,15,30,6,1,台東区,East,30_台東区_6_15,-6.63536070533155e-9,-1.5146550680356086e-11
48,1989,2023,1,34,65,3,1,台東区,East,65_台東区_3_34,-1.1526566368047497e-9,-1.3788081787424744e-11
50,2017,2023,1,6,45,2,1,台東区,East,45_台東区_2_6,-5.103601097289356e-9,-4.9176218652746684e-11
60,2017,2023,1,6,70,3,1,台東区,East,70_台東区_3_6,-2.560746281687898e-9,-2.515254671209277e-11
34,2000,2023,1,23,35,3,1,台東区,East,35_台東区_3_23,3.431921413721284e-12,1.479416589234006e-11
33,1980,2023,1,43,50,3,1,台東区,East,50_台東区_3_43,-5.167279937268177e-10,2.0636603537127485e-11
25,2002,2023,1,21,30,1,1,台東区,East,30_台東区_1_21,-2.989100522654553e-9,-2.6579627387945948e-11
12,1984,2023,1,39,25,5,1,台東区,East,25_台東区_5_39,-4.489972837973255e-9,-4.019229393747992e-11
32,1983,2023,1,40,45,4,1,台東区,East,45_台東区_4_40,-5.739835273743665e-10,-6.602940416655656e-12
65,2001,2023,1,22,70,1,1,台東区,East,70_台東区_1_22,-4.417088916852663e-9,-4.104583339881174e-11
22,1976,2023,1,47,65,5,1,台東区,East,65_台東区_5_47,-2.1839454689143167e-9,-2.144262545300535e-11
100,2012,2023,1,11,85,3,1,台東区,East,85_台東区_3_11,-3.343416210555006e-9,-3.003974846649271e-11
110,2012,2023,1,11,80,3,1,台東区,East,80_台東区_3_11,-3.747288701561047e-9,-3.345834720391849e-11
78,2012,2023,1,11,75,4,1,台東区,East,75_台東区_4_11,-4.697000122177997e-9,-4.427036515153304e-11
42,2008,2023,1,15,40,3,1,台東区,East,40_台東区_3_15,-4.59169768873835e-9,-4.176392565113929e-11
38,2000,2023,1,23,45,10,1,台東区,East,45_台東区_10_23,-6.308219724360242e-9,-3.376010582201161e-11
82,2012,2023,1,11,70,3,1,台東区,East,70_台東区_3_11,-2.345728944419534e-9,-2.255262643302558e-11
48,1999,2023,1,24,55,4,1,台東区,East,55_台東区_4_24,-1.9761614566959906e-10,-3.65374397404139e-12
65,2003,2021,1,18,70,9,0,墨田区,East,70_墨田区_9_18,-4.093379857295076e-9,-3.6157965510597023e-11
58,2011,2021,1,10,60,7,0,墨田区,East,60_墨田区_7_10,-3.2015634587878594e-9,-2.7704061267286306e-11
60,2015,2021,1,6,65,8,0,墨田区,East,65_墨田区_8_6,-3.5391138908380526e-9,-3.157940575704288e-11
60,2005,2021,1,16,65,8,0,墨田区,East,65_墨田区_8_16,-2.7388722401155974e-9,-2.4520829811081057e-11
45,2008,2021,1,13,55,1,0,墨田区,East,55_墨田区_1_13,-4.579661094794574e-9,-4.3116399339737654e-11
60,2002,2021,1,19,75,6,0,墨田区,East,75_墨田区_6_19,-4.190113145341456e-9,-3.834643713673813e-11
40,1980,2021,1,41,70,3,0,墨田区,East,70_墨田区_3_41,-2.3634569856767484e-9,-2.2402302235491334e-11
51,1999,2021,1,22,80,6,0,墨田区,East,80_墨田区_6_22,-3.782041346767073e-9,-3.3500313634249324e-11
43,1995,2021,1,26,65,8,0,墨田区,East,65_墨田区_8_26,-2.4816984023345867e-9,-2.3421042882887377e-11
45,1999,2021,1,22,75,6,0,墨田区,East,75_墨田区_6_22,-3.3427269841013185e-9,-2.999467341169293e-11
55,2000,2021,1,21,65,5,0,墨田区,East,65_墨田区_5_21,12.333333328638176,-4.4578118973959135e-11
21,1984,2021,1,37,35,9,0,墨田区,East,35_墨田区_9_37,-4.772211070758203e-9,-4.516387264175137e-11
14,1978,2021,1,43,30,4,0,墨田区,East,30_墨田区_4_43,9.318057436757954e-11,1.2255751968837103e-11
39,1987,2021,1,34,70,9,0,墨田区,East,70_墨田区_9_34,-4.06372180350445e-9,-3.5958125366164495e-11
23,2014,2021,1,7,25,4,0,墨田区,East,25_墨田区_4_7,7.695177828281885e-11,7.773337529215496e-12
30,1996,2021,1,25,65,2,0,墨田区,East,65_墨田区_2_25,-3.462389486230677e-9,-2.987432523582356e-11
16,1987,2021,1,34,35,8,0,墨田区,East,35_墨田区_8_34,-6.1848766108596465e-9,-4.4317882696987e-11
45,1994,2021,1,27,70,8,0,墨田区,East,70_墨田区_8_27,-4.67086636035674e-9,-4.391242924839389e-11
53,2012,2021,1,9,55,5,0,墨田区,East,55_墨田区_5_9,-5.470397468343435e-10,-6.299183397118213e-12
36,1979,2021,1,42,60,8,0,墨田区,East,60_墨田区_8_42,-4.565272604395432e-9,-4.0961456448940226e-11
60,2011,2021,1,10,55,6,0,墨田区,East,55_墨田区_6_10,10.49999999520324,-0.5000000000448965
64,2000,2021,1,21,75,8,0,墨田区,East,75_墨田区_8_21,-3.6549749893310945e-9,-3.2257307935879e-11
26,2010,2021,1,11,35,2,0,墨田区,East,35_墨田区_2_11,-6.053944900941133e-9,-5.080935672197029e-11
23,2013,2021,1,8,30,5,0,墨田区,East,30_墨田区_5_8,-7.556550940535089e-10,-9.041212223337425e-12
36,1972,2021,1,49,55,6,0,墨田区,East,55_墨田区_6_49,-3.945523019410757e-9,-3.4919178659720274e-11
32,2011,2021,1,10,40,9,0,墨田区,East,40_墨田区_9_10,-6.2233596054284135e-9,-4.136357922845946e-11
63,2016,2021,1,5,65,12,0,墨田区,East,65_墨田区_12_5,-4.771550266013946e-9,-4.5379033863923723e-11
67,2011,2021,1,10,70,7,0,墨田区,East,70_墨田区_7_10,-3.78587117211282e-9,-3.455791208750725e-11
34,2009,2021,1,12,45,6,0,墨田区,East,45_墨田区_6_12,-3.00163804922704e-9,-2.5803359449128038e-11
58,1999,2021,1,22,70,8,0,墨田区,East,70_墨田区_8_22,1.4999999979975769,-1.9914514481911283e-11
36,2013,2021,1,8,55,6,0,墨田区,East,55_墨田区_6_8,-1.5034515854495112e-9,-1.687494588509253e-11
22,2012,2021,1,9,30,9,0,墨田区,East,30_墨田区_9_9,-6.686597942007211e-10,2.231570483957057e-11
63,2013,2021,1,8,65,9,0,墨田区,East,65_墨田区_9_8,-3.6110989753979084e-9,-3.202971221583084e-11
31,1996,2021,1,25,50,6,0,墨田区,East,50_墨田区_6_25,-6.021387832788605e-9,-5.033817807031937e-11
55,1999,2021,1,22,70,8,0,墨田区,East,70_墨田区_8_22,-1.5000000020024231,-1.9914514481911283e-11
63,2003,2021,1,18,70,7,0,墨田区,East,70_墨田区_7_18,-4.653664120723988e-9,-4.445421808441097e-11
17,1972,2021,1,49,35,2,0,墨田区,East,35_墨田区_2_49,-8.543139529137989e-10,-9.984679749663883e-12
54,2009,2021,1,12,70,10,0,墨田区,East,70_墨田区_10_12,-1.9802826045633992e-9,-1.958566642201731e-11
60,2012,2021,1,9,65,8,0,墨田区,East,65_墨田区_8_9,-1.4432899320127035e-9,-1.6223244969637562e-11
68,2009,2021,1,12,75,10,0,墨田区,East,75_墨田区_10_12,-3.520426616887562e-9,-3.19060333708876e-11
31,1989,2021,1,32,55,8,0,墨田区,East,55_墨田区_8_32,-4.50000000165798,-1.673994276529811e-11
12,1991,2021,1,30,25,8,0,墨田区,East,25_墨田区_8_30,-4.5212900090518815e-9,-4.033839928752059e-11
40,1989,2021,1,32,55,8,0,墨田区,East,55_墨田区_8_32,4.49999999834202,-1.673994276529811e-11
31,2004,2021,1,17,40,1,0,墨田区,East,40_墨田区_1_17,-1.101774671496969e-9,-1.4344303522761948e-11
40,2002,2021,1,19,55,2,0,墨田区,East,55_墨田区_2_19,-3.386652736026008e-9,-2.96191959847647e-11
27,1978,2021,1,43,45,4,0,墨田区,East,45_墨田区_4_43,-6.352479431370739e-9,-2.8564040022160953e-11
43,1987,2021,1,34,65,3,0,墨田区,East,65_墨田区_3_34,-5.2522253213282966e-9,-5.0814907837093415e-11
16,1981,2021,1,40,40,5,0,墨田区,East,40_墨田区_5_40,-5.636564992528292e-9,-5.0591530964538833e-11
38,1980,2021,1,41,55,3,0,墨田区,East,55_墨田区_3_41,-6.095000060213351e-9,-5.156008953122182e-11
35,1997,2021,1,24,50,4,0,墨田区,East,50_墨田区_4_24,-4.424052235663112e-9,-4.066946779346381e-11
28,1997,2021,1,24,70,8,0,墨田区,East,70_墨田区_8_24,-3.3239757613046095e-9,-3.0857760791036526e-11
42,2008,2021,1,13,65,11,0,墨田区,East,65_墨田区_11_13,-2.2348629613588855e-9,-2.1717294629297612e-11
37,1990,2021,1,31,45,7,0,墨田区,East,45_墨田区_7_31,-6.431150723074097e-9,-3.732525399868791e-11
43,2004,2021,1,17,65,3,0,墨田区,East,65_墨田区_3_17,-1.4952163951420516e-9,-1.642086466802084e-11
52,2014,2021,1,7,60,5,0,墨田区,East,60_墨田区_5_7,-5.221764354246261e-9,-5.0246917737695185e-11
48,1990,2021,1,31,60,3,0,墨田区,East,60_墨田区_3_31,-1.956834694283316e-10,-3.75610653691183e-12
33,2006,2021,1,15,55,6,0,墨田区,East,55_墨田区_6_15,-4.113502427571802e-9,-3.7668312913297086e-11
44,1997,2021,1,24,70,5,0,墨田区,East,70_墨田区_5_24,-3.753484634216875e-9,-3.2682967443520283e-11
63,1997,2021,1,24,85,5,0,墨田区,East,85_墨田区_5_24,-3.8577212535528815e-9,-3.411670945752121e-11
25,1982,2021,1,39,65,5,0,墨田区,East,65_墨田区_5_39,-1.1115268705452763e-9,-1.3256062914024369e-11
43,2006,2021,1,15,80,10,0,墨田区,East,80_墨田区_10_15,-3.418421101741842e-9,-3.142597293503968e-11
40,2006,2021,1,15,75,10,0,墨田区,East,75_墨田区_10_15,-3.31890959159864e-9,-3.0350166824177904e-11
31,1996,2021,1,25,65,9,0,墨田区,East,65_墨田区_9_25,-5.337568609320442e-9,-5.079914267014374e-11
12,1973,2021,1,48,30,3,0,墨田区,East,30_墨田区_3_48,9.984901794268808e-11,1.2262635351589779e-11
34,2015,2021,1,6,45,3,0,墨田区,East,45_墨田区_3_6,-6.026979804119037e-9,-5.10809172737936e-11
9.8,1979,2021,1,42,40,2,0,墨田区,East,40_墨田区_2_42,-4.2292569446544803e-10,-5.6779025925379756e-12
31,1997,2021,1,24,65,2,0,墨田区,East,65_墨田区_2_24,-4.531770514404343e-9,-4.1910253045784884e-11
15,1980,2021,1,41,45,4,0,墨田区,East,45_墨田区_4_41,-5.872962560715678e-9,-5.1423310054588e-11
46,2000,2021,1,21,75,5,0,墨田区,East,75_墨田区_5_21,-3.2005118555389345e-9,-2.786793018572098e-11
17,2008,2021,1,13,25,2,0,墨田区,East,25_墨田区_2_13,-6.240888694719615e-9,-4.489963956189058e-11
29,2011,2021,1,10,40,5,0,墨田区,East,40_墨田区_5_10,-6.155552512154827e-9,-4.3747006017724743e-11
39,2003,2021,1,18,65,8,0,墨田区,East,65_墨田区_8_18,-1.2861534059993573e-9,-1.475886080015698e-11
26,1991,2021,1,30,50,2,0,墨田区,East,50_墨田区_2_30,-6.246978045965079e-9,-4.5358827804875546e-11
48,2007,2021,1,14,85,2,0,墨田区,East,85_墨田区_2_14,-3.5673082265930134e-9,-3.1253222232408007e-11
39,2016,2021,1,5,45,11,0,墨田区,East,45_墨田区_11_5,-6.329301527330244e-10,-9.33053634355474e-12
44,2003,2021,1,18,80,2,0,墨田区,East,80_墨田区_2_18,-3.665043379896815e-9,-3.226396927402675e-11
37,2000,2021,1,21,65,14,0,墨田区,East,65_墨田区_14_21,0.9999999974807139,-2.3658852654762086e-11
35,2000,2021,1,21,65,14,0,墨田区,East,65_墨田区_14_21,-1.0000000025192861,-2.3658852654762086e-11
60,2004,2021,1,17,85,5,0,墨田区,East,85_墨田区_5_17,-3.6554084203999082e-9,-3.2033042884904717e-11
45,2006,2021,1,15,55,9,0,墨田区,East,55_墨田区_9_15,-1.5000000058575225,-0.500000000052431
38,2005,2021,1,16,55,9,0,墨田区,East,55_墨田区_9_16,-2.339724858302361e-9,-2.2142510047729047e-11
35,1992,2021,1,29,55,7,0,墨田区,East,55_墨田区_7_29,1.8907542198576266e-10,8.65174598629892e-12
15,1982,2021,1,39,50,8,0,墨田区,East,50_墨田区_8_39,-5.122803514723273e-9,-4.9265924673136396e-11
22,1980,2021,1,41,55,11,0,墨田区,East,55_墨田区_11_41,-6.154618148457303e-9,-5.204681130521749e-11
57,2015,2021,1,6,65,11,0,墨田区,East,65_墨田区_11_6,-2.3174422381089244e-9,-2.2150059564296498e-11
63,2014,2021,1,7,65,6,0,墨田区,East,65_墨田区_6_7,-2.5518147594993934e-9,-2.4656277020085327e-11
12,1973,2021,1,48,25,10,0,墨田区,East,25_墨田区_10_48,9.059775152309157e-11,7.878808716554886e-12
37,2000,2021,1,21,65,5,0,墨田区,East,65_墨田区_5_21,-5.666666671361824,-4.4578118973959135e-11
14,2007,2021,1,14,25,9,0,墨田区,East,25_墨田区_9_14,-3.367404133314267e-10,1.8395507339619144e-11
35,1997,2021,1,24,65,6,0,墨田区,East,65_墨田区_6_24,-4.371372597233858e-9,-4.019828914181289e-11
15,1981,2021,1,40,55,12,0,墨田区,East,55_墨田区_12_40,-4.593381675022101e-9,-4.3126613391564206e-11
36,2000,2021,1,21,65,5,0,墨田区,East,65_墨田区_5_21,-6.666666671361824,-4.4578118973959135e-11
42,2014,2021,1,7,70,7,0,墨田区,East,70_墨田区_7_7,-2.4669262188581342e-9,-2.3426593998010503e-11
40,1999,2021,1,22,65,4,0,墨田区,East,65_墨田区_4_22,-4.362604499874578e-9,-4.014433230281611e-11
18,2006,2021,1,15,25,6,0,墨田区,East,25_墨田区_6_15,-3.6281058157783264e-9,-3.227818012874195e-11
53,2001,2021,1,20,60,5,0,墨田区,East,60_墨田区_5_20,-3.981348584147781e-9,-3.5667246933712704e-11
70,2012,2023,1,11,70,1,1,墨田区,East,70_墨田区_1_11,-2.3539854510090663e-9,-2.2596591264800736e-11
65,2015,2023,1,8,65,7,1,墨田区,East,65_墨田区_7_8,1.99999999557253,-4.1284531349106146e-11
27,1981,2023,1,42,45,12,1,墨田区,East,45_墨田区_12_42,-4.840501333092107e-10,-6.41908748377773e-12
31,1980,2023,1,43,60,6,1,墨田区,East,60_墨田区_6_43,-3.3730174209267716e-9,-3.045053098560402e-11
48,2008,2023,1,15,55,9,1,墨田区,East,55_墨田区_9_15,1.4999999941424775,0.49999999994756905
63,2003,2023,1,20,80,2,1,墨田区,East,80_墨田区_2_20,-3.423942018798698e-9,-3.126032765976561e-11
55,2008,2023,1,15,60,8,1,墨田区,East,60_墨田区_8_15,-3.417000016270322e-9,-3.0540903139808506e-11
46,2012,2023,1,11,55,4,1,墨田区,East,55_墨田区_4_11,-6.36168806522619e-9,-3.4498182088782414e-11
50,2008,2023,1,15,55,2,1,墨田区,East,55_墨田区_2_15,-6.21661655486605e-9,-4.443978518509084e-11
100,2015,2023,1,8,75,3,1,墨田区,East,75_墨田区_3_8,-3.089539291067922e-9,-2.6485924564667584e-11
58,2015,2023,1,8,60,3,1,墨田区,East,60_墨田区_3_8,-2.2974262492425623e-9,-2.2049251313660534e-11
70,2014,2023,1,9,70,3,1,墨田区,East,70_墨田区_3_9,2.4999999972120293,-2.5868640562975997e-11
65,2014,2023,1,9,70,3,1,墨田区,East,70_墨田区_3_9,-2.5000000027879707,-2.5868640562975997e-11
93,2012,2023,1,11,70,4,1,墨田区,East,70_墨田区_4_11,-2.3104576030164026e-9,-2.1935564475938918e-11
16,1978,2023,1,45,40,5,1,墨田区,East,40_墨田区_5_45,-3.3867486592953355e-9,-2.9402258405752946e-11
23,1979,2023,1,44,35,7,1,墨田区,East,35_墨田区_7_44,-5.692299964721315e-9,-5.072364750446923e-11
64,2012,2023,1,11,60,4,1,墨田区,East,60_墨田区_4_11,-2.1442474462674e-9,-2.0922374943666e-11
110,2008,2023,1,15,75,5,1,墨田区,East,75_墨田区_5_15,-4.15906242778874e-9,-3.6883607279492026e-11
34,2014,2023,1,9,35,9,1,墨田区,East,35_墨田区_9_9,6.119194040365983e-11,1.0489609181263404e-11
43,2002,2023,1,21,80,7,1,墨田区,East,80_墨田区_7_21,-3.6146587945040665e-9,-3.228550760070448e-11
38,2004,2023,1,19,70,6,1,墨田区,East,70_墨田区_6_19,-2.349963779124664e-9,-2.266564713693242e-11
51,2006,2023,1,17,80,3,1,墨田区,East,80_墨田区_3_17,-3.483030752704508e-9,-3.027711414915757e-11
62,2017,2023,1,6,75,4,1,墨田区,East,75_墨田区_4_6,-4.4136569954389415e-9,-4.111311291410402e-11
38,2001,2023,1,22,75,7,1,墨田区,East,75_墨田区_7_22,-3.1139251177592087e-9,-2.6691981958038014e-11
41,2002,2023,1,21,65,6,1,墨田区,East,65_墨田区_6_21,-4.269665510037157e-9,-3.9403147411576356e-11
30,1989,2023,1,34,45,10,1,墨田区,East,45_墨田区_10_34,-1.746730760032733e-9,-1.7361667659088198e-11
56,1996,2023,1,27,60,7,1,墨田区,East,60_墨田区_7_27,-4.9288644277112326e-9,-4.746536497179932e-11
56,2005,2023,1,18,60,8,1,墨田区,East,60_墨田区_8_18,-2.9398847800621297e-9,-2.570765822440535e-11
43,1982,2023,1,41,60,12,1,墨田区,East,60_墨田区_12_41,-2.0129036215621454e-9,-1.9731105638243207e-11
92,2006,2023,1,17,65,4,1,墨田区,East,65_墨田区_4_17,-3.7742893255199306e-9,-3.4325653430755665e-11
27,1987,2023,1,36,35,7,1,墨田区,East,35_墨田区_7_36,-9.051603910847916e-11,-9.598988270909103e-13
120,2006,2023,1,17,90,3,1,墨田区,East,90_墨田区_3_17,4.0095358144753845e-9,4.047850943322828e-11
11,1978,2023,1,45,35,8,1,墨田区,East,35_墨田区_8_45,-3.1116300647227035e-9,-2.6374680217600144e-11
39,1993,2023,1,30,55,6,1,墨田区,East,55_墨田区_6_30,-6.193594970227423e-9,-4.8799853047398756e-11
8,1978,2023,1,45,35,11,1,墨田区,East,35_墨田区_11_45,-5.640636402404198e-9,-5.0603521373204785e-11
29,2010,2023,1,13,35,2,1,墨田区,East,35_墨田区_2_13,-2.0000000048705218,-4.631051098158423e-11
59,1998,2023,1,25,60,2,1,墨田区,East,60_墨田区_2_25,-1.8035706261798623e-10,2.184030734042608e-12
33,2010,2023,1,13,35,2,1,墨田区,East,35_墨田区_2_13,1.9999999951294782,-4.631051098158423e-11
65,2004,2023,1,19,70,1,1,墨田区,East,70_墨田区_1_19,-4.488171612138103e-9,-4.12929690440933e-11
46,2018,2023,1,5,40,8,1,墨田区,East,40_墨田区_8_5,-3.310844931547763e-10,1.8565371462386793e-11
39,2013,2023,1,10,55,6,1,墨田区,East,55_墨田区_6_10,-10.50000000479676,0.49999999995510347
50,2016,2023,1,7,60,9,1,墨田区,East,60_墨田区_9_7,-1.946823147136456e-9,-1.9066304091097663e-11
53,2017,2023,1,6,60,8,1,墨田区,East,60_墨田区_8_6,-1.0000000050323195,-4.953526477891046e-11
47,2009,2023,1,14,55,6,1,墨田区,East,55_墨田区_6_14,-2.756564754236024e-9,-2.4590551817027517e-11
50,2011,2023,1,12,55,9,1,墨田区,East,55_墨田区_9_12,-2.612225102893717e-9,-2.525046838286471e-11
55,2017,2023,1,6,60,8,1,墨田区,East,60_墨田区_8_6,0.99999999496768055,-4.953526477891046e-11
55,2012,2023,1,11,60,8,1,墨田区,East,60_墨田区_8_11,-3.7514595874199586e-9,-3.402944592778567e-11
39,1997,2023,1,26,60,9,1,墨田区,East,60_墨田区_9_26,-5.861913621174608e-9,-5.1620707708366353e-11
42,1994,2023,1,29,60,8,1,墨田区,East,60_墨田区_8_29,-1.6113688161567552e-9,-1.727440412935266e-11
38,2008,2023,1,15,40,7,1,墨田区,East,40_墨田区_7_15,-2.5000000008585985,-9.601874850773129e-12
21,2015,2023,1,8,25,10,1,墨田区,East,25_墨田区_10_8,-6.217923953499849e-9,-4.1029402098047285e-11
60,1999,2023,1,24,75,8,1,墨田区,East,75_墨田区_8_24,-3.891329924954334e-9,-3.499400769158001e-11
40,2013,2023,1,10,45,6,1,墨田区,East,45_墨田区_6_10,-4.301689671137865e-9,-3.985300978115447e-11
43,2008,2023,1,15,40,7,1,墨田区,East,40_墨田区_7_15,2.4999999991414015,-9.601874850773129e-12
56,1996,2023,1,27,75,6,1,墨田区,East,75_墨田区_6_27,-4.290725996725087e-9,-4.022737698505807e-11
52,2004,2023,1,19,60,5,1,墨田区,East,60_墨田区_5_19,-3.276383608863398e-9,-2.8062885348845157e-11
63,2008,2023,1,15,70,10,1,墨田区,East,70_墨田区_10_15,-2.4658746156092093e-9,-2.3482327193846686e-11
56,2009,2023,1,14,60,11,1,墨田区,East,60_墨田区_11_14,-2.5032136363734026e-9,-2.3704149754166792e-11
29,1979,2023,1,44,35,6,1,墨田区,East,35_墨田区_6_44,-3.5041978208028013e-9,-3.1180835691202446e-11
44,1987,2023,1,36,65,3,1,墨田区,East,65_墨田区_3_36,-4.682405574385484e-9,-4.3786752002006324e-11
38,1980,2023,1,43,55,4,1,墨田区,East,55_墨田区_4_43,-1.3033485402047518e-10,2.651656672014724e-12
69,1992,2023,1,31,70,1,1,墨田区,East,70_墨田区_1_31,-3.020886651938781e-9,-2.5937696435107682e-11
26,2007,2023,1,16,25,5,1,墨田区,East,25_墨田区_5_16,-6.0617679764618515e-9,-5.1785464805220727e-11
65,2002,2023,1,21,70,2,1,墨田区,East,70_墨田区_2_21,-3.006306315000984e-9,-2.6690427645803538e-11
55,2000,2023,1,23,80,7,1,墨田区,East,80_墨田区_7_23,-3.4329303844060632e-9,-2.9884095198440264e-11
82,2018,2023,1,5,80,13,1,墨田区,East,80_墨田区_13_5,-3.91636945096252e-9,-3.475486565207575e-11
49,2014,2023,1,9,75,9,1,墨田区,East,75_墨田区_9_9,-3.938943393677619e-9,-3.541722470856712e-11
32,1996,2023,1,27,65,6,1,墨田区,East,65_墨田区_6_27,-2.8096067694605154e-9,-2.503242058082833e-11
27,2007,2023,1,16,50,1,1,墨田区,East,50_墨田区_1_16,-8.398544082410808e-10,-1.0524914273446484e-11
48,2018,2023,1,5,65,13,1,墨田区,East,65_墨田区_13_5,-5.003045089324587e-9,-4.770606132353805e-11
41,1986,2023,1,37,55,3,1,墨田区,East,55_墨田区_3_37,-4.6813681819912745e-9,-4.387623597779111e-11
76,2017,2023,1,6,70,3,1,墨田区,East,70_墨田区_3_6,-1.7615633396417252e-9,-1.7663426277181316e-11
70,2017,2023,1,6,70,7,1,墨田区,East,70_墨田区_7_6,-2.7240361077929265e-9,-2.564415346739679e-11
75,2011,2023,1,12,75,4,1,墨田区,East,75_墨田区_4_12,-4.158067667958676e-9,-3.700151296470722e-11
62,1993,2023,1,30,65,10,1,墨田区,East,65_墨田区_10_30,-1.123233062116924e-9,-1.3886669592011458e-11
66,2014,2023,1,9,65,4,1,墨田区,East,65_墨田区_4_9,-4.349431037553586e-9,-4.033662293068119e-11
61,2015,2023,1,8,65,7,1,墨田区,East,65_墨田区_7_8,-2.00000000442747,-4.1284531349106146e-11
44,2014,2023,1,9,45,4,1,墨田区,East,45_墨田区_4_9,0.49999999507044635,-4.648614826407993e-11
43,2014,2023,1,9,45,4,1,墨田区,East,45_墨田区_4_9,-0.5000000049295537,-4.648614826407993e-11
36,2006,2023,1,17,55,6,1,墨田区,East,55_墨田区_6_17,-4.72714134502894e-9,-4.5318193642174265e-11
75,2014,2023,1,9,70,4,1,墨田区,East,70_墨田区_4_9,-2.3800907911208924e-9,-2.2973845048568364e-11
35,1982,2023,1,41,65,11,1,墨田区,East,65_墨田区_11_41,-4.216630600240023e-9,-3.8584024864007915e-11
57,2011,2023,1,12,55,5,1,墨田区,East,55_墨田区_5_12,-6.065064894755778e-9,-5.0717874344741176e-11
36,1981,2023,1,42,65,4,1,墨田区,East,65_墨田区_4_42,-5.341398434666189e-9,-5.0240256399547434e-11
35,1989,2023,1,34,55,5,1,墨田区,East,55_墨田区_5_34,-3.568082718174992e-9,-3.2033042884904717e-11
24,1982,2023,1,41,50,8,1,墨田区,East,50_墨田区_8_41,-4.4462282744461845e-9,-4.130273900671e-11
57,2005,2023,1,18,65,5,1,墨田区,East,65_墨田区_5_18,-3.911544865786709e-9,-3.527111935852645e-11
32,1982,2023,1,41,65,6,1,墨田区,East,65_墨田区_6_41,-4.5110510882295785e-9,-4.260591879301501e-11
49,2003,2023,1,20,65,8,1,墨田区,East,65_墨田区_8_20,-1.1456791071395855e-9,-1.4219292410189155e-11
42,1996,2023,1,27,65,10,1,墨田区,East,65_墨田区_10_27,-1.1376712905075692e-9,-1.3146150834586479e-11
25,1989,2023,1,34,55,4,1,墨田区,East,55_墨田区_4_34,4.75353090223507e-11,5.3792525989138085e-12
16,1989,2023,1,34,35,10,1,墨田区,East,35_墨田区_10_34,-6.663405827112001e-9,-1.5345946735578764e-11
32,1985,2023,1,38,50,10,1,墨田区,East,50_墨田区_10_38,-4.8484096737411164e-9,-4.647060514173518e-11
20,2012,2023,1,11,30,6,1,墨田区,East,30_墨田区_6_11,-5.425349058896245e-10,-7.567724225054917e-12
45,2009,2023,1,14,60,10,1,墨田区,East,60_墨田区_10_14,-2.0251889054634375e-10,-3.643751966819764e-12
7,1978,2023,1,45,35,7,1,墨田区,East,35_墨田区_7_45,-5.872454522659609e-9,-5.266653779756325e-11
40,2014,2023,1,9,45,8,1,墨田区,East,45_墨田区_8_9,-3.199168929768348e-9,-2.718736347162576e-11
65,2001,2023,1,22,70,10,1,墨田区,East,70_墨田区_10_22,-2.381199237788678e-9,-2.298916612630819e-11
64,2013,2023,1,10,65,4,1,墨田区,East,65_墨田区_4_10,-4.818090815206233e-9,-4.547340282101686e-11
65,1995,2023,1,28,65,6,1,墨田区,East,65_墨田区_6_28,-4.773681894221227e-9,-4.5244474833339154e-11
49,2005,2023,1,18,75,7,1,墨田区,East,75_墨田区_7_18,-4.348208904048079e-9,-4.030198397231288e-11
30,2006,2023,1,17,35,5,1,墨田区,East,35_墨田区_5_17,-6.287827147843927e-9,-3.3905100949027656e-11
44,2014,2023,1,9,45,2,1,墨田区,East,45_墨田区_2_9,-1.6475141251248715e-9,-1.6796786184158918e-11
46,1981,2023,1,42,65,2,1,墨田区,East,65_墨田区_2_42,-5.321879825714859e-9,-5.048761408943392e-11
44,1975,2023,1,48,65,3,1,墨田区,East,65_墨田区_3_48,-5.825526727676333e-9,-5.15918419097261e-11
15,1981,2023,1,42,25,2,1,墨田区,East,25_墨田区_2_42,-2.8389735007294803e-10,-4.573230683035945e-12
24,1977,2023,1,46,40,1,1,墨田区,East,40_墨田区_1_46,-6.192554025119534e-9,-5.1182169613639417e-11
29,2011,2023,1,12,40,6,1,墨田区,East,40_墨田区_6_12,-5.853273421507765e-9,-5.15953946234049e-11
29,1988,2023,1,35,45,6,1,墨田区,East,45_墨田区_6_35,-6.071555702646947e-9,-5.1181281435219717e-11
66,2014,2021,1,7,75,12,0,江東区,East,75_江東区_12_7,-2.5403608105989406e-9,-2.4513724383723456e-11
54,2008,2021,1,13,70,3,0,江東区,East,70_江東区_3_13,-3.500000004286008,-3.9669156848276543e-11
61,2008,2021,1,13,70,3,0,江東区,East,70_江東区_3_13,3.499999995713992,-3.9669156848276543e-11
44,2004,2021,1,17,65,3,0,江東区,East,65_江東区_3_17,-1.1893064311152557e-10,-2.0394796962364126e-12
66,2006,2021,1,15,90,7,0,江東区,East,90_江東区_7_15,-4.000000003557204,-3.239275514488327e-11
69,2014,2021,1,7,75,8,0,江東区,East,75_江東区_8_7,-3.3557228107383708e-9,-2.9457769556984204e-11
73,2008,2021,1,13,85,3,0,江東区,East,85_江東区_3_13,-3.316003471809381e-9,-3.012368132715437e-11
71,2009,2021,1,12,85,8,0,江東区,East,85_江東区_8_12,8.49999999579309,-3.8538061630788434e-11
58,2008,2021,1,13,60,3,0,江東区,East,60_江東区_3_13,-4.1124863514596655e-9,-3.7759573245921274e-11
59,2008,2021,1,13,65,3,0,江東区,East,65_江東区_3_13,2.499999995595296,-4.031730505005271e-11
60,2009,2021,1,12,65,8,0,江東区,East,65_江東区_8_12,1.9999999977940277,-2.1626478385883274e-11
40,2010,2021,1,11,40,5,0,江東区,East,40_江東区_5_11,0.9999999974397511,-2.467004378559068e-11
56,2014,2021,1,7,60,8,0,江東区,East,60_江東区_8_7,-1.0000000011369394,-1.4305445716900067e-11
55,2010,2021,1,11,60,5,0,江東区,East,60_江東区_5_11,-1.000000005835517,-5.208344866503012e-11
47,2009,2021,1,12,45,8,0,江東区,East,45_江東区_8_12,-4.80592632357002e-9,-4.576050649518493e-11
70,2010,2021,1,11,75,5,0,江東区,East,75_江東区_5_11,2.499999997162064,-2.5659696589741543e-11
69,2004,2021,1,17,80,4,0,江東区,East,80_江東区_4_17,-3.295298256489332e-9,-2.879119165299926e-11
55,2010,2021,1,11,60,5,0,江東区,East,60_江東区_5_11,-1.000000005835517,-5.208344866503012e-11
95,2014,2021,1,7,80,8,0,江東区,East,80_江東区_8_7,-3.9909622273626155e-9,-3.5626612771011423e-11
74,2006,2021,1,15,90,7,0,江東区,East,90_江東区_7_15,3.9999999964427957,-3.239275514488327e-11
56,2009,2021,1,12,65,8,0,江東区,East,65_江東区_8_12,-2.0000000022059723,-2.1626478385883274e-11
54,2008,2021,1,13,65,3,0,江東区,East,65_江東区_3_13,-2.500000004404704,-4.031730505005271e-11
67,2008,2021,1,13,75,3,0,江東区,East,75_江東区_3_13,-4.391466745801154e-9,-4.0284442448523805e-11
66,2006,2021,1,15,80,7,0,江東区,East,80_江東区_7_15,-3.0003661777300294e-9,-2.550737399076297e-11
70,2006,2021,1,15,90,7,0,江東区,East,90_江東区_7_15,-3.5572043088905048e-9,-3.239275514488327e-11
58,2014,2021,1,7,60,8,0,江東区,East,60_江東区_8_7,0.9999999988630606,-1.4305445716900067e-11
38,2010,2021,1,11,40,5,0,江東区,East,40_江東区_5_11,-1.000000002560249,-2.467004378559068e-11
65,2010,2021,1,11,75,5,0,江東区,East,75_江東区_5_11,-2.500000002837936,-2.5659696589741543e-11
59,2009,2021,1,12,60,8,0,江東区,East,60_江東区_8_12,-6.29839291832468e-10,-8.378631122241131e-12
66,2010,2021,1,11,70,5,0,江東区,East,70_江東区_5_11,-2.9312730021047173e-9,-2.57125432057137e-11
58,2010,2021,1,11,60,5,0,江東区,East,60_江東区_5_11,1.999999994164483,-5.208344866503012e-11
70,2010,2021,1,11,80,5,0,江東区,East,80_江東区_5_11,-4.093379857295076e-9,-3.59989815734707e-11
67,2008,2021,1,13,75,3,0,江東区,East,75_江東区_3_13,-4.391466745801154e-9,-4.0284442448523805e-11
48,2008,2021,1,13,60,5,0,江東区,East,60_江東区_5_13,-1.0852190257537586e-9,-1.375877189957464e-11
34,1985,2021,1,36,70,10,0,江東区,East,70_江東区_10_36,-1.7010037822728918e-9,-1.717381792332162e-11
40,2004,2021,1,17,70,7,0,江東区,East,70_江東区_7_17,-3.754479394046939e-9,-3.272382365082649e-11
38,2013,2021,1,8,70,14,0,江東区,East,70_江東区_14_8,-2.229299411737884e-9,-2.18121076756006e-11
45,2006,2021,1,15,85,14,0,江東区,East,85_江東区_14_15,-3.4682017258091946e-9,-3.12230241661382e-11
25,1998,2021,1,23,60,15,0,江東区,East,60_江東区_15_23,-5.489464882657558e-9,-5.0878856683311824e-11
63,2002,2021,1,19,90,6,0,江東区,East,90_江東区_6_19,-4.213731585878122e-9,-3.72151198746451e-11
65,2015,2021,1,6,75,6,0,江東区,East,75_江東区_6_6,-2.6674769060264225e-9,-2.6024737920238294e-11
60,2005,2021,1,16,70,5,0,江東区,East,70_江東区_5_16,0.6666666654005837,-1.4704015782740498e-11
65,2012,2021,1,9,75,4,0,江東区,East,75_江東区_4_9,-11.000000003492943,-0.666666666698132
59,2005,2021,1,16,70,5,0,江東区,East,70_江東区_5_16,-0.3333333345994163,-1.4704015782740498e-11
46,2005,2021,1,16,65,3,0,江東区,East,65_江東区_3_16,-4.218165372549265e-9,-3.809175197488912e-11
50,2005,2021,1,16,60,3,0,江東区,East,60_江東区_3_16,3.499999993987757,-5.1134874112790385e-11
59,2013,2021,1,8,70,8,0,江東区,East,70_江東区_8_8,-2.198810022946418e-9,-2.109312724485335e-11
27,1980,2021,1,41,55,8,0,江東区,East,55_江東区_8_41,-1.6048318229877623e-9,-1.6868950680759554e-11
80,2013,2021,1,8,90,8,0,江東区,East,90_江東区_8_8,-3.721140728885075e-9,-3.3014924127883205e-11
37,2004,2021,1,17,55,8,0,江東区,East,55_江東区_8_17,-4.503014849888132e-9,-4.133360320679458e-11
63,2004,2021,1,17,70,12,0,江東区,East,70_江東区_12_17,-4.647155549264426e-9,-4.443934109588099e-11
76,2013,2021,1,8,75,8,0,江東区,East,75_江東区_8_8,-3.4568756746011786e-9,-2.9896085607106215e-11
63,2009,2021,1,12,65,1,0,江東区,East,65_江東区_1_12,-3.3646685437815904e-9,-2.928945974645103e-11
41,2000,2021,1,21,60,4,0,江東区,East,60_江東区_4_21,-4.526768293544592e-9,-4.143840826031919e-11
6.5,1974,2021,1,47,25,5,0,江東区,East,25_江東区_5_47,-6.464894397595344e-9,-1.681277339571352e-11
44,1985,2021,1,36,70,6,0,江東区,East,70_江東区_6_36,-3.700236561599013e-9,-3.2295943697135954e-11
53,1997,2021,1,24,70,3,0,江東区,East,70_江東区_3_24,1.9999999954731464,-0.5000000000436027
60,2004,2021,1,17,80,6,0,江東区,East,80_江東区_6_17,-3.3581812886041007e-9,-2.9601654460975624e-11
37,2002,2021,1,19,70,13,0,江東区,East,70_江東区_13_19,-4.116053275993181e-9,-3.711253526716973e-11
54,2013,2021,1,8,75,12,0,江東区,East,75_江東区_12_8,-3.4202471965727455e-9,-2.983546742996168e-11
52,2014,2021,1,7,70,12,0,江東区,East,70_江東区_12_7,-15.500000005126878,-0.5000000000502234
35,1983,2021,1,38,70,7,0,江東区,East,70_江東区_7_38,-3.415500771097868e-9,-2.955635736157092e-11
33,1979,2021,1,42,55,14,0,江東区,East,55_江東区_14_42,-3.496168687888712e-9,-2.991340508629037e-11
32,1983,2021,1,38,55,13,0,江東区,East,55_江東区_13_38,-2.2007782263244735e-9,-2.162270362759955e-11
31,1983,2021,1,38,75,7,0,江東区,East,75_江東区_7_38,-3.3597657989048457e-9,-2.9643620891306455e-11
30,1985,2021,1,36,55,9,0,江東区,East,55_江東区_9_36,-5.89688653462872e-9,-5.2127413496805275e-11
52,2015,2021,1,6,65,11,0,江東区,East,65_江東区_11_6,-4.289574917493155e-9,-4.003219977732897e-11
61,2005,2021,1,16,85,9,0,江東区,East,85_江東区_9_16,2.9999999959090786,-3.605582499233151e-11
69,2013,2021,1,8,70,9,0,江東区,East,70_江東区_9_8,-4.400192210596288e-9,-4.104760975565114e-11
64,2013,2021,1,8,70,10,0,江東区,East,70_江東区_10_8,-2.4903954454202903e-9,-2.3757218414743875e-11
55,2005,2021,1,16,85,9,0,江東区,East,85_江東区_9_16,-3.0000000040909214,-3.605582499233151e-11
58,2005,2021,1,16,80,9,0,江東区,East,80_江東区_9_16,-3.1550513313050033e-9,-2.7396085400255288e-11
24,1989,2021,1,32,50,9,0,江東区,East,50_江東区_9_32,-5.118678814142186e-9,-5.0382364946699454e-11
24,1982,2021,1,39,55,3,0,江東区,East,55_江東区_3_39,-1.7505463745237648e-9,-1.7398971152715603e-11
28,2009,2021,1,12,30,3,0,江東区,East,30_江東区_3_12,-4.582062729241443e-9,-4.285527488434582e-11
38,1997,2021,1,24,60,6,0,江東区,East,60_江東区_6_24,-1.4600161080124963e-9,-1.6218804077539062e-11
20,1976,2021,1,45,65,9,0,江東区,East,65_江東区_9_45,-1.615113376374211e-9,-1.7084333947536834e-11
47,2004,2021,1,17,65,9,0,江東区,East,65_江東区_9_17,-4.517488605415565e-9,-4.2734704663871526e-11
14,1989,2021,1,32,35,3,0,江東区,East,35_江東区_3_32,-2.382570585268695e-9,-2.2675417099549122e-11
29,1981,2021,1,40,75,5,0,江東区,East,75_江東区_5_40,-4.2913868014693435e-9,-4.008415821488143e-11
61,2004,2021,1,17,90,2,0,江東区,East,90_江東区_2_17,-3.8580409977839736e-9,-3.515343571791618e-11
46,2008,2021,1,13,75,8,0,江東区,East,75_江東区_8_13,-4.531308661626099e-9,-4.346434323565518e-11
46,2001,2021,1,20,80,8,0,江東区,East,80_江東区_8_20,-3.730086461928295e-9,-3.365019374257372e-11
38,2001,2021,1,20,75,8,0,江東区,East,75_江東区_8_20,-4.255156227372936e-9,-3.936140302585045e-11
58,1997,2021,1,24,90,6,0,江東区,East,90_江東区_6_24,-4.070436432357383e-9,-3.6802783043299314e-11
25,2012,2021,1,9,40,7,0,江東区,East,40_江東区_7_9,-8.60865156937507e-10,-9.46864808781811e-12
28,1980,2021,1,41,70,7,0,江東区,East,70_江東区_7_41,-3.9271377261229645e-9,-3.5542457865744836e-11
27,1992,2021,1,29,45,3,0,江東区,East,45_江東区_3_29,9.6413543815288e-11,1.1056489057637009e-11
24,1990,2021,1,31,55,5,0,江東区,East,55_江東区_5_31,-1.6047607687141863e-9,-1.673550187319961e-11
63,2016,2021,1,5,85,9,0,江東区,East,85_江東区_9_5,-3.502904633023718e-9,-3.194533526595933e-11
50,2008,2021,1,13,85,11,0,江東区,East,85_江東区_11_13,-3.315648200441501e-9,-2.988032044015654e-11
54,2009,2021,1,12,85,8,0,江東区,East,85_江東区_8_12,-8.50000000420691,-3.8538061630788434e-11
43,1980,2021,1,41,75,11,0,江東区,East,75_江東区_11_41,-3.76653019884543e-9,-3.4255931424809205e-11
58,2012,2021,1,9,65,10,0,江東区,East,65_江東区_10_9,-3.73575659295966e-9,-3.2578384434600594e-11
49,2004,2021,1,17,70,3,0,江東区,East,70_江東区_3_17,-3.947405957660521e-9,-3.5258240771440796e-11
26,1985,2021,1,36,45,12,0,江東区,East,45_江東区_12_36,-7.619185282692342e-10,-9.08073616301408e-12
40,1982,2021,1,39,60,4,0,江東区,East,60_江東区_4_39,4.499999998017323,-1.9061863198999163e-11
31,1982,2021,1,39,60,4,0,江東区,East,60_江東区_4_39,-4.500000001982677,-1.9061863198999163e-11
11,1974,2021,1,47,25,13,0,江東区,East,25_江東区_13_47,-2.0261694544387865e-9,-1.9592327760165063e-11
44,2009,2021,1,12,75,8,0,江東区,East,75_江東区_8_12,-2.7673223712554318e-9,-2.4805713039199873e-11
43,2007,2021,1,14,60,9,0,江東区,East,60_江東区_9_14,-12.5000000033329,-0.5000000000290508
43,2006,2021,1,15,75,12,0,江東区,East,75_江東区_12_15,-2.981458635531453e-9,-2.550071265261522e-11
43,2004,2021,1,17,60,6,0,江東区,East,60_江東区_6_17,-3.18648574193503e-9,-2.7746693831431912e-11
55,1997,2021,1,24,75,2,0,江東区,East,75_江東区_2_24,-3.975117124355165e-9,-3.5627500949431123e-11
57,2016,2021,1,5,75,9,0,江東区,East,75_江東区_9_5,-4.004384379641124e-9,-3.609201826293429e-11
50,2014,2021,1,7,65,10,0,江東区,East,65_江東区_10_7,-0.6666666708720186,-0.3333333333716426
33,1982,2021,1,39,65,6,0,江東区,East,65_江東区_6_39,-2.4841639856276743e-9,-2.374900276436165e-11
27,1980,2021,1,41,55,2,0,江東区,East,55_江東区_2_41,-3.3741933691544546e-9,-2.965094836326898e-11
50,2013,2021,1,8,60,7,0,江東区,East,60_江東区_7_8,-5.226453936302278e-9,-5.0468074164200516e-11
50,1988,2021,1,33,85,6,0,江東区,East,85_江東区_6_33,-3.3280045386163692e-9,-3.0295987940576197e-11
45,1988,2021,1,33,80,6,0,江東区,East,80_江東区_6_33,-3.412772286992549e-9,-2.932698528468336e-11
35,1982,2021,1,39,70,8,0,江東区,East,70_江東区_8_39,-3.950958671339322e-9,-3.549449623108103e-11
52,2013,2021,1,8,80,7,0,江東区,East,80_江東区_7_8,-3.948422033772658e-9,-3.592570685384544e-11
17,1984,2021,1,37,40,10,0,江東区,East,40_江東区_10_37,-1.0579981335467892e-9,-1.3875567361765206e-11
54,2012,2021,1,9,60,4,0,江東区,East,60_江東区_4_9,-5.900417932025448e-9,-5.183276030606976e-11
89,2007,2021,1,14,85,7,0,江東区,East,85_江東区_7_14,0.49999999605773837,-3.505840062700827e-11
60,2000,2021,1,21,80,10,0,江東区,East,80_江東区_10_21,0.4999999966229183,-3.12079251330033e-11
99,2008,2021,1,13,90,6,0,江東区,East,90_江東区_6_13,6.499999995527588,-4.0891734442993766e-11
31,1981,2021,1,40,75,10,0,江東区,East,75_江東区_10_40,-3.500000004813984,-0.5000000000457887
60,2009,2021,1,12,70,6,0,江東区,East,70_江東区_6_12,-1.500000004561727,-4.296052402708028e-11
59,2005,2021,1,16,70,5,0,江東区,East,70_江東区_5_16,-0.3333333345994163,-1.4704015782740498e-11
88,2014,2021,1,7,85,12,0,江東区,East,85_江東区_12_7,-3.613351395870268e-9,-3.203326492950964e-11
60,2005,2021,1,16,70,4,0,江東区,East,70_江東区_4_16,-3.5429295053290843e-09,-3.166555906375379e-11
90,2014,2021,1,7,85,5,0,江東区,East,85_江東区_5_7,-10.00000000378455,-3.427258477017858e-11
78,2009,2021,1,12,80,4,0,江東区,East,80_江東区_4_12,-1.0000000040567159,-3.711053686572541e-11
76,2007,2021,1,14,75,7,0,江東区,East,75_江東区_7_14,-3.847532070722082e-9,-3.4718450336868045e-11
63,2009,2021,1,12,60,6,0,江東区,East,60_江東区_6_12,-1.212185907206731e-9,-1.3917977881305887e-11
90,2009,2021,1,12,90,4,0,江東区,East,90_江東区_4_12,-4.07568734317465e-9,-3.590727715163666e-11
83,2008,2021,1,13,80,8,0,江東区,East,80_江東区_8_13,9.999999996605482,-3.051181529656333e-11
68,2013,2021,1,8,70,5,0,江東区,East,70_江東区_5_8,-4.458954094843648e-9,-3.98860944272883e-11
88,2007,2021,1,14,85,7,0,江東区,East,85_江東区_7_14,-0.5000000039422616,-3.505840062700827e-11
84,2016,2021,1,5,80,6,0,江東区,East,80_江東区_6_5,-3.756809974220232e-9,-3.267452974853313e-11
110,2014,2021,1,7,85,5,0,江東区,East,85_江東区_5_7,9.99999999621545,-3.427258477017858e-11
88,2009,2021,1,12,85,4,0,江東区,East,85_江東区_4_12,-3.4164884255005745e-9,-3.006306315000984e-11
63,2005,2021,1,16,80,4,0,江東区,East,80_江東区_4_16,-6.000000003369806,-0.500000000031241
86,2008,2021,1,13,90,6,0,江東区,East,90_江東区_6_13,-6.500000004472412,-4.0891734442993766e-11
77,2016,2021,1,5,80,11,0,江東区,East,80_江東区_11_5,8.999999995612285,-4.064304448547773e-11
62,2009,2021,1,12,65,6,0,江東区,East,65_江東区_6_12,-3.883179999775166e-9,-3.5277114562859424e-11
71,2008,2021,1,13,75,6,0,江東区,East,75_江東区_6_13,-5.50000000450315,-0.750000000040645
57,1997,2021,1,24,80,12,0,江東区,East,80_江東区_12_24,-3.755332045329851e-9,-3.290256955779114e-11
75,2005,2021,1,16,85,5,0,江東区,East,85_江東区_5_16,-3.000000003279581,-0.33333333336241044
79,2016,2021,1,5,85,11,0,江東区,East,85_江東区_11_5,-3.2544562600378413e-9,-2.978639557227325e-11
65,2007,2021,1,14,85,4,0,江東区,East,85_江東区_4_14,-22.500000004182198,-0.5000000000382756
65,2009,2021,1,12,60,4,0,江東区,East,60_江東区_4_12,-5.484508847075631e-9,-4.998224056862455e-11
63,2001,2021,1,20,75,4,0,江東区,East,75_江東区_4_20,-1.0000000033209346,-3.078959309732454e-11
69,2014,2021,1,7,65,12,0,江東区,East,65_江東区_12_7,-4.47985826212971e-9,-4.029132583127648e-11
80,2009,2021,1,12,80,4,0,江東区,East,80_江東区_4_12,0.9999999959432841,-3.711053686572541e-11
83,2009,2021,1,12,80,4,0,江東区,East,80_江東区_4_12,3.999999995943284,-3.711053686572541e-11
90,2008,2021,1,13,80,7,0,江東区,East,80_江東区_7_13,14.499999996069079,-0.5000000000355871
74,2013,2021,1,8,75,5,0,江東区,East,75_江東区_5_8,-3.620669986048597e-9,-3.203703968779337e-11
63,2009,2021,1,12,70,6,0,江東区,East,70_江東区_6_12,1.499999995438273,-4.296052402708028e-11
62,2008,2021,1,13,60,6,0,江東区,East,60_江東区_6_13,-0.6666666700444281,-0.6666666666971894
48,1997,2021,1,24,85,11,0,江東区,East,85_江東区_11_24,-3.785885382967535e-9,-3.438027640356722e-11
59,2007,2021,1,14,75,4,0,江東区,East,75_江東区_4_14,-18.500000004785193,-0.5000000000453786
85,2009,2021,1,12,80,6,0,江東区,East,80_江東区_6_12,-4.1099923464571475e-9,-3.7763348004205e-11
59,2000,2021,1,21,80,10,0,江東区,East,80_江東区_10_21,-0.5000000033770817,-3.12079251330033e-11
79,2009,2021,1,12,75,6,0,江東区,East,75_江東区_6_12,-4.000625608568953e-9,-3.5613512139320846e-11
75,2009,2021,1,12,80,4,0,江東区,East,80_江東区_4_12,-4.000000004056716,-3.711053686572541e-11
56,2005,2021,1,16,75,5,0,江東区,East,75_江東区_5_16,-3.749107690964593e-9,-3.3517189024223626e-11
65,2001,2021,1,20,75,4,0,江東区,East,75_江東区_4_20,0.9999999966790654,-3.078959309732454e-11
89,2014,2021,1,7,80,5,0,江東区,East,80_江東区_5_7,-20.500000004255185,-0.5000000000393132
110,2007,2021,1,14,85,8,0,江東区,East,85_江東区_8_14,-3.8048284523029e-9,-3.278488591718087e-11
71,2001,2021,1,20,90,8,0,江東区,East,90_江東区_8_20,-6.00000000445219,-0.5000000000401381
55,2008,2021,1,13,65,6,0,江東区,East,65_江東区_6_13,-5.333333338570576,-0.6666666667163421
73,2005,2021,1,16,90,4,0,江東区,East,90_江東区_4_16,-3.6109213397139683e-9,-3.1572744418895127e-11
55,2006,2021,1,15,55,1,0,江東区,East,55_江東区_1_15,-4.382201268526842e-9,-4.048206214690708e-11
89,2016,2021,1,5,80,5,0,江東区,East,80_江東区_5_5,9.999999996617632,-3.0416336116445564e-11
25,1983,2021,1,38,55,9,0,江東区,East,55_江東区_9_38,-2.0002559608656156e-9,-1.9918067195590083e-11
58,2013,2021,1,8,60,9,0,江東区,East,60_江東区_9_8,-3.406611881473509e-9,-3.078470811601619e-11
54,1999,2021,1,22,70,9,0,江東区,East,70_江東区_9_22,0.9999999954354166,-0.6666666667078707
42,1998,2021,1,23,75,9,0,江東区,East,75_江東区_9_23,-4.500000003484821,-3.0131230843721823e-11
51,1998,2021,1,23,75,9,0,江東区,East,75_江東区_9_23,4.499999996515179,-3.0131230843721823e-11
65,2002,2021,1,19,90,9,0,江東区,East,90_江東区_9_19,-2.748762994997378e-9,-2.3578916596989075e-11
78,2002,2021,1,19,80,9,0,江東区,East,80_江東区_9_19,-3.3351454931107583e-9,-2.899991358162879e-11
53,1997,2021,1,24,75,6,0,江東区,East,75_江東区_6_24,-4.3497792034941085e-9,-4.0519587685139413e-11
47,1986,2021,1,35,80,6,0,江東区,East,80_江東区_6_35,-3.3821692113633617e-9,-3.1130431565884464e-11
64,2012,2021,1,9,85,6,0,江東区,East,85_江東区_6_9,-3.8803023016953375e-9,-3.5256464414601396e-11
42,1986,2021,1,35,70,6,0,江東区,East,70_江東区_6_35,-4.284167687274021e-9,-4.012279397613838e-11
29,1980,2021,1,41,65,7,0,江東区,East,65_江東区_7_41,-3.580186813678665e-9,-3.187827779527197e-11
60,2014,2021,1,7,65,10,0,江東区,East,65_江東区_10_7,9.333333329127981,-0.3333333333716426
60,2000,2021,1,21,85,11,0,江東区,East,85_江東区_11_21,-3.848214191748411e-9,-3.366662504333817e-11
55,2014,2021,1,7,75,10,0,江東区,East,75_江東区_10_7,-2.840991442099039e-9,-2.578137703324046e-11
58,2010,2021,1,11,75,7,0,江東区,East,75_江東区_7_11,-3.0218245683499845e-9,-2.5869750786000623e-11
41,2006,2021,1,15,70,9,0,江東区,East,70_江東区_9_15,-3.840476381355984e-9,-3.470068676847404e-11
52,2016,2021,1,5,65,11,0,江東区,East,65_江東区_11_5,-9.94852200619789e-10,-1.1443512804021339e-11
59,2016,2021,1,5,80,11,0,江東区,East,80_江東区_11_5,-9.000000004387715,-4.064304448547773e-11
55,2003,2021,1,18,80,11,0,江東区,East,80_江東区_11_18,-3.5432634604148916e-9,-3.155875560878485e-11
33,1983,2021,1,38,75,11,0,江東区,East,75_江東区_11_38,-3.729368813765177e-9,-3.370348444775573e-11
52,2016,2021,1,5,70,11,0,江東区,East,70_江東区_11_5,-3.026833894637093e-9,-2.593059100775008e-11
65,2012,2021,1,9,85,11,0,江東区,East,85_江東区_11_9,-3.350876909280487e-9,-2.987410319121864e-11
53,1999,2021,1,22,80,11,0,江東区,East,80_江東区_11_22,-3.0244038384807936e-9,-2.599986892448669e-11
65,2004,2021,1,17,85,8,0,江東区,East,85_江東区_8_17,-3.3587355119379936e-9,-3.0744295997919835e-11
66,2014,2021,1,7,70,10,0,江東区,East,70_江東区_10_7,-4.300559908188006e-9,-3.945621607215344e-11
63,2008,2021,1,13,80,8,0,江東区,East,80_江東区_8_13,-10.000000003394518,-3.051181529656333e-11
60,2007,2021,1,14,90,7,0,江東区,East,90_江東区_7_14,-3.110891100277513e-9,-2.7607915953353768e-11
56,2012,2021,1,9,65,3,0,江東区,East,65_江東区_3_9,-3.796074565798335e-9,-3.44173578525897e-11
75,2009,2021,1,12,90,9,0,江東区,East,90_江東区_9_12,4.999999996630876,-2.8819169273219813e-11
65,2009,2021,1,12,90,9,0,江東区,East,90_江東区_9_12,-5.000000003369124,-2.8819169273219813e-11
54,2014,2021,1,7,60,7,0,江東区,East,60_江東区_7_7,-6.101792848767218e-9,-5.1393556077528046e-11
80,2012,2021,1,9,80,11,0,江東区,East,80_江東区_11_9,-3.3192435466844472e-9,-3.0782709714571865e-11
75,2014,2021,1,7,75,6,0,江東区,East,75_江東区_6_7,-10.000000004213632,-0.666666666705148
48,2009,2021,1,12,65,9,0,江東区,East,65_江東区_9_12,-2.851358260613779e-9,-2.5542901127550977e-11
53,2012,2021,1,9,70,9,0,江東区,East,70_江東区_9_9,-10.000000001984674,-0.500000000019762
52,2012,2021,1,9,70,3,0,江東区,East,70_江東区_3_9,-4.408647669151833e-9,-4.119371510569181e-11
55,2012,2021,1,9,60,3,0,江東区,East,60_江東区_3_9,0.4999999953541163,-4.441136347566044e-11
60,2004,2021,1,17,80,6,0,江東区,East,80_江東区_6_17,-3.3581812886041007e-9,-2.9601654460975624e-11
54,2012,2021,1,9,60,3,0,江東区,East,60_江東区_3_9,-0.5000000046458837,-4.441136347566044e-11
44,2008,2021,1,13,65,8,0,江東区,East,65_江東区_8_13,-1.2184813158455654e-9,-1.4056089625569257e-11
40,1982,2021,1,39,55,1,0,江東区,East,55_江東区_1_39,-1.65619695735586e-9,-1.6736168007014385e-11
84,1998,2021,1,23,90,1,0,江東区,East,90_江東区_1_23,-3.865750386466971e-9,-3.49433815216571e-11
80,2010,2021,1,11,75,6,0,江東区,East,75_江東区_6_11,-2.7093420840174076e-9,-2.5438540163236212e-11
78,2005,2021,1,16,85,5,0,江東区,East,85_江東区_5_16,-3.2795810511743184e-9,-0.33333333336241044
61,2005,2021,1,16,65,5,0,江東区,East,65_江東区_5_16,-5.833641125718714e-9,-5.171951755755799e-11
50,1985,2021,1,36,80,7,0,江東区,East,80_江東区_7_36,-3.4162184192609857e-9,-3.1246116805050406e-11
63,2010,2021,1,11,65,6,0,江東区,East,65_江東区_6_11,-2.3509230118179403e-9,-2.2131407817482796e-11
51,2005,2021,1,16,75,1,0,江東区,East,75_江東区_1_16,-4.062371772306506e-9,-3.5994762725977125e-11
58,2005,2021,1,16,80,2,0,江東区,East,80_江東区_2_16,-3.7158471855036623e-9,-3.329403419627397e-11
57,2005,2021,1,16,75,2,0,江東区,East,75_江東区_2_16,-2.551658440097526e-9,-2.4658275421529652e-11
43,2005,2021,1,16,60,3,0,江東区,East,60_江東区_3_16,-3.500000006012243,-5.1134874112790385e-11
44,2004,2021,1,17,60,4,0,江東区,East,60_江東区_4_17,-4.931472119551472e-9,-4.7436499173159064e-11
68,2016,2021,1,5,70,5,0,江東区,East,70_江東区_5_5,-3.3604976579226786e-9,-3.1165736658067544e-11
55,1998,2021,1,23,75,1,0,江東区,East,75_江東区_1_23,-2.417777977825608e-9,-2.3103963187054433e-11
30,1987,2021,1,34,45,2,0,江東区,East,45_江東区_2_34,-4.432102684859274e-9,-4.11475298278674e-11
81,2016,2021,1,5,80,5,0,江東区,East,80_江東区_5_5,1.9999999966176318,-3.0416336116445564e-11
60,2007,2021,1,14,75,9,0,江東区,East,75_江東区_9_14,-3.1160496405391314e-9,-2.6422863896868876e-11
67,2016,2021,1,5,80,5,0,江東区,East,80_江東区_5_5,-12.000000003382368,-3.0416336116445564e-11
68,2016,2021,1,5,70,5,0,江東区,East,70_江東区_5_5,-3.3604976579226786e-9,-3.1165736658067544e-11
44,1999,2021,1,22,65,3,0,江東区,East,65_江東区_3_22,-2.354667572035396e-10,1.2532197501968767e-12
22,1975,2021,1,46,50,6,0,江東区,East,50_江東区_6_46,-1.7342074443149613e-9,-1.7629897541837636e-11
17,2006,2021,1,15,25,11,0,江東区,East,25_江東区_11_15,-5.087990473384707e-9,-4.998246261322947e-11
30,2009,2021,1,12,65,15,0,江東区,East,65_江東区_15_12,-5.57111690113743e-10,-7.663425449777606e-12
36,2009,2021,1,12,70,13,0,江東区,East,70_江東区_13_12,-2.000000004945477,-4.761369076788924e-11
24,1987,2021,1,34,60,11,0,江東区,East,60_江東区_11_34,1.9999999988276862,-1.3001377752175358e-11
24,1987,2021,1,34,60,13,0,江東区,East,60_江東区_13_34,-3.3904754559443973e-9,-2.9652502675503456e-11
45,2000,2021,1,21,85,12,0,江東区,East,85_江東区_12_21,-3.788009905747458e-9,-3.3658409392955946e-11
39,2006,2021,1,15,65,13,0,江東区,East,65_江東区_13_15,-1.0681233675313706e-9,-1.323141596287769e-11
20,1987,2021,1,34,60,11,0,江東区,East,60_江東区_11_34,-2.000000001172314,-1.3001377752175358e-11
38,2000,2021,1,21,80,12,0,江東区,East,80_江東区_12_21,-3.6576821571543405e-9,-3.259992276127832e-11
38,2015,2021,1,6,55,9,0,江東区,East,55_江東区_9_6,-4.034632183902431e-9,-3.5203395754024314e-11
40,2009,2021,1,12,70,13,0,江東区,East,70_江東区_13_12,1.999999995054523,-4.761369076788924e-11
23,1982,2021,1,39,50,10,0,江東区,East,50_江東区_10_39,-3.340865362133627e-9,-2.95943269890131e-11
31,1982,2021,1,39,70,10,0,江東区,East,70_江東区_10_39,-5.004046954582009e-9,-4.8502313276799214e-11
39,2000,2021,1,21,70,12,0,江東区,East,70_江東区_12_21,-1.0249578963339445e-9,-1.3350209826512582e-11
14,1981,2021,1,40,50,5,0,江東区,East,50_江東区_5_40,-3.1103439823709778e-9,-2.6437518840793928e-11
32,1985,2021,1,36,80,12,0,江東区,East,80_江東区_12_36,-4.15450074342516e-9,-3.7058800472777875e-11
30,1983,2021,1,38,65,13,0,江東区,East,65_江東区_13_38,-1.6357653009890782e-9,-1.6506351840916977e-11
58,2014,2021,1,7,70,9,0,江東区,East,70_江東区_9_7,-2.5520492386021942e-9,-2.4661162001393677e-11
44,2003,2021,1,18,75,11,0,江東区,East,75_江東区_11_18,-3.5517757623892976e-9,-3.188804775788867e-11
60,2001,2021,1,20,90,7,0,江東区,East,90_江東区_7_20,-3.966214023876091e-9,-3.565947537254033e-11
29,1981,2021,1,40,65,15,0,江東区,East,65_江東区_15_40,-3.6449350204748043e-9,-3.2103653069270877e-11
50,1988,2021,1,33,80,11,0,江東区,East,80_江東区_11_33,-3.511999580041447e-9,-3.189781772050537e-11
35,1981,2021,1,40,65,3,0,江東区,East,65_江東区_3_40,-3.476621657227952e-9,-2.989986036538994e-11
58,2003,2021,1,18,75,2,0,江東区,East,75_江東区_2_18,-20.666666670948786,-0.6666666667068308
52,2006,2021,1,15,85,13,0,江東区,East,85_江東区_13_15,-3.5590801417129114e-9,-3.189692954208567e-11
38,1994,2021,1,27,50,4,0,江東区,East,50_江東区_4_27,-5.8463598406888195e-9,-5.12379028094756e-11
27,1981,2021,1,40,55,4,0,江東区,East,55_江東区_4_40,-5.905704369979503e-9,-5.2381210480234586e-11
49,2000,2021,1,21,85,13,0,江東区,East,85_江東区_13_21,-3.543235038705461e-9,-3.1500357877689567e-11
50,2014,2021,1,7,65,15,0,江東区,East,65_江東区_15_7,-3.9738310420034395e-9,-3.5038416612565015e-11
35,1998,2021,1,23,70,9,0,江東区,East,70_江東区_9_23,-4.2106620412596385e-9,-3.852651531133233e-11
52,2015,2021,1,6,65,10,0,江東区,East,65_江東区_10_6,-1.3609664506475383e-9,-1.535105376149204e-11
62,2010,2023,1,13,65,6,1,江東区,East,65_江東区_6_13,1.6666666614294243,0.3333333332836579
64,2010,2023,1,13,65,6,1,江東区,East,65_江東区_6_13,3.6666666614294243,0.3333333332836579
55,2004,2023,1,19,65,4,1,江東区,East,65_江東区_4_19,-2.470471827109577e-9,-2.3889334954674268e-11
50,2004,2023,1,19,55,3,1,江東区,East,55_江東区_3_19,-4.5542876137005806e-09,-4.1427972163887716e-11
80,2008,2023,1,15,80,5,1,江東区,East,80_江東区_5_15,-3.2927545134953107e-9,-2.8715030353509974e-11
63,2014,2023,1,9,55,9,1,江東区,East,55_江東区_9_9,0.4999999942261937,-5.0822457353660866e-11
59,2006,2023,1,17,70,9,1,江東区,East,70_江東区_9_17,-3.1062299399309268e-9,-2.663136378089348e-11
73,2014,2023,1,9,70,10,1,江東区,East,70_江東区_10_9,-3.988603225479892e-9,-3.567057760278658e-11
64,2010,2023,1,13,60,6,1,江東区,East,60_江東区_6_13,1.3333333299555719,0.33333333330281056
60,2008,2023,1,15,65,5,1,江東区,East,65_江東区_5_15,-1.5000000039138186,-3.5315972368721305e-11
50,2004,2023,1,19,60,4,1,江東区,East,60_江東区_4_19,-4.000000003928882,-3.494582401231128e-11
52,2010,2023,1,13,45,6,1,江東区,East,45_江東区_6_13,1.4999999989549337,-1.3158363287857355e-11
80,2010,2023,1,13,80,6,1,江東区,East,80_江東区_6_13,-3.380847601874848e-9,-2.9543034685275416e-11
80,2010,2023,1,13,75,6,1,江東区,East,75_江東区_6_13,3.49999999549685,0.24999999995935496
60,2004,2023,1,19,60,4,1,江東区,East,60_江東区_4_19,5.999999996071118,-3.494582401231128e-11
52,2004,2023,1,19,60,4,1,江東区,East,60_江東区_4_19,-2.000000003928882,-3.494582401231128e-11
80,2010,2023,1,13,75,7,1,江東区,East,75_江東区_7_13,3.9999999959891,-3.618927379989145e-11
71,2008,2023,1,15,70,5,1,江東区,East,70_江東区_5_15,-1.59376156716462e-9,-1.6812995440318446e-11
49,2010,2023,1,13,45,6,1,江東区,East,45_江東区_6_13,-1.5000000010450663,-1.3158363287857355e-11
76,2010,2023,1,13,75,6,1,江東区,East,75_江東区_6_13,-0.5000000045031499,0.24999999995935496
62,2010,2023,1,13,60,6,1,江東区,East,60_江東区_6_13,-0.6666666700444281,0.33333333330281056
62,2014,2023,1,9,55,9,1,江東区,East,55_江東区_9_9,-0.5000000057738063,-5.0822457353660866e-11
73,2014,2023,1,9,70,9,1,江東区,East,70_江東区_9_9,9.999999998015326,0.49999999998023803
68,2009,2023,1,14,60,9,1,江東区,East,60_江東区_9_14,12.4999999966671,0.49999999997094924
63,2008,2023,1,15,65,5,1,江東区,East,65_江東区_5_15,1.4999999960861814,-3.5315972368721305e-11
79,2010,2023,1,13,75,6,1,江東区,East,75_江東区_6_13,2.49999999549685,0.24999999995935496
77,2010,2023,1,13,70,6,1,江東区,East,70_江東区_6_13,-5.327606800165086e-9,-5.083022891483324e-11
87,2010,2023,1,13,75,7,1,江東区,East,75_江東区_7_13,10.9999999959891,-3.618927379989145e-11
89,2002,2023,1,21,80,5,1,江東区,East,80_江東区_5_21,-3.786979618780606e-9,-3.4494629375103614e-11
43,1999,2023,1,24,70,9,1,江東区,East,70_江東区_9_24,-4.41357173031065e-9,-4.0669689838068734e-11
74,2008,2023,1,15,90,13,1,江東区,East,90_江東区_13_15,-4.049240942549659e-9,-3.645483914738179e-11
38,1996,2023,1,27,65,10,1,江東区,East,65_江東区_10_27,-5.863405760919704e-9,-5.201727937276246e-11
51,1999,2023,1,24,70,10,1,江東区,East,70_江東区_10_24,-2.0070629602741974e-9,-1.9843238163730348e-11
33,1981,2023,1,42,60,10,1,江東区,East,60_江東区_10_42,-1.9182166965947545e-9,-1.8890666808601964e-11
94,2017,2023,1,6,70,8,1,江東区,East,70_江東区_8_6,-3.499394551909063e-9,-3.164268846944651e-11
45,1981,2023,1,42,65,5,1,江東区,East,65_江東区_5_42,-4.953733423462836e-9,-4.661937502703495e-11
23,2014,2023,1,9,30,4,1,江東区,East,30_江東区_4_9,-1.2636220958484046e-9,-1.4697354444592747e-11
47,2000,2023,1,23,55,2,1,江東区,East,55_江東区_2_23,-3.6301130990068486e-9,-3.184785768439724e-11
59,2005,2023,1,18,60,5,1,江東区,East,60_江東区_5_18,-6.029765131643217e-9,-5.19635445783706e-11
75,2016,2023,1,7,70,4,1,江東区,East,70_江東区_4_7,-4.255269914210658e-9,-3.9293679421348315e-11
58,2004,2023,1,19,55,6,1,江東区,East,55_江東区_6_19,-4.98425833939109e-9,-4.8079096259812104e-11
56,2005,2023,1,18,60,3,1,江東区,East,60_江東区_3_18,-2.4858479719114257e-9,-2.41104913811796e-11
29,1974,2023,1,49,40,4,1,江東区,East,40_江東区_4_49,-4.2230396957165794e-9,-3.8335556951096805e-11
26,2015,2023,1,8,25,5,1,江東区,East,25_江東区_5_8,-6.1945826246301294e-9,-4.285394261671627e-11
50,1985,2023,1,38,55,7,1,江東区,East,55_江東区_7_38,-3.783597435358388e-9,-3.444822205267428e-11
56,1997,2023,1,26,70,11,1,江東区,East,70_江東区_11_26,-1.1173213465554e-9,-1.3878453941629232e-11
90,2018,2023,1,5,75,11,1,江東区,East,75_江東区_11_5,-1.0000000025526674,-2.470579296698361e-11
92,2018,2023,1,5,75,11,1,江東区,East,75_江東区_11_5,0.9999999974473326,-2.470579296698361e-11
83,2016,2023,1,7,70,12,1,江東区,East,70_江東区_12_7,15.499999994873122,0.4999999999497766
19,1982,2023,1,41,70,13,1,江東区,East,70_江東区_13_41,-2.0310153558966704e-9,-1.9955148644612564e-11
50,1985,2023,1,38,55,5,1,江東区,East,55_江東区_5_38,-2.401428389475768e-9,-2.2981838654345665e-11
34,1980,2023,1,43,55,9,1,江東区,East,55_江東区_9_43,-2.76016010047897e-9,-2.5684121496283296e-11
92,2016,2023,1,7,85,9,1,江東区,East,85_江東区_9_7,-3.597250497477944e-9,-3.1916469467319075e-11
46,1995,2023,1,28,60,8,1,江東区,East,60_江東区_8_28,-5.3846136438551184e-9,-4.896105743057433e-11
38,1973,2023,1,50,55,7,1,江東区,East,55_江東区_7_50,-5.0514756821939955e-9,-4.9068527019358044e-11
69,1992,2023,1,31,70,5,1,江東区,East,70_江東区_5_31,-3.4895037970272824e-9,-3.1528113453305195e-11
66,1984,2023,1,39,75,5,1,江東区,East,75_江東区_5_39,-4.396213171276031e-9,-4.054934166219937e-11
83,2003,2023,1,20,90,8,1,江東区,East,90_江東区_8_20,5.99999999554781,0.4999999999598619
20,2009,2023,1,14,25,10,1,江東区,East,25_江東区_10_14,-2.5648532187005912e-9,-2.514100039263667e-11
46,1993,2023,1,30,55,1,1,江東区,East,55_江東区_1_30,-2.333244708552229e-9,-2.173483615308669e-11
38,1983,2023,1,40,75,10,1,江東区,East,75_江東区_10_40,3.499999995186016,0.4999999999542113
47,2013,2023,1,10,65,11,1,江東区,East,65_江東区_11_10,-4.267121767043136e-9,-3.91995325088601e-11
61,2000,2023,1,23,75,7,1,江東区,East,75_江東区_7_23,4.999999996609418,-3.1076252682282757e-11
51,2000,2023,1,23,75,7,1,江東区,East,75_江東区_7_23,-5.000000003390582,-3.1076252682282757e-11
35,1979,2023,1,44,55,14,1,江東区,East,55_江東区_14_44,-4.881080428731366e-9,-4.62765381570307e-11
55,2013,2023,1,10,70,11,1,江東区,East,70_江東区_11_10,-1.7508767768958933e-9,-1.6965984173111792e-11
47,2001,2023,1,22,80,14,1,江東区,East,80_江東区_14_22,-3.605869380862714e-9,-3.1818547796547136e-11
31,1983,2023,1,40,65,14,1,江東区,East,65_江東区_14_40,-8.82465656104614e-10,-8.995026945513018e-12
81,2013,2023,1,10,80,10,1,江東区,East,80_江東区_10_10,-3.3037821367543074e-9,-2.855249370270485e-11
69,2005,2023,1,18,80,10,1,江東区,East,80_江東区_10_18,-3.882021815115877e-9,-3.5254688057761996e-11
59,2010,2023,1,13,75,5,1,江東区,East,75_江東区_5_13,-3.6144101045465504e-9,-3.207478727063062e-11
43,2000,2023,1,23,70,7,1,江東区,East,70_江東区_7_23,-2.500000002359748,-2.248512487312837e-11
12,1989,2023,1,34,25,3,1,江東区,East,25_江東区_3_34,-2.2661339471596875e-10,9.037215420448774e-14
52,1996,2023,1,27,80,5,1,江東区,East,80_江東区_5_27,-3.403727077966323e-9,-2.9543034685275416e-11
54,2006,2023,1,17,80,10,1,江東区,East,80_江東区_10_17,-3.543362936397898e-9,-3.187783370606212e-11
52,2009,2023,1,14,60,7,1,江東区,East,60_江東区_7_14,-4.912209305985016e-9,-4.725286828488606e-11
54,2005,2023,1,18,65,11,1,江東区,East,65_江東区_11_18,-4.564022049180494e-9,-4.09612344043353e-11
58,2004,2023,1,19,85,10,1,江東区,East,85_江東区_10_19,-3.403251014333364e-9,-3.200040232798074e-11
46,1997,2023,1,26,60,5,1,江東区,East,60_江東区_5_26,-1.7747652236721478e-9,-1.7432277843454358e-11
31,2009,2023,1,14,35,3,1,江東区,East,35_江東区_3_14,-6.838547506049508e-10,2.2844170999292146e-11
51,1999,2023,1,24,85,1,1,江東区,East,85_江東区_1_24,-3.3851961234176997e-9,-3.112266000471209e-11
49,1997,2023,1,26,70,4,1,江東区,East,70_江東区_4_26,-3.3526816878293175e-9,-3.0317970356463775e-11
8.7,1981,2023,1,42,25,5,1,江東区,East,25_江東区_5_42,-2.50135556711939e-9,-2.414446420573313e-11
61,1998,2023,1,25,90,2,1,江東区,East,90_江東区_2_25,-4.16504519762384e-9,-3.772582246597267e-11
72,2009,2023,1,14,75,5,1,江東区,East,75_江東区_5_14,-3.973411821789341e-9,-3.564992745452855e-11
36,1982,2023,1,41,60,9,1,江東区,East,60_江東区_9_41,-8.402025741816033e-10,-1.0138334616272004e-11
52,2000,2023,1,23,80,6,1,江東区,East,80_江東区_6_23,-3.3944829169740842e-9,-3.04938296835644e-11
61,2003,2023,1,20,70,7,1,江東区,East,70_江東区_7_20,-2.5184547780554567e-9,-2.3715696073622894e-11
63,2014,2023,1,9,75,4,1,江東区,East,75_江東区_4_9,-13.000000003492943,0.333333333301868
48,1979,2023,1,44,65,9,1,江東区,East,65_江東区_9_44,-2.3343744715020875e-9,-2.2218227258008483e-11
50,2014,2023,1,9,60,6,1,江東区,East,60_江東区_6_9,-1.1823857448689523e-9,-1.3235634810371266e-11
53,2008,2023,1,15,80,12,1,江東区,East,80_江東区_12_15,-3.3379734531990835e-9,-3.045141916402372e-11
26,1986,2023,1,37,60,11,1,江東区,East,60_江東区_11_37,-5.9638765037561825e-9,-5.094435984176471e-11
20,1978,2023,1,45,45,4,1,江東区,East,45_江東区_4_45,-4.5840273799058195e-9,-4.143085874375174e-11
45,2009,2023,1,14,55,4,1,江東区,East,55_江東区_4_14,-4.274909315427067e-9,-3.91737753346888e-11
49,2012,2023,1,11,70,11,1,江東区,East,70_江東区_11_11,-4.000000004293604,-4.033573475226149e-11
52,2016,2023,1,7,65,9,1,江東区,East,65_江東区_9_7,-3.776442270009284e-9,-3.4037883622772824e-11
15,2006,2023,1,17,25,9,1,江東区,East,25_江東区_9_17,-9.913847520692798e-10,-1.0505374348213081e-11
46,2003,2023,1,20,70,9,1,江東区,East,70_江東区_9_20,-1.7543513308737602e-9,-1.765165791312029e-11
60,2008,2023,1,15,80,11,1,江東区,East,80_江東区_11_15,-3.376534607468784e-9,-2.96218605200238e-11
48,2000,2023,1,23,70,7,1,江東区,East,70_江東区_7_23,2.499999997640252,-2.248512487312837e-11
34,1982,2023,1,41,60,3,1,江東区,East,60_江東区_3_41,-4.500000005488154,-5.012901205247999e-11
57,2013,2023,1,10,75,11,1,江東区,East,75_江東区_11_10,-3.768320766539546e-9,-3.3869351767634726e-11
47,1982,2023,1,41,75,6,1,江東区,East,75_江東区_6_41,-2.518589781175251e-9,-2.4891866345910785e-11
43,1982,2023,1,41,60,3,1,江東区,East,60_江東区_3_41,4.499999994511846,-5.012901205247999e-11
55,2016,2023,1,7,70,14,1,江東区,East,70_江東区_14_7,-4.493415417528013e-9,-4.157496569234809e-11
59,2005,2023,1,18,70,8,1,江東区,East,70_江東区_8_18,-3.022776695615903e-9,-2.5917490376059504e-11
68,2008,2023,1,15,85,11,1,江東区,East,85_江東区_11_15,-3.290452355031448e-9,-2.982836200260408e-11
40,1980,2023,1,43,70,5,1,江東区,East,70_江東区_5_43,-4.3250452108622994e-9,-4.033862133212551e-11
56,1996,2023,1,27,70,5,1,江東区,East,70_江東区_5_27,-4.458115654415451e-9,-4.156897048801511e-11
42,2016,2023,1,7,65,10,1,江東区,East,65_江東区_10_7,-8.666666670872019,0.6666666666283574
29,1981,2023,1,42,60,6,1,江東区,East,60_江東区_6_42,-5.430795368965846e-9,-5.046918438722514e-11
43,1987,2023,1,36,65,6,1,江東区,East,65_江東区_6_36,-4.080831672581553e-9,-3.5895508787575636e-11
24,2015,2023,1,8,30,4,1,江東区,East,30_江東区_4_8,-1.1729639481927734e-10,2.609912286288818e-12
44,2005,2023,1,18,75,10,1,江東区,East,75_江東区_10_18,-2.9557227776422224e-9,-2.5854873797470646e-11
54,1989,2023,1,34,75,7,1,江東区,East,75_江東区_7_34,-2.6513831130614562e-9,-2.5088819910479288e-11
12,1974,2023,1,49,25,13,1,江東区,East,25_江東区_13_49,3.0105695714155445e-11,5.316413975720025e-12
40,2002,2023,1,21,45,5,1,江東区,East,45_江東区_5_21,-6.247788064683846e-9,-1.8950618851931722e-11
12,1976,2023,1,47,40,1,1,江東区,East,40_江東区_1_47,-3.487876654162392e-10,1.958211370833851e-11
44,1999,2023,1,24,80,11,1,江東区,East,80_江東区_11_24,-3.3775293672988482e-9,-3.119238201065855e-11
58,1999,2023,1,24,65,1,1,江東区,East,65_江東区_1_24,-9.195630923386489e-10,-1.034905494634586e-11
52,1989,2023,1,34,65,7,1,江東区,East,65_江東区_7_34,-4.55177229241599e-9,-4.1478598333810623e-11
57,2012,2023,1,11,70,9,1,江東区,East,70_江東区_9_11,-4.9882373787113465e-9,-4.830180699855191e-11
55,2012,2023,1,11,60,6,1,江東区,East,60_江東区_6_11,-0.5000000047484647,-4.460209979129104e-11
71,2002,2023,1,21,75,6,1,江東区,East,75_江東区_6_21,-3.0313742627186002e-9,-2.6246338435953476e-11
53,1991,2023,1,32,65,2,1,江東区,East,65_江東区_2_32,-2.0556001345539698e-10,-1.41886502547095e-13
74,1998,2023,1,25,85,8,1,江東区,East,85_江東区_8_25,-3.3114559983005165e-9,-3.0859537147875926e-11
35,1981,2023,1,42,60,8,1,江東区,East,60_江東区_8_42,1.49999999982726,-3.1312730186527915e-12
32,1981,2023,1,42,60,8,1,江東区,East,60_江東区_8_42,-1.50000000017274,-3.1312730186527915e-12
56,2012,2023,1,11,60,6,1,江東区,East,60_江東区_6_11,0.49999999525153527,-4.460209979129104e-11
63,2013,2023,1,10,75,6,1,江東区,East,75_江東区_6_10,-4.154522059707233e-9,-3.70590225173828e-11
63,1998,2023,1,25,70,9,1,江東区,East,70_江東区_9_25,-2.5172965933961677e-9,-2.380518004940768e-11
49,1999,2023,1,24,70,3,1,江東区,East,70_江東区_3_24,-2.0000000045268536,0.4999999999563973
44,1983,2023,1,40,60,7,1,江東区,East,60_江東区_7_40,-1.587757481047447e-9,-1.6231238575414864e-11
43,1981,2023,1,42,75,10,1,江東区,East,75_江東区_10_42,-3.6011016391057638e-9,-3.204414511515097e-11
70,2001,2023,1,22,80,5,1,江東区,East,80_江東区_5_22,-3.155605554638896e-9,-2.7400304247748863e-11
81,2007,2023,1,16,85,5,1,江東区,East,85_江東区_5_16,2.999999996720419,0.6666666666375896
110,2009,2023,1,14,85,4,1,江東区,East,85_江東区_4_14,22.499999995817802,0.4999999999617244
97,2014,2023,1,9,75,5,1,江東区,East,75_江東区_5_9,-3.1617446438758634e-9,-2.6981972212070104e-11
97,2009,2023,1,14,80,6,1,江東区,East,80_江東区_6_14,-3.553282112989109e-9,-3.194489117674948e-11
95,2008,2023,1,15,80,6,1,江東区,East,80_江東区_6_15,4.999999995888629,-3.7658987039890235e-11
60,2001,2023,1,22,70,9,1,江東区,East,70_江東区_9_22,6.999999995435417,0.33333333329212933
98,2016,2023,1,7,80,6,1,江東区,East,80_江東区_6_7,0.9999999965982056,-3.043876262154299e-11
82,2009,2023,1,14,70,6,1,江東区,East,70_江東区_6_14,-1.333333335137894,-1.7887025194340822e-11
75,2007,2023,1,16,80,5,1,江東区,East,80_江東区_5_16,-1.5000000037563552,-3.2837066399338255e-11
88,2009,2023,1,14,80,5,1,江東区,East,80_江東区_5_14,-3.2747919931352953e-9,-3.03341796126233e-11
100,2014,2023,1,9,80,5,1,江東区,East,80_江東区_5_9,-4.137419296057487e-9,-3.700817430285497e-11
76,2000,2023,1,23,80,10,1,江東区,East,80_江東区_10_23,0.4999999966436519,-3.08557623895922e-11
100,2014,2023,1,9,75,4,1,江東区,East,75_江東区_4_9,23.999999996507057,0.333333333301868
80,2009,2023,1,14,65,6,1,江東区,East,65_江東区_6_14,-2.6121256269107107e-9,-2.5623503319138763e-11
97,2009,2023,1,14,80,6,1,江東区,East,80_江東区_6_14,-3.553282112989109e-9,-3.194489117674948e-11
77,2000,2023,1,23,80,8,1,江東区,East,80_江東区_8_23,-3.3365097351634176e-9,-2.8718138977978924e-11
73,1997,2023,1,26,80,12,1,江東区,East,80_江東区_12_26,-4.187242552688986e-9,-3.812838933470175e-11
89,2016,2023,1,7,75,6,1,江東区,East,75_江東区_6_7,3.999999995786368,0.33333333329485204
69,2014,2023,1,9,55,4,1,江東区,East,55_江東区_4_9,-4.53400161859463e-9,-4.2736036931501076e-11
96,2009,2023,1,14,75,4,1,江東区,East,75_江東区_4_14,18.499999995214807,0.4999999999546214
68,2009,2023,1,14,60,5,1,江東区,East,60_江東区_5_14,-3.500000004770328,-4.5316417285334865e-11
75,2009,2023,1,14,60,5,1,江東区,East,60_江東区_5_14,3.499999995229672,-4.5316417285334865e-11
96,2016,2023,1,7,80,6,1,江東区,East,80_江東区_6_7,-1.0000000034017944,-3.043876262154299e-11
100,2009,2023,1,14,85,5,1,江東区,East,85_江東区_5_14,-3.340474563628959e-9,-3.0352831359437005e-11
120,2016,2023,1,7,90,5,1,江東区,East,90_江東区_5_7,-3.3254394793402753e-9,-2.917421859649494e-11
83,2009,2023,1,14,70,6,1,江東区,East,70_江東区_6_14,-0.333333335137894,-1.7887025194340822e-11
90,2008,2023,1,15,85,6,1,江東区,East,85_江東区_6_15,-3.6285996429796796e-9,-3.218381117164881e-11
87,2009,2023,1,14,70,7,1,江東区,East,70_江東区_7_14,-1.096680080081569e-9,-1.3558265621327337e-11
71,2008,2023,1,15,65,6,1,江東区,East,65_江東区_6_15,-5.643698841595324e-9,-5.073830244839428e-11
85,2009,2023,1,14,70,6,1,江東区,East,70_江東区_6_14,1.666666664862106,-1.7887025194340822e-11
84,2008,2023,1,15,70,6,1,江東区,East,70_江東区_6_15,-2.625583306326007e-9,-2.4949375898586368e-11
84,2008,2023,1,15,70,6,1,江東区,East,70_江東区_6_15,-2.625583306326007e-9,-2.4949375898586368e-11
48,2013,2023,1,10,45,6,1,江東区,East,45_江東区_6_10,-2.6641160388862772e-9,-2.5015323146249102e-11
95,2007,2023,1,16,80,6,1,江東区,East,80_江東区_6_16,-3.482583110780979e-9,-3.1319391524675666e-11
93,2014,2023,1,9,80,12,1,江東区,East,80_江東区_12_9,-2.981479951813526e-9,-2.5483171128826143e-11
68,2001,2023,1,22,80,4,1,江東区,East,80_江東区_4_22,-3.778524160225061e-9,-3.286282357350956e-11
75,2000,2023,1,23,80,10,1,江東区,East,80_江東区_10_23,-0.5000000033563481,-3.08557623895922e-11
73,2016,2023,1,7,65,6,1,江東区,East,65_江東区_6_7,-5.164977778804314e-9,-5.063460761789429e-11
75,2007,2023,1,16,80,4,1,江東区,East,80_江東区_4_16,5.999999996630194,0.499999999968759
74,2000,2023,1,23,80,9,1,江東区,East,80_江東区_9_23,-3.542936610756442e-9,-3.164823958456964e-11
96,2016,2023,1,7,80,11,1,江東区,East,80_江東区_11_7,-4.12038048125396e-9,-3.6868064157147273e-11
91,2016,2023,1,7,75,6,1,江東区,East,75_江東区_6_7,5.999999995786368,0.33333333329485204
130,2016,2023,1,7,80,5,1,江東区,East,80_江東区_5_7,20.499999995744815,0.4999999999606868
51,1984,2023,1,39,70,3,1,江東区,East,70_江東区_3_39,-4.799119324161438e-9,-4.5739634302321974e-11
110,2008,2023,1,15,75,6,1,江東区,East,75_江東区_6_15,5.999999996918774,-2.6451507650904205e-11
73,2014,2023,1,9,75,8,1,江東区,East,75_江東区_8_9,-4.566174993669847e-9,-4.154632193831276e-11
70,2005,2023,1,18,70,4,1,江東区,East,70_江東区_4_18,-2.184435743401991e-9,-2.1121993043493603e-11
78,2007,2023,1,16,80,5,1,江東区,East,80_江東区_5_16,1.4999999962436448,-3.2837066399338255e-11
74,2013,2023,1,10,65,5,1,江東区,East,65_江東区_5_10,-1.3534133813664084e-9,-1.528355220159483e-11
80,2016,2023,1,7,60,6,1,江東区,East,60_江東区_6_7,-3.7370710970208165e-9,-3.3617775230254665e-11
98,2008,2023,1,15,75,6,1,江東区,East,75_江東区_6_15,-6.000000003081226,-2.6451507650904205e-11
13,1992,2023,1,31,25,10,1,江東区,East,25_江東区_10_31,-5.9471005897648865e-9,-5.237787981116071e-11
62,2002,2023,1,21,80,8,1,江東区,East,80_江東区_8_21,-3.795761926994601e-9,-3.472000464910252e-11
46,1973,2023,1,50,60,2,1,江東区,East,60_江東区_2_50,-4.133333675326867e-9,-3.633093825783362e-11
44,1973,2023,1,50,60,5,1,江東区,East,60_江東区_5_50,-2.5654856017354177e-9,-2.4674706722294104e-11
52,1986,2023,1,37,60,6,1,江東区,East,60_江東区_6_37,-2.664691578502243e-9,-2.5650592760939617e-11
33,1973,2023,1,50,60,6,1,江東区,East,60_江東区_6_50,1.0364686886532581e-10,7.915446076367516e-12
67,2016,2023,1,7,80,12,1,江東区,East,80_江東区_12_7,-3.3950868782994803e-9,-3.0503821690786026e-11
61,2010,2023,1,13,75,7,1,江東区,East,75_江東区_7_13,-15.0000000040109,-3.618927379989145e-11
63,2012,2023,1,11,70,12,1,江東区,East,70_江東区_12_11,-1.666666672146846,-5.113198753292636e-11
54,2003,2023,1,20,70,11,1,江東区,East,70_江東区_11_20,-1.5000000053420735,-5.103228950531502e-11
40,1982,2023,1,41,65,13,1,江東区,East,65_江東区_13_41,-4.362625816156651e-9,-4.0349723562371764e-11
69,2003,2023,1,20,90,11,1,江東区,East,90_江東区_11_20,-4.09822575875296e-9,-3.639755163931113e-11
69,2003,2023,1,20,85,11,1,江東区,East,85_江東区_11_20,-3.3431177826059866e-9,-3.092281986027956e-11
38,1983,2023,1,40,70,11,1,江東区,East,70_江東区_11_40,-1.238078084497829e-9,-1.464894872071909e-11
57,2003,2023,1,20,70,11,1,江東区,East,70_江東区_11_20,1.4999999946579265,-5.103228950531502e-11
58,1981,2023,1,42,80,12,1,江東区,East,80_江東区_12_42,-4.164583344845596e-9,-3.700906248127467e-11
61,2010,2023,1,13,80,7,1,江東区,East,80_江東区_7_13,-14.500000003930921,0.4999999999644129
76,2003,2023,1,20,90,10,1,江東区,East,90_江東区_10_20,-3.775028289965121e-9,-3.420419503186167e-11
64,2012,2023,1,11,70,12,1,江東区,East,70_江東区_12_11,-0.6666666721468459,-5.113198753292636e-11
68,2007,2023,1,16,75,7,1,江東区,East,75_江東区_7_16,1.499999996062428,-3.561884120983905e-11
60,2008,2023,1,15,75,8,1,江東区,East,75_江東区_8_15,-3.500000004588486,-4.1911585313414434e-11
61,2009,2023,1,14,65,9,1,江東区,East,65_江東区_9_14,-4.271448972303915e-9,-3.9457326295178063e-11
67,2012,2023,1,11,70,12,1,江東区,East,70_江東区_12_11,2.333333327853154,-5.113198753292636e-11
61,2003,2023,1,20,75,3,1,江東区,East,75_江東区_3_20,-3.730015407654719e-9,-3.3870239946054426e-11
80,2012,2023,1,11,75,12,1,江東区,East,75_江東区_12_11,-3.3445246572227916e-9,-2.9535041079498114e-11
65,2007,2023,1,16,75,7,1,江東区,East,75_江東区_7_16,-1.500000003937572,-3.561884120983905e-11
83,2014,2023,1,9,70,7,1,江東区,East,70_江東区_7_9,2.3333333319700102,-1.5526024910172964e-11
70,2008,2023,1,15,85,9,1,江東区,East,85_江東区_9_15,-3.3119533782155486e-9,-3.08673087090483e-11
80,2014,2023,1,9,70,7,1,江東区,East,70_江東区_7_9,-0.6666666680299898,-1.5526024910172964e-11
75,2014,2023,1,9,70,6,1,江東区,East,70_江東区_6_9,-2.7607427455222933e-9,-2.4868995751603507e-11
73,2014,2023,1,9,65,7,1,江東区,East,65_江東区_7_9,-5.132079650138621e-9,-4.925593266591477e-11
89,2012,2023,1,11,85,12,1,江東区,East,85_江東区_12_11,-3.378730184522283e-9,-3.124189795755683e-11
80,2012,2023,1,11,75,12,1,江東区,East,75_江東区_12_11,-3.3445246572227916e-9,-2.9535041079498114e-11
75,2017,2023,1,6,70,11,1,江東区,East,70_江東区_11_6,-2.3950974537001457e-9,-2.2992718839986992e-11
74,2012,2023,1,11,75,3,1,江東区,East,75_江東区_3_11,-3.438756834839296e-9,-2.977462720821222e-11
64,2014,2023,1,9,55,7,1,江東区,East,55_江東区_7_9,-2.2235724372876575e-10,2.2160051571518125e-13
67,2008,2023,1,15,75,8,1,江東区,East,75_江東区_8_15,3.499999995411514,-4.1911585313414434e-11
57,2008,2023,1,15,65,9,1,江東区,East,65_江東区_9_15,-1.4573586781807535e-9,-1.652544767694053e-11
79,2014,2023,1,9,70,7,1,江東区,East,70_江東区_7_9,-1.6666666680299898,-1.5526024910172964e-11
77,2005,2023,1,18,70,2,1,江東区,East,70_江東区_2_18,-4.487787919060793e-9,-4.2704284552996796e-11
86,2006,2023,1,17,80,7,1,江東区,East,80_江東区_7_17,-3.347494725858269e-9,-2.8900437598622375e-11
72,1984,2023,1,39,85,9,1,江東区,East,85_江東区_9_39,-3.3434588431191514e-9,-3.051536801024213e-11
85,2008,2023,1,15,80,6,1,江東区,East,80_江東区_6_15,-5.000000004111371,-3.7658987039890235e-11
83,2005,2023,1,18,75,2,1,江東区,East,75_江東区_2_18,4.333333329051214,0.33333333329316917
95,2005,2023,1,18,75,2,1,江東区,East,75_江東区_2_18,16.333333329051214,0.33333333329316917
61,2010,2023,1,13,55,6,1,江東区,East,55_江東区_6_13,-1.1252296872044099e-9,-1.379585334859712e-11
56,2006,2023,1,17,70,5,1,江東区,East,70_江東区_5_17,-4.877627191035572e-9,-4.661493413493645e-11
52,2005,2023,1,18,55,3,1,江東区,East,55_江東区_3_18,9.349321317131398e-11,7.444489469321525e-12
53,2005,2023,1,18,75,1,1,江東区,East,75_江東区_1_18,-2.7819169190479442e-9,-2.5154101024327247e-11
67,2003,2023,1,20,80,6,1,江東区,East,80_江東区_6_20,-3.3207356864295434e-9,-2.9988234118150103e-11
62,2003,2023,1,20,80,7,1,江東区,East,80_江東区_7_20,-3.702375295233651e-9,-3.2299496410814754e-11
27,2016,2023,1,7,30,5,1,江東区,East,30_江東区_5_7,-6.43291997448614e-9,-3.0284885710329945e-11
62,1994,2023,1,29,70,6,1,江東区,East,70_江東区_6_29,-1.6663221913404413e-09,-1.6988188633604295e-11
77,2016,2023,1,7,70,5,1,江東区,East,70_江東区_5_7,0.49999999773280024,-2.184519232173443e-11
25,1974,2023,1,49,45,8,1,江東区,East,45_江東区_8_49,-4.550521737201052e-9,-4.156675004196586e-11
81,2016,2023,1,7,70,5,1,江東区,East,70_江東区_5_7,4.4999999977328,-2.184519232173443e-11
75,2017,2023,1,6,80,10,1,江東区,East,80_江東区_10_6,-3.2055140763986856e-9,-2.773603569039551e-11
47,2001,2023,1,22,65,9,1,江東区,East,65_江東区_9_22,-1.5063505998114124e-9,-1.684852257710645e-11
42,1982,2023,1,41,75,7,1,江東区,East,75_江東区_7_41,-3.7167851019148657e-9,-3.341971144266154e-11
29,1974,2023,1,49,55,4,1,江東区,East,55_江東区_4_49,-1.7538646090997645e-9,-1.745048550105821e-11
63,2016,2023,1,7,55,5,1,江東区,East,55_江東区_5_7,-4.5842227791581536e-9,-4.315858781467341e-11
27,2014,2023,1,9,30,3,1,江東区,East,30_江東区_3_9,8.185807587324234e-11,1.0202283462490414e-11
32,1973,2023,1,50,60,4,1,江東区,East,60_江東区_4_50,-1.0000000026743265,-2.5909496770282203e-11
69,2016,2023,1,7,70,5,1,江東区,East,70_江東区_5_7,-7.5000000022672,-2.184519232173443e-11
76,2018,2023,1,5,75,4,1,江東区,East,75_江東区_4_5,-4.272237674740609e-9,-3.955125116306135e-11
15,1973,2023,1,50,25,3,1,江東区,East,25_江東区_3_50,-3.9172221022454323e-10,-5.60529400672749e-12
36,1997,2023,1,26,60,3,1,江東区,East,60_江東区_3_26,-5.002327441161469e-9,-4.8080428527441654e-11
58,1982,2023,1,41,85,5,1,江東区,East,85_江東区_5_41,-3.543220827850746e-9,-3.2100322400197e-11
35,1979,2023,1,44,50,5,1,江東区,East,50_江東区_5_44,-4.869562530984695e-10,-6.110889572141787e-12
28,1973,2023,1,50,60,7,1,江東区,East,60_江東区_7_50,-2.6790942797561e-9,-2.5642155065952466e-11
79,2016,2023,1,7,70,5,1,江東区,East,70_江東区_5_7,2.4999999977328002,-2.184519232173443e-11
63,2002,2023,1,21,70,3,1,江東区,East,70_江東区_3_21,-1.4859438124403823e-9,-1.695710238891479e-11
34,1973,2023,1,50,60,4,1,江東区,East,60_江東区_4_50,0.9999999973256735,-2.5909496770282203e-11
38,2000,2023,1,23,75,12,1,江東区,East,75_江東区_12_23,-3.938069426112634e-9,-3.569544659853818e-11
52,2015,2023,1,8,65,9,1,江東区,East,65_江東区_9_8,-1.2075602739969327e-9,-1.3434142687174244e-11
47,1995,2023,1,28,85,12,1,江東区,East,85_江東区_12_28,-3.24169491250359e-9,-2.9606095353074124e-11
44,2009,2023,1,14,65,14,1,江東区,East,65_江東区_14_14,-5.232124067333643e-9,-5.004885395010206e-11
33,1986,2023,1,37,65,10,1,江東区,East,65_江東区_10_37,-5.158327098797599e-9,-5.0501158810334346e-11
30,1987,2023,1,36,65,9,1,江東区,East,65_江東区_9_36,-4.51575488114031e-9,-4.2479575412812665e-11
39,1988,2023,1,35,65,10,1,江東区,East,65_江東区_10_35,-4.576008905132767e-9,-4.2695846858009645e-11
39,1988,2023,1,35,75,10,1,江東区,East,75_江東区_10_35,-4.502297201725014e-9,-4.273226217321735e-11
70,2002,2023,1,21,75,4,1,江東区,East,75_江東区_4_21,-4.517772822509869e-9,-4.075251247570577e-11
58,2001,2023,1,22,75,8,1,江東区,East,75_江東区_8_22,-2.7684876613420784e-9,-2.476019389519024e-11
35,1983,2023,1,40,65,10,1,江東区,East,65_江東区_10_40,-4.408633458297118e-9,-4.0325964789644786e-11
42,1999,2023,1,24,80,9,1,江東区,East,80_江東区_9_24,-3.327613740111701e-9,-2.8541613517063524e-11
34,1979,2023,1,44,70,12,1,江東区,East,70_江東区_12_44,-4.7066919250937644e-9,-4.465561254107797e-11
66,2011,2023,1,12,75,7,1,江東区,East,75_江東区_7_12,-3.1829330282562296e-9,-2.745492722056042e-11
64,2001,2023,1,22,80,7,1,江東区,East,80_江東区_7_22,-3.360668188179261e-9,-3.1134872457982965e-11
27,1979,2023,1,44,60,13,1,江東区,East,60_江東区_13_44,-1.4240697510103928e-10,-2.7891022824633183e-12
75,2002,2023,1,21,80,4,1,江東区,East,80_江東区_4_21,-3.3355718187522143e-9,-2.922373454339322e-11
33,1981,2023,1,42,75,12,1,江東区,East,75_江東区_12_42,-3.333816778194887e-9,-3.0847546739209974e-11
40,2005,2023,1,18,65,15,1,江東区,East,65_江東区_15_18,-4.622741300863709e-9,-4.178124513032344e-11
35,1992,2023,1,31,70,13,1,江東区,East,70_江東区_13_31,-3.769130785258312e-9,-3.289457595201384e-11
54,2002,2023,1,21,65,6,1,江東区,East,65_江東区_6_21,-2.0361383690215007e-9,-1.9835022513348122e-11
37,1981,2023,1,42,65,4,1,江東区,East,65_江東区_4_42,-1.2065299870300805e-9,-1.3820944388953649e-11
40,1975,2023,1,48,65,8,1,江東区,East,65_江東区_8_48,-1.2821317341149552e-9,-1.4693801730913947e-11
54,1998,2023,1,25,75,15,1,江東区,East,75_江東区_15_25,-3.465984832473623e-9,-3.016542571288028e-11
51,2010,2023,1,13,60,11,1,江東区,East,60_江東区_11_13,-1.0384724191681016e-9,-1.3345990979019007e-11
98,2014,2023,1,9,85,7,1,江東区,East,85_江東区_7_9,-3.7469192193384515e-9,-3.2442937225596324e-11
56,1995,2023,1,28,65,3,1,江東区,East,65_江東区_3_28,-1.5870398328843294e-9,-1.6822987447540072e-11
25,2018,2023,1,5,30,11,1,江東区,East,30_江東区_11_5,-5.8832583249568415e-9,-5.161515659324323e-11
60,2002,2023,1,21,65,12,1,江東区,East,65_江東区_12_21,-3.2964280194391904e-9,-2.840372381740508e-11
58,2011,2023,1,12,75,11,1,江東区,East,75_江東区_11_12,1.4999999953863679,-4.3417491824016e-11
45,2001,2023,1,22,70,9,1,江東区,East,70_江東区_9_22,-8.000000004564583,0.33333333329212933
58,2011,2023,1,12,70,11,1,江東区,East,70_江東区_11_12,-4.7457788809879276e-9,-4.556821586731985e-11
57,2012,2023,1,11,70,11,1,江東区,East,70_江東区_11_11,3.9999999957063963,-4.033573475226149e-11
24,1980,2023,1,43,60,10,1,江東区,East,60_江東区_10_43,-5.523546064978291e-10,-6.298739307908363e-12
55,2011,2023,1,12,75,11,1,江東区,East,75_江東区_11_12,-1.5000000046136321,-4.3417491824016e-11
84,2002,2023,1,21,70,1,1,江東区,East,70_江東区_1_21,5.9999999974558875,-2.5123014779637742e-11
72,2002,2023,1,21,70,1,1,江東区,East,70_江東区_1_21,-6.0000000025441125,-2.5123014779637742e-11
66,2011,2021,1,10,65,10,0,品川区,West,65_品川区_10_10,-3.3741969218681334e-9,-3.1058933203098604e-11
38,2010,2021,1,11,45,9,0,品川区,West,45_品川区_9_11,3.5285552257846575e-11,9.584777416193901e-12
55,1991,2021,1,30,65,8,0,品川区,West,65_品川区_8_30,-1.0772396308311727e-9,-1.3139045407228878e-11
47,2004,2021,1,17,55,13,0,品川区,West,55_品川区_13_17,-8.175291554834985e-10,-9.486855745421963e-12
20,2003,2021,1,18,25,5,0,品川区,West,25_品川区_5_18,-9.558434044265596e-10,2.7979840666603195e-11
30,1978,2021,1,43,50,9,0,品川区,West,50_品川区_9_43,-1.1378276099094364e-9,-1.3716361380033959e-11
84,2012,2021,1,9,70,5,0,品川区,West,70_品川区_5_9,0.49999999573549303,-3.9328096335111695e-11
51,2012,2021,1,9,45,5,0,品川区,West,45_品川区_5_9,-5.928889379447355e-9,-5.1924464727903796e-11
60,2006,2021,1,15,55,9,0,品川区,West,55_品川区_9_15,-6.156867016215983e-9,-4.6853187996021006e-11
92,2012,2021,1,9,75,5,0,品川区,West,75_品川区_5_9,-3.4387284131298657e-9,-2.9853230998355684e-11
83,2012,2021,1,9,70,5,0,品川区,West,70_品川区_5_9,-0.500000004264507,-3.9328096335111695e-11
53,2007,2021,1,14,50,9,0,品川区,West,50_品川区_9_14,-4.708610390480317e-9,-4.4579451241588686e-11
70,2011,2021,1,10,55,8,0,品川区,West,55_品川区_8_10,-1.1331735549902078e-10,2.5490720645393594e-12
69,2011,2021,1,10,70,7,0,品川区,West,70_品川区_7_10,-2.729549919422425e-9,-2.4905855156021062e-11
70,2015,2021,1,6,55,6,0,品川区,West,55_品川区_6_6,-9.676170975581044e-10,-1.3842482715631377e-11
62,1982,2021,1,39,75,3,0,品川区,West,75_品川区_3_39,-2.439790591779456e-9,-2.3512303215511565e-11
110,2007,2021,1,14,60,1,0,品川区,West,60_品川区_1_14,-3.4299034723517252e-9,-3.1626035124077134e-11
54,2015,2021,1,6,40,6,0,品川区,West,40_品川区_6_6,-6.367990579292382e-9,-2.8176572186566773e-11
19,1979,2021,1,42,25,1,0,品川区,West,25_品川区_1_42,4.7620574150641914e-11,4.496625294336809e-12
36,1995,2021,1,26,55,5,0,品川区,West,55_品川区_5_26,-5.4901434509702085e-9,-5.035660777252815e-11
51,2002,2021,1,19,60,12,0,品川区,West,60_品川区_12_19,-5.095508015529049e-9,-4.9550141767440437e-11
61,2015,2021,1,6,55,5,0,品川区,West,55_品川区_5_6,-3.0000000044030912,-0.5000000000406992
71,2015,2021,1,6,90,8,0,品川区,West,90_品川区_8_6,-3.944634840991057e-9,-3.508571211341405e-11
25,2005,2021,1,16,25,7,0,品川区,West,25_品川区_7_16,1.47593937072088e-10,6.856515355480042e-12
97,2015,2021,1,6,70,6,0,品川区,West,70_品川区_6_6,-6.5000000026375915,-2.5373259049388253e-11
29,1979,2021,1,42,45,3,0,品川区,West,45_品川区_3_42,-1.7615207070775796e-9,-1.690980688806576e-11
33,1981,2021,1,40,40,11,0,品川区,West,40_品川区_11_40,-6.88018531036505e-10,-8.15703060652595e-12
39,1979,2021,1,42,45,5,0,品川区,West,45_品川区_5_42,-5.671232372606028e-9,-5.065059482944889e-11
65,2015,2021,1,6,45,6,0,品川区,West,45_品川区_6_6,-2.6088144977620686e-9,-2.511546526307029e-11
110,2015,2021,1,6,70,6,0,品川区,West,70_品川区_6_6,6.4999999973624085,-2.5373259049388253e-11
91,2007,2021,1,14,80,11,0,品川区,West,80_品川区_11_14,-4.344997250882443e-9,-3.9727554579371827e-11
70,2006,2021,1,15,70,11,0,品川区,West,70_品川区_11_15,-4.522007657214999e-9,-4.117128860059438e-11
50,2013,2021,1,8,45,11,0,品川区,West,45_品川区_11_8,-5.328217866917839e-10,-7.359668430240163e-12
45,1998,2021,1,23,50,4,0,品川区,West,50_品川区_4_23,-2.085286610054027e-9,-2.0392132427105025e-11
21,1987,2021,1,34,60,5,0,品川区,West,60_品川区_5_34,-1.107189007143461e-9,-1.3261169939937645e-11
53,2011,2021,1,10,55,2,0,品川区,West,55_品川区_2_10,-4.242650675223558e-9,-3.9314329569606343e-11
20,1977,2021,1,44,30,3,0,品川区,West,30_品川区_3_44,-2.214608940676044e-9,-2.1535218053259086e-11
23,1979,2021,1,42,40,6,0,品川区,West,40_品川区_6_42,-6.182375500429771e-9,-4.436651046546558e-11
53,2012,2021,1,9,45,7,0,品川区,West,45_品川区_7_9,3.993250174971763e-11,7.882139385628761e-12
62,1991,2021,1,30,65,4,0,品川区,West,65_品川区_4_30,-2.000518861677847e-9,-1.990074771640593e-11
78,2015,2021,1,6,65,4,0,品川区,West,65_品川区_4_6,-1.8801813439495163e-9,-1.8590240458138396e-11
29,1974,2021,1,47,45,10,0,品川区,West,45_品川区_10_47,-6.069452496149097e-9,-5.136380210046809e-11
29,1983,2021,1,38,45,5,0,品川区,West,45_品川区_5_38,-5.893774357446091e-9,-5.268674385661143e-11
71,1999,2021,1,22,70,3,0,品川区,West,70_品川区_3_22,-3.3334117688355036e-9,-3.041167317974214e-11
67,2015,2021,1,6,60,4,0,品川区,West,60_品川区_4_6,-14.333333336726866,-0.33333333336446413
44,2011,2021,1,10,40,2,0,品川区,West,40_品川区_2_10,-6.407248065443127e-10,-8.475886659198295e-12
28,2005,2021,1,16,25,5,0,品川区,West,25_品川区_5_16,-9.105249887397804e-11,-5.839773109528323e-14
33,1980,2021,1,41,45,10,0,品川区,West,45_品川区_10_41,-6.191569923430507e-9,-4.662914498965165e-11
67,2015,2021,1,6,60,4,0,品川区,West,60_品川区_4_6,-14.333333336726866,-0.33333333336446413
70,2014,2021,1,7,70,4,0,品川区,West,70_品川区_4_7,-7.500000001099579,-0.5000000000129032
97,2010,2021,1,11,70,6,0,品川区,West,70_品川区_6_11,-2.120899011970323e-9,-2.0637047626337335e-11
62,2002,2021,1,19,65,7,0,品川区,West,65_品川区_7_19,-2.7847733008457e-9,-2.4936941400710566e-11
71,2010,2021,1,11,55,6,0,品川区,West,55_品川区_6_11,-4.314273382988176e-9,-4.016720289712339e-11
93,2002,2021,1,19,80,7,0,品川区,West,80_品川区_7_19,6.499999996590674,-3.052025299155048e-11
130,2010,2021,1,11,85,6,0,品川区,West,85_品川区_6_11,-3.550809424268664e-9,-3.1880276196716295e-11
97,2010,2021,1,11,70,6,0,品川区,West,70_品川区_6_11,-2.120899011970323e-9,-2.0637047626337335e-11
36,1985,2021,1,36,50,5,0,品川区,West,50_品川区_5_36,-1.4291856587078655e-10,2.9616309404900676e-12
120,2014,2021,1,7,80,2,0,品川区,West,80_品川区_2_7,-3.324984731989389e-9,-2.910938157185683e-11
32,2000,2021,1,21,35,2,0,品川区,West,35_品川区_2_21,-6.814261155341228e-9,-1.6292300841769247e-11
79,2013,2021,1,8,60,2,0,品川区,West,60_品川区_2_8,-3.3702605151120224e-9,-2.9998448169976655e-11
58,2000,2021,1,21,60,2,0,品川区,West,60_品川区_2_21,-3.989811148130684e-9,-3.508593415801897e-11
70,2001,2021,1,20,65,3,0,品川区,West,65_品川区_3_20,-4.129788067075424e-9,-3.692091077311943e-11
66,2005,2021,1,16,70,10,0,品川区,West,70_品川区_10_16,-2.3805171167623485e-9,-2.2660096021809295e-11
64,1983,2021,1,38,75,7,0,品川区,West,75_品川区_7_38,-2.7188207241124474e-9,-2.5500934697220146e-11
57,2011,2021,1,10,60,4,0,品川区,West,60_品川区_4_10,-11.500000005783647,-0.5000000000515488
55,2012,2021,1,9,60,5,0,品川区,West,60_品川区_5_9,-5.000000000882309,-9.641398790449784e-12
57,2012,2021,1,9,55,5,0,品川区,West,55_品川区_5_9,-1.5000000033170053,-0.5000000000303828
48,2003,2021,1,18,80,3,0,品川区,West,80_品川区_3_18,-4.552966004212067e-9,-4.0888181729314965e-11
80,2002,2021,1,19,80,7,0,品川区,West,80_品川区_7_19,-6.500000003409326,-3.052025299155048e-11
60,1998,2021,1,23,70,3,0,品川区,West,70_品川区_3_23,-5.0787747341018985e-9,-5.0344839408467124e-11
40,1985,2021,1,36,55,4,0,品川区,West,55_品川区_4_36,-4.2192453975076205e-9,-3.853140029264068e-11
64,2002,2021,1,19,65,3,0,品川区,West,65_品川区_3_19,-4.386919272292289e-9,-4.067124415030321e-11
35,2003,2021,1,18,35,6,0,品川区,West,35_品川区_6_18,-3.3164582191602676e-9,-2.8563151843741252e-11
54,2014,2021,1,7,85,8,0,品川区,West,85_品川区_8_7,-3.93994525893504e-9,-3.517941493669241e-11
41,1992,2021,1,29,55,8,0,品川区,West,55_品川区_8_29,-4.9452850703346485e-9,-4.769096229040315e-11
25,1980,2021,1,41,50,6,0,品川区,West,50_品川区_6_41,-4.575156253849855e-9,-4.0959680092100825e-11
63,2008,2021,1,13,65,3,0,品川区,West,65_品川区_3_13,3.499999998025636,-1.9014345653545206e-11
44,2014,2021,1,7,40,7,0,品川区,West,40_品川区_7_7,1.4999999991785629,-9.509060205914466e-12
56,2008,2021,1,13,65,3,0,品川区,West,65_品川区_3_13,-3.500000001974364,-1.9014345653545206e-11
65,2008,2021,1,13,80,3,0,品川区,West,80_品川区_3_13,-4.1564902630852885e-9,-3.8091085841074346e-11
79,2008,2021,1,13,75,3,0,品川区,West,75_品川区_3_13,-4.4110919361628476e-9,-4.0645486976131906e-11
41,2014,2021,1,7,40,7,0,品川区,West,40_品川区_7_7,-1.5000000008214371,-9.509060205914466e-12
52,2008,2021,1,13,55,3,0,品川区,West,55_品川区_3_13,-1.3615206739814312e-9,-1.5372814132774693e-11
50,1996,2021,1,25,65,6,0,品川区,West,65_品川区_6_25,-5.569432914853678e-9,-5.103184541610517e-11
65,2012,2021,1,9,60,5,0,品川区,West,60_品川区_5_9,4.999999999117691,-9.641398790449784e-12
66,2014,2021,1,7,55,3,0,品川区,West,55_品川区_3_7,-9.86517534329323e-10,-1.1267209387710864e-11
80,2008,2021,1,13,80,10,0,品川区,West,80_品川区_10_13,-3.976708740083268e-9,-3.580424845495145e-11
85,2008,2021,1,13,85,10,0,品川区,West,85_品川区_10_13,-3.996774466941133e-9,-3.657962821534966e-11
75,1998,2021,1,23,75,5,0,品川区,West,75_品川区_5_23,-4.117296725780761e-9,-3.764455414057011e-11
64,2005,2021,1,16,85,7,0,品川区,West,85_品川区_7_16,-3.764256462090998e-9,-3.431277484367001e-11
64,2000,2021,1,21,85,6,0,品川区,West,85_品川区_6_21,-3.5429650324658724e-9,-3.188049824132122e-11
53,2003,2021,1,18,70,6,0,品川区,West,70_品川区_6_18,-3.925762825929269e-9,-3.5488945115957904e-11
37,2006,2021,1,15,60,2,0,品川区,West,60_品川区_2_15,-3.157083483529277e-9,-2.6584068280044448e-11
63,2005,2021,1,16,80,7,0,品川区,West,80_品川区_7_16,-4.3217482925683726e-9,-4.02666788801298e-11
67,2016,2021,1,5,70,3,0,品川区,West,70_品川区_3_5,-0.5000000012045405,-1.4047651930582106e-11
53,2007,2021,1,14,70,6,0,品川区,West,70_品川区_6_14,-4.207237225273275e-9,-3.8545167058146035e-11
68,2016,2021,1,5,70,3,0,品川区,West,70_品川区_3_5,0.49999999879545953,-1.4047651930582106e-11
55,1981,2021,1,40,80,5,0,品川区,West,80_品川区_5_40,-3.3469262916696607e-9,-2.890820915979475e-11
55,2003,2021,1,18,80,6,0,品川区,West,80_品川区_6_18,-3.3926568221431808e-9,-3.1235458664014004e-11
58,2001,2021,1,20,70,11,0,品川区,West,70_品川区_11_20,-3.93061583281451e-9,-3.5365488315619587e-11
32,1980,2021,1,41,70,8,0,品川区,West,70_品川区_8_41,-4.000000005523539,-0.5000000000512539
75,2007,2021,1,14,80,6,0,品川区,West,80_品川区_6_14,-2.8347528768790653e-9,-2.5655699786852892e-11
21,2007,2021,1,14,25,2,0,品川区,West,25_品川区_2_14,-4.786677720858279e-9,-4.546496512602971e-11
47,2013,2021,1,8,50,5,0,品川区,West,50_品川区_5_8,-2.506482132957899e-9,-2.4067858817033994e-11
29,2003,2021,1,18,35,4,0,品川区,West,35_品川区_4_18,-5.824595916692488e-9,-5.113198753292636e-11
18,2001,2021,1,20,25,9,0,品川区,West,25_品川区_9_20,1.6759571508373483e-10,1.344324651597617e-11
25,1984,2021,1,37,35,4,0,品川区,West,35_品川区_4_37,-6.841993638317945e-10,-8.923528582727158e-12
61,2008,2021,1,13,80,4,0,品川区,West,80_品川区_4_13,-4.115669582915871e-9,-3.7793546070474804e-11
56,1980,2021,1,41,75,5,0,品川区,West,75_品川区_5_41,-2.5886066623570514e-9,-2.541855614879296e-11
78,2009,2021,1,12,60,3,0,品川区,West,60_品川区_3_12,1.499999997283112,-2.472222426774806e-11
100,2014,2021,1,7,75,4,0,品川区,West,75_品川区_4_7,-3.1938895972416503e-9,-2.772315710330986e-11
52,1980,2021,1,41,70,5,0,品川区,West,70_品川区_5_41,-3.335578924179572e-9,-2.8956392839063483e-11
83,2009,2021,1,12,65,3,0,品川区,West,65_品川区_3_12,0.4999999983243981,-1.6917134360028285e-11
82,2009,2021,1,12,65,3,0,品川区,West,65_品川区_3_12,-0.5000000016756019,-1.6917134360028285e-11
56,2004,2021,1,17,60,3,0,品川区,West,60_品川区_3_17,-3.463277664650377e-9,-3.148326044311034e-11
69,2009,2021,1,12,50,3,0,品川区,West,50_品川区_3_12,-3.4498270906624384e-9,-3.1098235098170335e-11
59,2013,2021,1,8,50,6,0,品川区,West,50_品川区_6_8,-5.061693286734226e-9,-4.987765755970486e-11
34,1980,2021,1,41,50,5,0,品川区,West,50_品川区_5_41,-1.9906778447875695e-9,-1.921174330732356e-11
61,1996,2021,1,25,65,5,0,品川区,West,65_品川区_5_25,-5.820233184294921e-9,-5.118594437192314e-11
55,1981,2021,1,40,70,1,0,品川区,West,70_品川区_1_40,-4.490857463679276e-9,-4.2445602588259135e-11
75,2009,2021,1,12,60,3,0,品川区,West,60_品川区_3_12,-1.500000002716888,-2.472222426774806e-11
120,2009,2021,1,12,90,3,0,品川区,West,90_品川区_3_12,-3.904872869497922e-9,-3.454081465292802e-11
20,2001,2021,1,20,25,2,0,品川区,West,25_品川区_2_20,-1.1827978596556932e-9,-1.4410250770424682e-11
37,1975,2021,1,46,65,6,0,品川区,West,65_品川区_6_46,-3.670230341867864e-9,-3.257150105184792e-11
52,2015,2021,1,6,60,6,0,品川区,West,60_品川区_6_6,-1.5639471939721261e-9,-1.628230883454762e-11
44,2004,2021,1,17,55,8,0,品川区,West,55_品川区_8_17,-6.197204527325084e-9,-4.917288798367281e-11
20,1992,2021,1,29,25,4,0,品川区,West,25_品川区_4_29,-5.8946909575752215e-9,-5.326139529415741e-11
55,1997,2021,1,24,65,2,0,品川区,West,65_品川区_2_24,-3.1209950179800217e-9,-2.6407098729919198e-11
38,1998,2021,1,23,60,5,0,品川区,West,60_品川区_5_23,7.724310080448049e-11,7.851275185544182e-12
24,1975,2021,1,46,45,5,0,品川区,West,45_品川区_5_46,-2.1575630171355442e-10,-9.5723429183181e-13
63,2004,2023,1,19,65,5,1,品川区,West,65_品川区_5_19,0.49999999437199705,-5.086286947175722e-11
25,1980,2023,1,43,35,8,1,品川区,West,35_品川区_8_43,-9.789928867576236e-10,-1.3415046851150692e-11
77,2018,2023,1,5,55,7,1,品川区,West,55_品川区_7_5,-4.8399328989034984e-9,-4.61124471939911e-11
87,1999,2023,1,24,70,8,1,品川区,West,70_品川区_8_24,-1.6214016795856878e-9,-1.713451602824989e-11
53,1985,2023,1,38,55,6,1,品川区,West,55_品川区_6_38,-3.015543370565865e-11,3.6495251265478146e-12
53,1982,2023,1,41,55,8,1,品川区,West,55_品川区_8_41,-5.382453593938408e-9,-4.959876953591902e-11
50,2018,2023,1,5,35,7,1,品川区,West,35_品川区_7_5,-6.340904690205207e-9,-2.7713387140693158e-11
42,1986,2023,1,37,65,8,1,品川区,West,65_品川区_8_37,-1.2302621144044679e-9,-1.4257262037631335e-11
59,1982,2023,1,41,50,8,1,品川区,West,50_品川区_8_41,-6.074827751945122e-9,-5.119060730862657e-11
60,1993,2023,1,30,50,6,1,品川区,West,50_品川区_6_30,-3.374111656739842e-9,-3.0461855260455195e-11
52,1979,2023,1,44,60,5,1,品川区,West,60_品川区_5_44,7.999999999021625,-1.3503198559305929e-11
33,1979,2023,1,44,45,7,1,品川区,West,45_品川区_7_44,-6.012442099745385e-9,-5.144706882731498e-11
110,2012,2023,1,11,70,5,1,品川区,West,70_品川区_5_11,-4.59309035250044e-9,-4.1691761154538653e-11
89,2004,2023,1,19,75,8,1,品川区,West,75_品川区_8_19,4.499999997594443,-2.3171020657741792e-11
130,2012,2023,1,11,80,5,1,品川区,West,80_品川区_5_11,-4.302194156480255e-9,-3.9334757673259446e-11
69,2006,2023,1,17,55,9,1,品川区,West,55_品川区_9_17,1.0979306352965068e-10,1.0561551633259114e-11
55,1997,2023,1,26,60,10,1,品川区,West,60_品川区_10_26,-1.9810428852906625e-9,-1.997446652524104e-11
30,1979,2023,1,44,45,4,1,品川区,West,45_品川区_4_44,-5.614975151502222e-9,-5.058709007244033e-11
45,1979,2023,1,44,50,4,1,品川区,West,50_品川区_4_44,-2.3440591689904977e-9,-2.159539214119377e-11
29,2004,2023,1,19,25,5,1,品川区,West,25_品川区_5_19,-1.4723866570420796e-10,1.7234436100466155e-11
230,2017,2023,1,6,80,3,1,品川区,West,80_品川区_3_6,-3.120277369816904e-9,-2.6397994901117272e-11
180,2017,2023,1,6,70,2,1,品川区,West,70_品川区_2_6,-4.472610726224957e-9,-4.037326029049382e-11
120,2008,2023,1,15,55,5,1,品川区,West,55_品川区_5_15,-1.0276153261656873e-9,-1.2569278950991247e-11
120,1998,2023,1,25,80,2,1,品川区,West,80_品川区_2_25,-3.5044251944782445e-9,-3.0112357052303196e-11
73,2017,2023,1,6,35,2,1,品川区,West,35_品川区_2_6,-5.500000004937164,-4.735301040170725e-11
84,2017,2023,1,6,35,2,1,品川区,West,35_品川区_2_6,5.499999995062836,-4.735301040170725e-11
76,2017,2023,1,6,30,3,1,品川区,West,30_品川区_3_6,-1.1538361377461115e-9,-1.29485311362032e-11
140,2017,2023,1,6,50,3,1,品川区,West,50_品川区_3_6,-2.953072453237837e-9,-2.6583624190834598e-11
85,1996,2023,1,27,55,7,1,品川区,West,55_品川区_7_27,-1.0089280522151967e-9,-1.251243553213044e-11
93,2015,2023,1,8,80,5,1,品川区,West,80_品川区_5_8,2.4999999957912706,-3.853162233724561e-11
88,2015,2023,1,8,80,5,1,品川区,West,80_品川区_5_8,-2.5000000042087294,-3.853162233724561e-11
85,2015,2023,1,8,70,5,1,品川区,West,70_品川区_5_8,-1.2099263813070138e-9,-1.4647394408484615e-11
14,1989,2023,1,34,35,9,1,品川区,West,35_品川区_9_34,1.5621637317053683e-10,6.865175095072118e-12
60,2015,2023,1,8,75,8,1,品川区,West,75_品川区_8_8,-4.0000000033416825,-3.112665680760074e-11
67,2015,2023,1,8,75,8,1,品川区,West,75_品川区_8_8,2.9999999966583175,-3.112665680760074e-11
65,2015,2023,1,8,75,8,1,品川区,West,75_品川区_8_8,0.9999999966583175,-3.112665680760074e-11
64,2015,2023,1,8,75,8,1,品川区,West,75_品川区_8_8,-3.341682486279751e-9,-3.112665680760074e-11
66,2017,2023,1,6,75,7,1,品川区,West,75_品川区_7_6,-1.5439951539519825e-9,-1.6225687460291738e-11
66,2015,2023,1,8,75,11,1,品川区,West,75_品川区_11_8,2.499999995489979,-4.157896249523674e-11
64,2017,2023,1,6,80,12,1,品川区,West,80_品川区_12_6,-3.4128220249840524e-9,-3.124500658202578e-11
61,2015,2023,1,8,75,11,1,品川区,West,75_品川区_11_8,-2.500000004510021,-4.157896249523674e-11
65,2017,2023,1,6,75,11,1,品川区,West,75_品川区_11_6,-2.375131202825287e-9,-2.2941204491644385e-11
65,2017,2023,1,6,70,7,1,品川区,West,70_品川区_7_6,-4.1104897263721796e-9,-3.622058208918588e-11
64,2016,2023,1,7,60,4,1,品川区,West,60_品川区_4_7,-6.136247066024225e-10,-8.424150266250763e-12
100,2018,2023,1,5,75,10,1,品川区,West,75_品川区_10_5,-2.2246950948101585e-9,-2.1819879236772977e-11
20,1979,2023,1,44,25,2,1,品川区,West,25_品川区_2_44,-5.054562990380873e-9,-4.8619774872804555e-11
58,2011,2023,1,12,55,5,1,品川区,West,55_品川区_5_12,-6.191413604028639e-9,-4.9541259983243435e-11
180,2015,2023,1,8,85,6,1,品川区,West,85_品川区_6_8,-5.000000003602423,-3.17570414409829e-11
18,1981,2023,1,42,30,5,1,品川区,West,30_品川区_5_42,-3.0000000009355254,-1.0171419262405834e-11
190,2015,2023,1,8,85,6,1,品川区,West,85_品川区_6_8,4.999999996397577,-3.17570414409829e-11
110,2015,2023,1,8,60,6,1,品川区,West,60_品川区_6_8,-2.4203927750932053e-9,-2.3560930983990147e-11
57,2018,2023,1,5,45,10,1,品川区,West,45_品川区_10_5,-3.3623024364715093e-9,-2.9793278955025926e-11
100,2002,2023,1,21,85,12,1,品川区,West,85_品川区_12_21,-3.401609660613758e-9,-3.0495383995798875e-11
44,1997,2023,1,26,60,6,1,品川区,West,60_品川区_6_26,-3.3327580695186043e-9,-3.0009550400222906e-11
40,1982,2023,1,41,70,8,1,品川区,West,70_品川区_8_41,3.999999994476461,0.4999999999487461
85,2016,2023,1,7,70,4,1,品川区,West,70_品川区_4_7,7.499999998900421,0.49999999998709677
58,1979,2023,1,44,60,4,1,品川区,West,60_品川区_4_44,-1.0658141036401503e-9,-1.372346680739156e-11
96,2008,2023,1,15,85,5,1,品川区,West,85_品川区_5_15,-3.4118272651539883e-9,-2.9990898653409204e-11
32,1979,2023,1,44,40,4,1,品川区,West,40_品川区_4_44,-4.580357426675619e-9,-4.101008421741881e-11
53,1981,2023,1,42,55,6,1,品川区,West,55_品川区_6_42,-4.845389867114136e-9,-4.6651793539354e-11
74,2014,2023,1,9,65,8,1,品川区,West,65_品川区_8_9,-1.898172286018962e-9,-1.887423550783751e-11
78,2014,2023,1,9,70,3,1,品川区,West,70_品川区_3_9,-2.160348344659724e-9,-2.100097873380946e-11
89,2016,2023,1,7,80,1,1,品川区,West,80_品川区_1_7,-3.2738256550146616e-9,-3.0107027981784995e-11
59,2016,2023,1,7,45,1,1,品川区,West,45_品川区_1_7,-5.102158695535763e-9,-4.8966164456487604e-11
73,2013,2023,1,10,65,6,1,品川区,West,65_品川区_6_10,-4.496399697018205e-9,-4.036193601564264e-11
80,2015,2023,1,8,65,2,1,品川区,West,65_品川区_2_8,-1.0440714959258912e-9,-1.3196332915299536e-11
86,2015,2023,1,8,65,4,1,品川区,West,65_品川区_4_8,-1.6712391470719012e-9,-1.7201351454332325e-11
21,1979,2023,1,44,40,8,1,品川区,West,40_品川区_8_44,-2.929212428171013e-10,-4.5565773376665675e-12
68,2015,2023,1,8,45,4,1,品川区,West,45_品川区_4_8,-6.231175575521775e-9,-4.5257353420424806e-11
46,2014,2023,1,9,40,4,1,品川区,West,40_品川区_4_9,-7.888516506682208e-10,-9.176215343131844e-12
17,1985,2023,1,38,25,4,1,品川区,West,25_品川区_4_38,-2.0164492298135883e-9,-1.9980461729574017e-11
75,1998,2023,1,25,60,6,1,品川区,West,60_品川区_6_25,9.237055564881302e-12,8.946177132429511e-12
62,2004,2023,1,19,65,5,1,品川区,West,65_品川区_5_19,-0.500000005628003,-5.086286947175722e-11
48,2010,2023,1,13,40,6,1,品川区,West,40_品川区_6_13,-1.4625101130150142e-10,-1.6642243139131097e-12
25,2005,2023,1,18,25,2,1,品川区,West,25_品川区_2_18,-6.417383957568745e-9,-2.8014701669576425e-11
72,1999,2023,1,24,60,3,1,品川区,West,60_品川区_3_24,-3.934928827220574e-9,-3.493405564825025e-11
26,1983,2023,1,40,35,5,1,品川区,West,35_品川区_5_40,-2.514440211598412e-9,-2.4699131628835858e-11
87,2013,2023,1,10,55,9,1,品川区,West,55_品川区_9_10,-5.401659564086003e-9,-5.067213315612662e-11
12,1979,2023,1,44,25,6,1,品川区,West,25_品川区_6_44,-1.5437251477123937e-10,-8.106848525812893e-13
40,1981,2023,1,42,55,11,1,品川区,West,55_品川区_11_42,-1.0080114520860661e-9,-1.0736966871149889e-11
110,2017,2023,1,6,60,4,1,品川区,West,60_品川区_4_6,28.666666663273134,0.6666666666355359
53,2003,2023,1,20,45,7,1,品川区,West,45_品川区_7_20,-8.130740525302826e-10,-9.365619391132896e-12
31,1981,2023,1,42,60,6,1,品川区,West,60_品川区_6_42,-4.4282941757955996e-9,-4.0714320803658666e-11
82,1998,2023,1,25,70,1,1,品川区,West,70_品川区_1_25,-3.123034275631653e-9,-2.6654012330595833e-11
24,1981,2023,1,42,30,5,1,品川区,West,30_品川区_5_42,2.9999999990644746,-1.0171419262405834e-11
60,2014,2023,1,9,55,5,1,品川区,West,55_品川区_5_9,1.4999999966829947,0.4999999999696172
46,1983,2023,1,40,55,5,1,品川区,West,55_品川区_5_40,-1.2678498251261772e-9,-1.428746010390114e-11
80,2004,2023,1,19,75,8,1,品川区,West,75_品川区_8_19,-4.500000002405557,-2.3171020657741792e-11
69,2011,2023,1,12,60,6,1,品川区,West,60_品川区_6_12,-6.086992243581335e-9,-5.1427084812871726e-11
93,2014,2023,1,9,55,2,1,品川区,West,55_品川区_2_9,-1.9514487803462544e-9,-1.910582803077432e-11
64,2001,2023,1,22,60,5,1,品川区,West,60_品川区_5_22,-1.5000000046431978,-4.378253315451275e-11
35,1980,2023,1,43,60,2,1,品川区,West,60_品川区_2_43,-5.296058702697337e-9,-4.9896975440333335e-11
170,2010,2023,1,13,85,6,1,品川区,West,85_品川区_6_13,-3.2897276014409726e-9,-2.8315572109249842e-11
13,1974,2023,1,49,25,7,1,品川区,West,25_品川区_7_49,-1.4780852097828756e-9,3.1946001399774104e-11
68,2000,2023,1,23,65,10,1,品川区,West,65_品川区_10_23,-4.393982067085744e-9,-4.0330849770953137e-11
75,2002,2023,1,21,70,5,1,品川区,West,70_品川区_5_21,-3.293820327598951e-9,-2.826250344867276e-11
120,2010,2023,1,13,70,6,1,品川区,West,70_品川区_6_13,-4.534882691586972e-9,-4.140288112353119e-11
48,1984,2023,1,39,55,5,1,品川区,West,55_品川区_5_39,-6.224787796327291e-9,-4.871925085581097e-11
69,2010,2023,1,13,45,6,1,品川区,West,45_品川区_6_13,-8.578524557378842e-10,-9.666933920016163e-12
40,1995,2023,1,28,40,7,1,品川区,West,40_品川区_7_28,-7.963052439663443e-11,1.642619373853904e-11
82,2001,2023,1,22,50,5,1,品川区,West,50_品川区_5_22,-9.685834356787382e-10,-1.0621281631983948e-11
69,2006,2023,1,17,55,3,1,品川区,West,55_品川区_3_17,-5.48584466741886e-9,-4.939804121306679e-11
80,2013,2023,1,10,60,4,1,品川区,West,60_品川区_4_10,11.499999994216353,0.49999999994845123
15,1980,2023,1,43,25,3,1,品川区,West,25_品川区_3_43,-3.307015106202016e-9,-2.7935209701013264e-11
53,2013,2023,1,10,35,4,1,品川区,West,35_品川区_4_10,-1.583948971983773e-9,-1.612998623556905e-11
59,2000,2023,1,23,55,10,1,品川区,West,55_品川区_10_23,-2.6090489768648695e-9,-2.523714570656921e-11
72,1979,2023,1,44,90,5,1,品川区,West,90_品川区_5_44,-3.788201752286113e-9,-3.3293368062459194e-11
62,1981,2023,1,42,65,6,1,品川区,West,65_品川区_6_42,-4.9433808158028114e-09,-4.7032822081405357e-11
18,1990,2023,1,33,30,5,1,品川区,West,30_品川区_5_33,-6.068866298392095e-9,-5.097056110514586e-11
27,1973,2023,1,50,40,4,1,品川区,West,40_品川区_4_50,-4.512816786927942e-9,-4.04352107352679e-11
95,2009,2023,1,14,85,5,1,品川区,West,85_品川区_5_14,-3.7509266803681385e-9,-3.2598812538253696e-11
110,2009,2023,1,14,80,5,1,品川区,West,80_品川区_5_14,-4.369354655864299e-9,-3.975642037801208e-11
86,2011,2023,1,12,80,2,1,品川区,West,80_品川区_2_12,-3.316685592835711e-9,-2.992628367337602e-11
88,2013,2023,1,10,80,9,1,品川区,West,80_品川区_9_10,-4.238245310261846e-9,-3.902878020767275e-11
110,2012,2023,1,11,75,4,1,品川区,West,75_品川区_4_11,-2.972470269924088e-9,-2.6184387991179392e-11
47,1985,2023,1,38,50,2,1,品川区,West,50_品川区_2_38,-2.3239010715769837e-10,1.6335821584334553e-12
120,2009,2023,1,14,90,5,1,品川区,West,90_品川区_5_14,-3.877147491948563e-9,-3.4763081302457977e-11
82,2012,2023,1,11,75,5,1,品川区,West,75_品川区_5_11,-4.770612349602743e-9,-4.542388687411858e-11
95,2002,2023,1,21,80,8,1,品川区,West,80_品川区_8_21,-3.1968596658771276e-9,-2.748445915301545e-11
79,1997,2023,1,26,65,2,1,品川区,West,65_品川区_2_26,-2.19667128931178e-9,-2.1689317009077058e-11
110,2013,2023,1,10,75,1,1,品川区,West,75_品川区_1_10,-3.3799807397372206e-9,-3.118505453869602e-11
79,2013,2023,1,10,60,1,1,品川区,West,60_品川区_1_10,8.262190931418445e-11,4.7839510131097995e-12
43,1985,2023,1,38,60,9,1,品川区,West,60_品川区_9_38,-1.6893437759790686e-9,-1.6757928378297038e-11
43,1983,2023,1,40,65,5,1,品川区,West,65_品川区_5_40,-2.9993998396093957e-9,-2.66049404729074e-11
66,2008,2023,1,15,60,8,1,品川区,West,60_品川区_8_15,-4.583426971294102e-9,-4.310862777856528e-11
97,2008,2023,1,15,80,8,1,品川区,West,80_品川区_8_15,-3.6561687011271715e-9,-3.225042455312632e-11
84,2008,2023,1,15,75,3,1,品川区,West,75_品川区_3_15,-2.9621531894008513e-9,-2.5628388300447114e-11
68,2000,2023,1,23,75,6,1,品川区,West,75_品川区_6_23,-4.38173231032124e-9,-4.046296631088353e-11
72,2008,2023,1,15,65,3,1,品川区,West,65_品川区_3_15,-6.051692480468773e-9,-5.103051314847562e-11
23,1994,2023,1,29,30,5,1,品川区,West,30_品川区_5_29,-4.515051443831908e-9,-4.033151590476791e-11
59,1996,2023,1,27,65,7,1,品川区,West,65_品川区_7_27,-1.659259396546986e-10,-3.184563723834799e-12
100,2000,2023,1,23,75,9,1,品川区,West,75_品川区_9_23,-3.4271749882464064e-9,-2.993694181441242e-11
120,2014,2023,1,9,85,3,1,品川区,West,85_品川区_3_9,-3.564039730008517e-9,-3.2344127376404685e-11
83,2018,2023,1,5,70,5,1,品川区,West,70_品川区_5_5,-3.500000005906969,-5.221312271430634e-11
55,2008,2023,1,15,45,3,1,品川区,West,45_品川区_3_15,-5.473573594372283e-9,-5.0578430332848257e-11
91,2018,2023,1,5,80,5,1,品川区,West,80_品川区_5_5,-3.4495712952775648e-9,-3.1016078594348073e-11
72,2008,2023,1,15,65,3,1,品川区,West,65_品川区_3_15,-6.051692480468773e-9,-5.103051314847562e-11
94,2005,2023,1,18,85,8,1,品川区,West,85_品川区_8_18,-3.658300329334452e-9,-3.294009509602347e-11
39,1984,2023,1,39,60,1,1,品川区,West,60_品川区_1_39,-1.0397442906651122e-9,-1.3570033985388363e-11
67,2017,2023,1,6,55,5,1,品川区,West,55_品川区_5_6,2.9999999955969088,0.4999999999593008
83,2014,2023,1,9,70,7,1,品川区,West,70_品川区_7_9,-4.710756229542312e-9,-4.4223291695288935e-11
66,2003,2023,1,20,80,5,1,品川区,West,80_品川区_5_20,-3.456904096310609e-9,-2.988564951067474e-11
50,1976,2023,1,47,65,6,1,品川区,West,65_品川区_6_47,-1.4441638995776884e-9,-1.638911228951656e-11
43,1973,2023,1,50,70,6,1,品川区,West,70_品川区_6_50,-3.50446782704239e-9,-3.144218219119921e-11
66,2003,2023,1,20,80,7,1,品川区,West,80_品川区_7_20,-3.266535486545763e-9,-2.8206326163626727e-11
59,2007,2023,1,16,65,1,1,品川区,West,65_品川区_1_16,-1.9876011947417282e-10,-1.2079226507921703e-12
65,1982,2023,1,41,85,8,1,品川区,West,85_品川区_8_41,-3.2296441077050986e-9,-2.752598149413643e-11
51,2001,2023,1,22,80,5,1,品川区,West,80_品川区_5_22,-4.403091224958189e-9,-4.061950775735568e-11
83,2005,2023,1,18,75,5,1,品川区,West,75_品川区_5_18,-3.890050948029966e-9,-3.5238700846207394e-11
82,2016,2023,1,7,70,3,1,品川区,West,70_品川区_3_7,-2.557001721470442e-9,-2.4702906387119583e-11
80,2001,2023,1,22,70,5,1,品川区,West,70_品川区_5_22,-4.588244451042556e-9,-4.299760547610276e-11
90,2018,2023,1,5,70,5,1,品川区,West,70_品川区_5_5,3.499999994093031,-5.221312271430634e-11
42,1978,2023,1,45,50,7,1,品川区,West,50_品川区_7_45,-2.622755346237682e-9,-2.5245361356951435e-11
44,2013,2023,1,10,45,5,1,品川区,West,45_品川区_5_10,-4.795168706550612e-9,-4.506373052493018e-11
67,2001,2023,1,22,60,5,1,品川区,West,60_品川区_5_22,1.4999999953568022,-4.378253315451275e-11
42,2012,2023,1,11,45,4,1,品川区,West,45_品川区_4_11,-4.628439853604505e-9,-4.3508308067430335e-11
68,2005,2023,1,18,60,11,1,品川区,West,60_品川区_11_18,-2.683052002794284e-9,-2.5264901282184837e-11
36,1983,2023,1,40,80,15,1,品川区,West,80_品川区_15_40,-4.431328193277295e-9,-4.0716985338917766e-11
100,2009,2023,1,14,70,4,1,品川区,West,70_品川区_4_14,-2.607990268188587e-9,-2.5360158417697676e-11
68,2001,2023,1,22,65,10,1,品川区,West,65_品川区_10_22,-5.343565590010257e-10,-7.232658916223045e-12
95,2009,2023,1,14,65,4,1,品川区,West,65_品川区_4_14,-7.50000000292961,-2.599853665685714e-11
71,2009,2023,1,14,45,4,1,品川区,West,45_品川区_4_14,-6.373497285494523e-9,-2.8522961770249822e-11
62,2007,2023,1,16,60,4,1,品川区,West,60_品川区_4_16,-1.6448638007204863e-9,-1.7039702981946903e-11
66,1980,2023,1,43,70,3,1,品川区,West,70_品川区_3_43,-4.407510800774617e-9,-4.036948553221009e-11
56,1981,2023,1,42,55,5,1,品川区,West,55_品川区_5_42,-3.6410341408554814e-9,-3.20745652260257e-11
47,1984,2023,1,39,50,5,1,品川区,West,50_品川区_5_39,-5.7225406635552645e-9,-5.084554999257307e-11
160,2009,2023,1,14,85,3,1,品川区,West,85_品川区_3_14,-3.7411496123240795e-9,-3.2660096849213005e-11
110,2009,2023,1,14,65,4,1,品川区,West,65_品川区_4_14,7.49999999707039,-2.599853665685714e-11
14,1975,2023,1,48,25,6,1,品川区,West,25_品川区_6_48,-3.98775057419698e-9,-3.476574583771708e-11
53,1996,2023,1,27,60,5,1,品川区,West,60_品川区_5_27,-2.9699265269300668e-9,-2.5874635767308973e-11
19,1973,2023,1,50,35,8,1,品川区,West,35_品川区_8_50,-5.272823955237982e-9,-4.9477755226234876e-11
51,2004,2023,1,19,50,1,1,品川区,West,50_品川区_1_19,-4.350376059392147e-9,-4.0064618289648024e-11
80,2012,2023,1,11,75,3,1,品川区,West,75_品川区_3_11,-4.303018386053736e-9,-4.0327297057274336e-11
57,1998,2023,1,25,65,12,1,品川区,West,65_品川区_12_25,-5.365492938835814e-9,-4.9187320882992935e-11
23,1992,2023,1,31,25,3,1,品川区,West,25_品川区_3_31,-6.5310317154398945e-9,-1.428968054995039e-11
36,1979,2023,1,44,60,5,1,品川区,West,60_品川区_5_44,-8.000000000978375,-1.3503198559305929e-11
72,2006,2023,1,17,70,8,1,品川区,West,70_品川区_8_17,-3.3808902344389935e-9,-3.111932933563821e-11
39,1982,2023,1,41,60,6,1,品川区,West,60_品川区_6_41,-8.633307402305945e-10,-9.015899138375971e-12
57,2006,2023,1,17,60,5,1,品川区,West,60_品川区_5_17,-4.204181891509506e-9,-3.8401726243364465e-11
86,1999,2021,1,22,85,8,0,目黒区,West,85_目黒区_8_22,-3.5510652196535375e-9,-3.216826804930406e-11
47,1972,2021,1,49,55,7,0,目黒区,West,55_目黒区_7_49,-1.3746159766014898e-10,3.7903014060702844e-12
37,1979,2021,1,42,45,9,0,目黒区,West,45_目黒区_9_42,-6.0621943021033076e-9,-5.058309326955168e-11
54,2000,2021,1,21,55,6,0,目黒区,West,55_目黒区_6_21,-8.155467412507278e-10,-9.629630426388758e-12
32,1978,2021,1,43,50,5,0,目黒区,West,50_目黒区_5_43,7.176481631177012e-13,1.5526913088592664e-11
80,2015,2021,1,6,70,14,0,目黒区,West,70_目黒区_14_6,-4.117993057661806e-9,-3.640576728969336e-11
76,2003,2021,1,18,60,9,0,目黒区,West,60_目黒区_9_18,7.30437932361383e-12,4.39559499909592e-12
72,2006,2021,1,15,65,10,0,目黒区,West,65_目黒区_10_15,-1.7542731711728266e-9,-1.726152554226701e-11
140,2009,2021,1,12,75,2,0,目黒区,West,75_目黒区_2_12,-2.6906263883574866e-9,-2.53568277486238e-11
130,2009,2021,1,12,70,2,0,目黒区,West,70_目黒区_2_12,-2.6928717034024885e-9,-2.58979504508261e-11
58,1994,2021,1,27,55,10,0,目黒区,West,55_目黒区_10_27,-9.783605037227971e-10,-1.1227907492639133e-11
51,1979,2021,1,42,55,3,0,目黒区,West,55_目黒区_3_42,-5.2102535619269474e-9,-5.014522130863952e-11
180,2009,2021,1,12,85,2,0,目黒区,West,85_目黒区_2_12,-3.3203377824975178e-9,-3.0859537147875926e-11
31,1996,2021,1,25,30,2,0,目黒区,West,30_目黒区_2_25,-6.3452922915985255e-9,-2.6932456265171822e-11
68,1994,2021,1,27,55,12,0,目黒区,West,55_目黒区_12_27,-4.507498374550778e-9,-4.097211458997663e-11
19,1977,2021,1,44,35,9,0,目黒区,West,35_目黒区_9_44,-2.5142234960640053e-9,-2.440803115177914e-11
70,1999,2021,1,22,75,6,0,目黒区,West,75_目黒区_6_22,-3.794184522121213e-9,-3.4610314614269555e-11
75,2015,2021,1,6,70,11,0,目黒区,West,70_目黒区_11_6,-4.033609002362937e-9,-3.527000913550182e-11
74,1996,2021,1,25,75,13,0,目黒区,West,75_目黒区_13_25,-2.822687861225859e-9,-2.5297097749898967e-11
79,2016,2021,1,5,80,15,0,目黒区,West,80_目黒区_15_5,-3.772981926886132e-9,-3.374678314571611e-11
56,2002,2021,1,19,55,9,0,目黒区,West,55_目黒区_9_19,-4.981053791652812e-9,-4.7719383999833553e-11
83,2005,2021,1,16,90,8,0,目黒区,West,90_目黒区_8_16,-4.290384936211922e-9,-3.8185454798167484e-11
98,2014,2021,1,7,75,11,0,目黒区,West,75_目黒区_11_7,-4.301256240069051e-9,-4.019784505260304e-11
80,1997,2021,1,24,85,15,0,目黒区,West,85_目黒区_15_24,-3.229459366593801e-9,-2.9814373192493804e-11
80,2012,2021,1,9,65,9,0,目黒区,West,65_目黒区_9_9,-3.0000000012064163,-1.3504308782330554e-11
81,2012,2021,1,9,70,13,0,目黒区,West,70_目黒区_13_9,0.49999999665965333,-2.8911095739658776e-11
64,2014,2021,1,7,80,11,0,目黒区,West,80_目黒区_11_7,-3.337873977216077e-9,-2.8448576827599936e-11
87,2013,2021,1,8,70,8,0,目黒区,West,70_目黒区_8_8,-2.3278090566236642e-9,-2.2381207998023456e-11
79,2016,2021,1,5,60,7,0,目黒区,West,60_目黒区_7_5,-2.7683597636496415e-9,-2.4799051701052122e-11
93,2012,2021,1,9,85,13,0,目黒区,West,85_目黒区_13_9,-3.786425395446713e-9,-3.4439118223872356e-11
34,1989,2021,1,32,45,8,0,目黒区,West,45_目黒区_8_32,-2.624673811624234e-10,1.854849607241249e-11
80,2012,2021,1,9,70,13,0,目黒区,West,70_目黒区_13_9,-0.5000000033403467,-2.8911095739658776e-11
84,2012,2021,1,9,70,9,0,目黒区,West,70_目黒区_9_9,-3.722249175552861e-9,-3.338285203824398e-11
42,2001,2021,1,20,45,8,0,目黒区,West,45_目黒区_8_20,-5.616271891994984e-10,-6.646017070011112e-12
22,1977,2021,1,44,40,4,0,目黒区,West,40_目黒区_4_44,-5.898151300698373e-9,-5.1067816642103026e-11
68,1995,2021,1,26,60,7,0,目黒区,West,60_目黒区_7_26,-4.096079919690965e-9,-3.5983660495730874e-11
49,2011,2021,1,10,45,10,0,目黒区,West,45_目黒区_10_10,-6.808278385506128e-10,2.234479268281575e-11
88,2004,2021,1,17,80,9,0,目黒区,West,80_目黒区_9_17,-3.4193021747341845e-9,-3.154099204039085e-11
86,2012,2021,1,9,65,9,0,目黒区,West,65_目黒区_9_9,2.9999999987935837,-1.3504308782330554e-11
49,1979,2021,1,42,45,4,0,目黒区,West,45_目黒区_4_42,-1.9189627664673026e-10,1.63158375698913e-11
110,2015,2021,1,6,75,11,0,目黒区,West,75_目黒区_11_6,-4.2012402445834596e-9,-3.710720619665153e-11
71,2011,2021,1,10,75,8,0,目黒区,West,75_目黒区_8_10,-0.5000000032828638,-2.844657842615561e-11
72,2011,2021,1,10,75,8,0,目黒区,West,75_目黒区_8_10,0.49999999671713624,-2.844657842615561e-11
60,2011,2021,1,10,60,8,0,目黒区,West,60_目黒区_8_10,4.2021497392852325e-11,8.963496611613664e-12
24,1978,2021,1,43,35,3,0,目黒区,West,35_目黒区_3_43,9.684342217042285e-11,1.2157164164250389e-11
47,1971,2021,1,50,50,10,0,目黒区,West,50_目黒区_10_50,9.847411774899228e-11,1.0550005313803013e-11
68,2003,2021,1,18,85,9,0,目黒区,West,85_目黒区_9_18,-3.234447376598837e-9,-2.983413516233213e-11
66,1974,2021,1,47,85,12,0,目黒区,West,85_目黒区_12_47,-3.361009248692426e-9,-3.033484574643808e-11
64,2011,2021,1,10,65,9,0,目黒区,West,65_目黒区_9_10,-9.851532922766637e-10,-1.1393552767913206e-11
78,2016,2021,1,5,70,10,0,目黒区,West,70_目黒区_10_5,-3.6523744029182126e-9,-3.1987079651685235e-11
80,2012,2021,1,9,85,10,0,目黒区,West,85_目黒区_10_9,-3.626297484515817e-9,-3.2581048969859694e-11
41,1996,2021,1,25,55,12,0,目黒区,West,55_目黒区_12_25,-4.925240659758856e-9,-4.740008385795136e-11
65,2008,2021,1,13,70,12,0,目黒区,West,70_目黒区_12_13,-4.98636154588894e-9,-4.810218889872431e-11
85,2004,2021,1,17,90,12,0,目黒区,West,90_目黒区_12_17,-3.0236151360441e-9,-2.599453985396849e-11
15,1981,2021,1,40,25,8,0,目黒区,West,25_目黒区_8_40,-6.576676980785123e-10,-8.861800182558e-12
15,1981,2021,1,40,25,8,0,目黒区,West,25_目黒区_8_40,-6.576676980785123e-10,-8.861800182558e-12
55,2016,2021,1,5,40,12,0,目黒区,West,40_目黒区_12_5,0.749999997656424,-2.2405410859960284e-11
40,1977,2021,1,44,50,11,0,目黒区,West,50_目黒区_11_44,-4.93429297421244e-10,-6.2663207955893085e-12
54,2016,2021,1,5,40,12,0,目黒区,West,40_目黒区_12_5,-0.250000002343576,-2.2405410859960284e-11
56,2016,2021,1,5,40,13,0,目黒区,West,40_目黒区_13_5,-3.007535553933849e-9,-2.5937030301292907e-11
62,1978,2021,1,43,70,9,0,目黒区,West,70_目黒区_9_43,-3.1053843940753723e-9,-2.6467938951668657e-11
80,2016,2021,1,5,55,13,0,目黒区,West,55_目黒区_13_5,6.782840955565916e-11,4.487965554744733e-12
56,1995,2021,1,26,60,12,0,目黒区,West,60_目黒区_12_26,-5.125421864704549e-9,-5.031197680693822e-11
54,2016,2021,1,5,40,14,0,目黒区,West,40_目黒区_14_5,1.3062617654213682e-10,1.2467138432725733e-11
99,2016,2021,1,5,75,12,0,目黒区,West,75_目黒区_12_5,-3.3933531540242257e-9,-3.1232350039545054e-11
64,2005,2021,1,16,60,8,0,目黒区,West,60_目黒区_8_16,-7.058105211399379e-10,-9.746869977789174e-12
55,1978,2021,1,43,65,6,0,目黒区,West,65_目黒区_6_43,-1.2296652585064294e-10,-1.8480772467910356e-12
54,2016,2021,1,5,40,12,0,目黒区,West,40_目黒区_12_5,-0.250000002343576,-2.2405410859960284e-11
54,2016,2021,1,5,40,12,0,目黒区,West,40_目黒区_12_5,-0.250000002343576,-2.2405410859960284e-11
43,1977,2021,1,44,55,8,0,目黒区,West,55_目黒区_8_44,-6.051585899058409e-9,-5.1674664547363136e-11
85,2000,2021,1,21,80,6,0,目黒区,West,80_目黒区_6_21,-3.3335396665279404e-9,-3.0861757593925176e-11
40,1973,2021,1,48,50,9,0,目黒区,West,50_目黒区_9_48,-4.482977544739697e-9,-4.033728906449596e-11
29,1994,2021,1,27,40,10,0,目黒区,West,40_目黒区_10_27,-5.924363222220563e-9,-5.1904924802670394e-11
58,1976,2021,1,45,85,14,0,目黒区,West,85_目黒区_14_45,-3.4003875271082507e-9,-3.0981217591374843e-11
18,1980,2021,1,41,35,3,0,目黒区,West,35_目黒区_3_41,-4.9731738727132324e-09,-4.8221204806964124e-11
140,2013,2021,1,8,85,5,0,目黒区,West,85_目黒区_5_8,-3.6072833609068766e-9,-3.2032598795694867e-11
52,2013,2021,1,8,40,5,0,目黒区,West,40_目黒区_5_8,-5.908773914597987e-9,-5.235700761829776e-11
99,2013,2021,1,8,70,5,0,目黒区,West,70_目黒区_5_8,-1.08302344870026e-9,-1.3290035738577899e-11
80,2004,2021,1,17,65,5,0,目黒区,West,65_目黒区_5_17,-4.7749324494361645e-9,-4.5451420405129284e-11
32,1982,2021,1,39,40,7,0,目黒区,West,40_目黒区_7_39,-2.6462672053639835e-9,-2.5989432828055214e-11
120,2012,2021,1,9,80,5,0,目黒区,West,80_目黒区_5_9,-3.2875249189601163e-9,-2.833266954382907e-11
110,2012,2021,1,9,80,6,0,目黒区,West,80_目黒区_6_9,-4.065682901455148e-9,-3.691558170260123e-11
16,1986,2021,1,35,25,7,0,目黒区,West,25_目黒区_7_35,-6.047635281447583e-9,-5.2028159558403786e-11
42,2009,2021,1,12,40,2,0,目黒区,West,40_目黒区_2_12,-5.886484188977192e-9,-5.1057158501066624e-11
35,1982,2021,1,39,50,7,0,目黒区,West,50_目黒区_7_39,-2.3731416831651586e-10,1.2798651027878805e-12
49,2011,2021,1,10,40,8,0,目黒区,West,40_目黒区_8_10,-5.49007950212399e-9,-5.0773829585182284e-11
31,1977,2021,1,44,35,13,0,目黒区,West,35_目黒区_13_44,-5.83839110390727e-9,-5.119460411151522e-11
82,1999,2021,1,22,80,10,0,目黒区,West,80_目黒区_10_22,-3.2700313568057027e-9,-2.8242741478834432e-11
41,1979,2023,1,44,40,8,1,目黒区,West,40_目黒区_8_44,-5.9708398225666315e-9,-5.2492010738092176e-11
57,2000,2023,1,23,60,10,1,目黒区,West,60_目黒区_10_23,-2.0234125486240373e-9,-1.9712453891429504e-11
110,1998,2023,1,25,75,9,1,目黒区,West,75_目黒区_9_25,-4.113346108169935e-9,-3.644329282792569e-11
51,1983,2023,1,40,40,8,1,目黒区,West,40_目黒区_8_40,-5.1023363312197034e-9,-4.924238794501434e-11
50,1985,2023,1,38,45,5,1,目黒区,West,45_目黒区_5_38,-6.204288638400612e-9,-3.980349383425619e-11
31,2005,2023,1,18,30,11,1,目黒区,West,30_目黒区_11_18,-4.5175667651164986e-9,-4.2315484449773066e-11
79,1995,2023,1,28,55,7,1,目黒区,West,55_目黒区_7_28,-1.0700773600547109e-10,-2.7275959268990846e-12
26,2005,2023,1,18,25,7,1,目黒区,West,25_目黒区_7_18,-6.2308025405855005e-9,-4.3642867098014904e-11
57,1981,2023,1,42,65,11,1,目黒区,West,65_目黒区_11_42,-6.5000000034906265,-3.1516123044639244e-11
25,1982,2023,1,41,30,3,1,目黒区,West,30_目黒区_3_41,-5.4102393676203064e-9,-4.971800748876376e-11
71,1982,2023,1,41,65,2,1,目黒区,West,65_目黒区_2_41,-4.5242103396958555e-9,-4.1408876327864164e-11
69,2008,2023,1,15,50,7,1,目黒区,West,50_目黒区_7_15,-5.683887138729915e-9,-5.081468579248849e-11
70,1981,2023,1,42,65,11,1,目黒区,West,65_目黒区_11_42,6.4999999965093735,-3.1516123044639244e-11
75,1996,2023,1,27,55,2,1,目黒区,West,55_目黒区_2_27,-1.2633449841814581e-10,-1.972422225549053e-12
130,2012,2023,1,11,70,3,1,目黒区,West,70_目黒区_3_11,-4.522917151916772e-9,-4.093769767621325e-11
86,2004,2023,1,19,70,4,1,目黒区,West,70_目黒区_4_19,-3.562007577784243e-9,-3.204814191803962e-11
64,1983,2023,1,40,65,3,1,目黒区,West,65_目黒区_3_40,-1.4904628642398166e-9,-1.6837198302255274e-11
87,2018,2023,1,5,55,7,1,目黒区,West,55_目黒区_7_5,-4.492932248467696e-9,-4.0520919952768963e-11
110,1999,2023,1,24,80,6,1,目黒区,West,80_目黒区_6_24,-3.3258942266911617e-9,-3.033995277235135e-11
110,2005,2023,1,18,75,11,1,目黒区,West,75_目黒区_11_18,-4.460233071768016e-9,-4.1282310903056896e-11
47,1973,2023,1,50,55,7,1,目黒区,West,55_目黒区_7_50,-6.1116480765122105e-9,-5.168332428695521e-11
37,1982,2023,1,41,50,9,1,目黒区,West,50_目黒区_9_41,1.3457679415296298e-10,1.1042500247526732e-11
52,2014,2023,1,9,40,9,1,目黒区,West,40_目黒区_9_9,-3.757385513836198e-9,-3.251465763298711e-11
82,2018,2023,1,5,70,15,1,目黒区,West,70_目黒区_15_5,-4.98005192639539e-9,-4.8477666325652535e-11
28,1996,2023,1,27,35,8,1,目黒区,West,35_目黒区_8_27,-6.005123509567056e-9,-5.051781215570372e-11
90,2012,2023,1,11,75,13,1,目黒区,West,75_目黒区_13_11,-2.6895463633991312e-9,-2.595346160205736e-11
88,2016,2023,1,7,60,6,1,目黒区,West,60_目黒区_6_7,-3.897071110259276e-9,-3.484834643074919e-11
53,2009,2023,1,14,40,7,1,目黒区,West,40_目黒区_7_14,-6.477563374573947e-9,-2.0823343049869436e-11
96,2005,2023,1,18,85,11,1,目黒区,West,85_目黒区_11_18,-3.780229462790885e-9,-3.316968921751595e-11
55,1982,2023,1,41,55,6,1,目黒区,West,55_目黒区_6_41,-1.1108056696684798e-9,-1.3533396625575733e-11
120,2012,2023,1,11,75,5,1,目黒区,West,75_目黒区_5_11,-2.604409132800356e-9,-2.5162760763919323e-11
47,1974,2023,1,49,50,12,1,目黒区,West,50_目黒区_12_49,-1.1810143973889353e-9,-1.325917153849332e-11
120,2016,2023,1,7,75,6,1,目黒区,West,75_目黒区_6_7,-3.804302650678437e-9,-3.472000464910252e-11
58,2013,2023,1,10,40,7,1,目黒区,West,40_目黒区_7_10,-2.03309014068509e-9,-2.031463885998619e-11
59,2018,2023,1,5,40,9,1,目黒区,West,40_目黒区_9_5,-5.825683047078201e-9,-5.17683673706415e-11
38,1973,2023,1,50,55,5,1,目黒区,West,55_目黒区_5_50,-4.6917492113607295e-9,-4.4537040722048005e-11
48,1982,2023,1,41,40,5,1,目黒区,West,40_目黒区_5_41,-5.390290880313842e-9,-4.944888942759462e-11
38,1978,2023,1,45,45,10,1,目黒区,West,45_目黒区_10_45,1.873203814284352e-10,6.409761610370879e-12
99,1998,2023,1,25,75,10,1,目黒区,West,75_目黒区_10_25,-3.0149180929583963e-9,-2.6065372082939575e-11
73,1998,2023,1,25,70,9,1,目黒区,West,70_目黒区_9_25,-2.761993300737231e-9,-2.4870105974628132e-11
32,1978,2023,1,45,40,9,1,目黒区,West,40_目黒区_9_45,-2.5192079533553624e-9,-2.3465451803872384e-11
66,1998,2023,1,25,55,10,1,目黒区,West,55_目黒区_10_25,-5.082796405986301e-10,-6.540545882671722e-12
12,1976,2023,1,47,35,1,1,目黒区,West,35_目黒区_1_47,-1.4189964758770657e-9,-1.619482326020716e-11
110,2002,2023,1,21,80,5,1,目黒区,West,80_目黒区_5_21,-3.0131559469737113e-9,-2.5634605549385014e-11
16,1978,2023,1,45,25,3,1,目黒区,West,25_目黒区_3_45,-2.9969946524488478e-9,-2.5226043476322957e-11
41,1985,2023,1,38,40,12,1,目黒区,West,40_目黒区_12_38,-5.0870383461187885e-9,-4.96465091259779e-11
50,1979,2023,1,44,55,10,1,目黒区,West,55_目黒区_10_44,-6.387352868841845e-10,-9.275913370743183e-12
36,1999,2023,1,24,35,8,1,目黒区,West,35_目黒区_8_24,-6.229406324109732e-9,-4.512457074667964e-11
56,2018,2023,1,5,45,12,1,目黒区,West,45_目黒区_12_5,-2.3629382894796436e-9,-2.2715163083830703e-11
93,2011,2023,1,12,80,9,1,目黒区,West,80_目黒区_9_12,-3.363055611771415e-9,-3.1196156768942274e-11
63,1996,2023,1,27,60,10,1,目黒区,West,60_目黒区_10_27,-4.817827914394002e-9,-4.5456305386437634e-11
80,2015,2023,1,8,55,9,1,目黒区,West,55_目黒区_9_8,-6.062137458684447e-9,-5.094880073386321e-11
33,1986,2023,1,37,45,7,1,目黒区,West,45_目黒区_7_37,-6.706173394377402e-10,2.169109336591646e-11
78,2016,2023,1,7,60,10,1,目黒区,West,60_目黒区_10_7,-5.181817641641828e-9,-5.062505969988251e-11
46,1974,2023,1,49,55,12,1,目黒区,West,55_目黒区_12_49,-1.826172990604391e-9,-1.8100854148883627e-11
110,2014,2023,1,9,75,12,1,目黒区,West,75_目黒区_12_9,-3.3106175578723196e-9,-2.83728596173205e-11
85,2002,2023,1,21,70,13,1,目黒区,West,70_目黒区_13_21,-4.629271188605344e-9,-4.371059070251704e-11
89,2011,2023,1,12,65,6,1,目黒区,West,65_目黒区_6_12,-3.38309291691985e-9,-3.122169189850865e-11
51,2003,2023,1,20,50,1,1,目黒区,West,50_目黒区_1_20,-6.293618071140372e-9,-3.309508223026114e-11
44,2009,2023,1,14,40,13,1,目黒区,West,40_目黒区_13_14,-5.9388725048847846e-9,-5.2489568247438e-11
59,2003,2023,1,20,55,15,1,目黒区,West,55_目黒区_15_20,-2.0000000039969947,-3.5634162287578874e-11
110,2005,2023,1,18,75,8,1,目黒区,West,75_目黒区_8_18,-3.3038389801731682e-9,-2.8678392993697344e-11
52,2009,2023,1,14,55,13,1,目黒区,West,55_目黒区_13_14,-5.107793299430341e-9,-4.942268816421347e-11
62,2003,2023,1,20,55,15,1,目黒区,West,55_目黒区_15_20,0.9999999960030053,-3.5634162287578874e-11
62,2003,2023,1,20,55,15,1,目黒区,West,55_目黒区_15_20,0.9999999960030053,-3.5634162287578874e-11
140,2012,2023,1,11,70,5,1,目黒区,West,70_目黒区_5_11,-2.546016730775591e-9,-2.5063950914727684e-11
64,2016,2023,1,7,40,12,1,目黒区,West,40_目黒区_12_7,-5.883180165255908e-9,-5.1982640414394155e-11
79,2015,2023,1,8,60,7,1,目黒区,West,60_目黒区_7_8,-1.4770478173886659e-9,-1.6745493880421236e-11
130,2012,2023,1,11,75,6,1,目黒区,West,75_目黒区_6_11,-4.518199148151325e-9,-4.053135604920044e-11
29,1992,2023,1,31,30,5,1,目黒区,West,30_目黒区_5_31,8.211742397179478e-11,1.266076132822036e-11
83,1978,2023,1,45,75,6,1,目黒区,West,75_目黒区_6_45,-3.792763436649693e-9,-3.4706015838992244e-11
58,1989,2023,1,34,55,4,1,目黒区,West,55_目黒区_4_34,-6.19570528215263e-9,-4.789235674707015e-11
94,2011,2023,1,12,70,4,1,目黒区,West,70_目黒区_4_12,-1.925030801430694e-9,-1.864775001081398e-11
53,2017,2023,1,6,30,4,1,目黒区,West,30_目黒区_4_6,0.49999999835758047,-1.730526832943724e-11
97,2013,2023,1,10,65,1,1,目黒区,West,65_目黒区_1_10,-3.1939038080963655e-9,-2.7821078774081798e-11
110,2013,2023,1,10,70,1,1,目黒区,West,70_目黒区_1_10,-2.6283117904313258e-9,-2.500244455916345e-11
18,1985,2023,1,38,25,9,1,目黒区,West,25_目黒区_9_38,-2.7309852157486603e-9,-2.5589752539190158e-11
100,2017,2023,1,6,60,4,1,目黒区,West,60_目黒区_4_6,-1.1837926194857573e-9,-1.3788081787424744e-11
52,2017,2023,1,6,30,4,1,目黒区,West,30_目黒区_4_6,-0.5000000016424195,-1.730526832943724e-11
61,2015,2023,1,8,55,8,1,目黒区,West,55_目黒区_8_8,-9.772662679097266e-10,-1.13447029548297e-11
85,1999,2023,1,24,70,9,1,目黒区,West,70_目黒区_9_24,-4.70359395876585e-9,-4.46700454403981e-11
85,1999,2023,1,24,70,9,1,目黒区,West,70_目黒区_9_24,-4.70359395876585e-9,-4.46700454403981e-11
130,1998,2023,1,25,90,13,1,目黒区,West,90_目黒区_13_25,-4.412413545651361e-9,-3.9443337485067786e-11
110,2015,2023,1,8,75,13,1,目黒区,West,75_目黒区_13_8,-3.059071218558529e-9,-2.6309399103752185e-11
86,2012,2023,1,11,65,9,1,目黒区,West,65_目黒区_9_11,-4.324931524024578e-9,-4.0324632522015236e-11
68,2009,2023,1,14,45,3,1,目黒区,West,45_目黒区_3_14,-6.169699418023811e-9,-4.076761150884067e-11
59,2013,2023,1,10,40,6,1,目黒区,West,40_目黒区_6_10,-4.569166378587397e-9,-4.164402156447977e-11
40,1980,2023,1,43,45,6,1,目黒区,West,45_目黒区_6_43,-2.3403003979183268e-9,-2.158562217857707e-11
50,2009,2023,1,14,40,3,1,目黒区,West,40_目黒区_3_14,-6.031470434209041e-9,-5.077804843267586e-11
130,2013,2023,1,10,65,5,1,目黒区,West,65_目黒区_5_10,-2.1454127363540465e-9,-2.1469270805596352e-11
100,2004,2023,1,19,75,5,1,目黒区,West,75_目黒区_5_19,-4.065839220857015e-9,-3.59918761461131e-11
75,2003,2023,1,20,55,7,1,目黒区,West,55_目黒区_7_20,-4.66769733975525e-10,-6.172173883101095e-12
26,1990,2023,1,33,40,12,1,目黒区,West,40_目黒区_12_33,-5.044611839366553e-9,-4.8625103943322756e-11
25,1977,2023,1,46,35,14,1,目黒区,West,35_目黒区_14_46,-4.833303535178857e-9,-4.5935033554656e-11
69,2003,2023,1,20,45,5,1,目黒区,West,45_目黒区_5_20,-9.8383168278815e-10,-1.034949903555571e-11
46,2011,2023,1,12,35,8,1,目黒区,West,35_目黒区_8_12,-6.388006568158744e-9,-3.026090489299804e-11
62,1995,2023,1,28,50,9,1,目黒区,West,50_目黒区_9_28,-6.047073952686333e-9,-5.1348925111938115e-11
40,1982,2023,1,41,40,13,1,目黒区,West,40_目黒区_13_41,-1.667110893777135e-9,-1.7312595801399766e-11
31,2006,2021,1,15,40,5,0,大田区,West,40_大田区_5_15,2.4655832930875476e-12,1.3913759033812312e-11
32,1982,2021,1,39,60,11,0,大田区,West,60_大田区_11_39,-2.5394513158971677e-9,-2.4848123558740554e-11
56,2012,2021,1,9,70,11,0,大田区,West,70_大田区_11_9,-4.360835248462536e-9,-4.02515798469949e-11
47,2012,2021,1,9,65,12,0,大田区,West,65_大田区_12_9,-2.0000000062558527,-4.1236347669837414e-11
28,1987,2021,1,34,55,2,0,大田区,West,55_大田区_2_34,-3.5085427896319743e-9,-3.157030192824095e-11
51,2011,2021,1,10,65,8,0,大田区,West,65_大田区_8_10,-2.6050557266898977e-9,-2.5101920542169864e-11
18,2012,2021,1,9,25,5,0,大田区,West,25_大田区_5_9,-6.2593130678578746e-9,-4.540701148414428e-11
51,2003,2021,1,18,85,11,0,大田区,West,85_大田区_11_18,-3.4981582075488404e-9,-3.1661340216260214e-11
31,1997,2021,1,24,65,12,0,大田区,West,65_大田区_12_24,-2.0508643672201288e-9,-1.9772183890154338e-11
53,1993,2021,1,28,90,7,0,大田区,West,90_大田区_7_28,-3.9656384842601256e-9,-3.534528225657141e-11
47,2012,2021,1,9,65,4,0,大田区,West,65_大田区_4_9,-1.8158914372179424e-9,-1.8039791882529244e-11
48,2016,2021,1,5,55,4,0,大田区,West,55_大田区_4_5,-6.071140035146527e-9,-5.115508017183856e-11
55,2014,2021,1,7,75,9,0,大田区,West,75_大田区_9_7,-1.982279229650885e-9,-1.9582779842153286e-11
59,2014,2021,1,7,75,10,0,大田区,West,75_大田区_10_7,-1.0000000025506068,-0.5000000000251275
33,1971,2021,1,50,55,8,0,大田区,West,55_大田区_8_50,-1.7357137949147727e-9,-1.761635282093721e-11
49,2001,2021,1,20,70,2,0,大田区,West,70_大田区_2_20,-4.720078550235485e-9,-4.4256820430632615e-11
43,1994,2021,1,27,60,9,0,大田区,West,60_大田区_9_27,-3.3260363352383138e-9,-3.08690850658877e-11
43,2002,2021,1,19,65,7,0,大田区,West,65_大田区_7_19,-1.095060042644036e-9,-1.4044099216903305e-11
50,2000,2021,1,21,70,7,0,大田区,West,70_大田区_7_21,-3.5664697861648165e-9,-3.234656986705886e-11
56,2013,2021,1,8,70,10,0,大田区,West,70_大田区_10_8,-2.571482582425233e-9,-2.471334248355106e-11
42,2016,2021,1,5,50,2,0,大田区,West,50_大田区_2_5,0.49999999913549686,-9.480638496484062e-12
45,2005,2021,1,16,65,1,0,大田区,West,65_大田区_1_16,-1.7671908381089452e-9,-1.715294573045867e-11
32,1995,2021,1,26,60,9,0,大田区,West,60_大田区_9_26,-5.51999335129949e-10,-7.229106202544244e-12
41,2016,2021,1,5,50,2,0,大田区,West,50_大田区_2_5,-0.5000000008645031,-9.480638496484062e-12
19,1996,2021,1,25,30,3,0,大田区,West,30_大田区_3_25,1.0965806040985626e-10,1.0199396882626388e-11
66,2001,2021,1,20,75,3,0,大田区,West,75_大田区_3_20,-3.3236347007914446e-9,-3.0175861809311755e-11
20,1971,2021,1,50,50,4,0,大田区,West,50_大田区_4_50,-4.142034271126249e-9,-3.691202898892243e-11
59,2000,2021,1,21,75,6,0,大田区,West,75_大田区_6_21,-3.757037347895675e-9,-3.278111115889715e-11
43,2013,2021,1,8,50,5,0,大田区,West,50_大田区_5_8,-6.409131003692892e-9,-3.128519665551721e-11
50,1999,2021,1,22,65,1,0,大田区,West,65_大田区_1_22,-2.31872832046065e-9,-2.2143398226148747e-11
43,2003,2021,1,18,65,1,0,大田区,West,65_大田区_1_18,-3.98899402398456e-9,-3.5683678234477156e-11
12,1982,2021,1,39,30,10,0,大田区,West,30_大田区_10_39,-6.216495762600971e-9,-4.849121104655296e-11
27,2013,2021,1,8,45,7,0,大田区,West,45_大田区_7_8,-8.974865295385825e-11,3.248734614658133e-12
48,2004,2021,1,17,60,3,0,大田区,West,60_大田区_3_17,-5.157211546702456e-9,-5.025646565570696e-11
33,2003,2021,1,18,40,3,0,大田区,West,40_大田区_3_18,-8.948575214162702e-10,-1.0555334384321213e-11
61,2014,2021,1,7,70,9,0,大田区,West,70_大田区_9_7,-1.6023591342673171e-9,-1.6969758931395518e-11
17,1979,2021,1,42,35,7,0,大田区,West,35_大田区_7_42,-2.759996675649745e-10,1.8532952950067738e-11
55,1998,2021,1,23,70,5,0,大田区,West,70_大田区_5_23,-1.073956923391961e-9,-1.3309797708416227e-11
25,1981,2021,1,40,65,12,0,大田区,West,65_大田区_12_40,-4.5256172143126605e-9,-4.066680325820471e-11
52,2009,2021,1,12,75,15,0,大田区,West,75_大田区_15_12,-3.198366016476939e-9,-2.7479352127102175e-11
27,1981,2021,1,40,65,4,0,大田区,West,65_大田区_4_40,-9.832632485995418e-10,-1.2454925979454856e-11
60,2016,2021,1,5,65,15,0,大田区,West,65_大田区_15_5,-4.912735107609478e-9,-4.6662895769600254e-11
48,2005,2021,1,16,75,15,0,大田区,West,75_大田区_15_16,-4.369823614069901e-9,-3.977751461547996e-11
41,1996,2021,1,25,75,9,0,大田区,West,75_大田区_9_25,-2.5159607730529387e-9,-2.4649615681937576e-11
62,2002,2021,1,19,85,5,0,大田区,West,85_大田区_5_19,-3.756355226869346e-9,-3.4259484138488006e-11
32,1984,2021,1,37,70,7,0,大田区,West,70_大田区_7_37,-2.3291235606848204e-9,-2.1905366409669114e-11
41,1996,2021,1,25,65,4,0,大田区,West,65_大田区_4_25,-1.150496586888039e-9,-1.4311662965837968e-11
28,1980,2021,1,41,60,3,0,大田区,West,60_大田区_3_41,-3.1896689733912353e-9,-2.6877833292360265e-11
20,1988,2021,1,33,45,5,0,大田区,West,45_大田区_5_33,-6.018140652486181e-9,-4.894618044204435e-11
17,2004,2021,1,17,25,3,0,大田区,West,25_大田区_3_17,-3.236209522583522e-9,4.605626990894507e-11
17,1984,2021,1,37,45,4,0,大田区,West,45_大田区_4_37,-9.492069352745602e-10,-1.0409895168095318e-11
43,1973,2021,1,48,65,5,0,大田区,West,65_大田区_5_48,-9.076046580958064e-10,-1.034949903555571e-11
22,2000,2021,1,21,30,4,0,大田区,West,30_大田区_4_21,-6.474422775681887e-9,-2.8803404106270136e-11
40,2007,2021,1,14,45,3,0,大田区,West,45_大田区_3_14,-6.022958132234635e-9,-4.9506843069480055e-11
20,2008,2021,1,13,25,3,0,大田区,West,25_大田区_3_13,-3.2141009853603464e-9,-0.5000000000276361
51,1991,2021,1,30,65,2,0,大田区,West,65_大田区_2_30,-4.407866072142497e-9,-4.11333189731522e-11
57,2006,2021,1,15,85,12,0,大田区,West,85_大田区_12_15,-3.3104754493251676e-9,-2.9158231384940336e-11
18,1974,2021,1,47,50,9,0,大田区,West,50_大田区_9_47,-4.869342262736609e-9,-4.653433194334866e-11
47,2003,2021,1,18,80,11,0,大田区,West,80_大田区_11_18,-3.766018608075683e-9,-3.3516078801199e-11
40,1997,2021,1,24,60,11,0,大田区,West,60_大田区_11_24,-1.2850591701862868e-9,-1.4877210574582023e-11
15,1984,2021,1,37,35,11,0,大田区,West,35_大田区_11_37,-6.758291704045405e-9,-1.5481393944583033e-11
55,1998,2021,1,23,85,9,0,大田区,West,85_大田区_9_23,-3.504702306145191e-9,-3.2457148080311526e-11
55,2008,2021,1,13,75,13,0,大田区,West,75_大田区_13_13,-4.151189614276518e-9,-3.703615192307552e-11
43,2000,2021,1,21,65,5,0,大田区,West,65_大田区_5_21,-2.543274035815557e-9,-2.5277557824665564e-11
26,1986,2021,1,35,50,8,0,大田区,West,50_大田区_8_35,-6.553797504693648e-10,-8.133937967613747e-12
51,2008,2021,1,13,65,4,0,大田区,West,65_大田区_4_13,-1.7807693097893207e-9,-1.759214995900038e-11
28,1972,2021,1,49,50,4,0,大田区,West,50_大田区_4_49,-1.121506443269027e-9,-1.2969403329066154e-11
60,2005,2021,1,16,80,8,0,大田区,West,80_大田区_8_16,-3.373543222551234e-9,-3.10260706015697e-11
17,2009,2021,1,12,25,9,0,大田区,West,25_大田区_9_12,-4.590532398651703e-9,-4.315015011968626e-11
20,1980,2021,1,41,40,7,0,大田区,West,40_大田区_7_41,-5.9469229540809465e-9,-5.1961990266136127e-11
24,1982,2021,1,39,45,6,0,大田区,West,45_大田区_6_39,-6.150138176508335e-9,-4.5841108686772714e-11
25,1994,2021,1,27,60,10,0,大田区,West,60_大田区_10_27,-2.0112622678425396e-9,-1.9674928353197174e-11
40,2016,2021,1,5,65,9,0,大田区,West,65_大田区_9_5,-1.7838317489804467e-9,-1.7600587653987532e-11
28,1997,2021,1,24,60,14,0,大田区,West,60_大田区_14_24,-5.3515591957875586e-9,-5.0310422494703744e-11
39,1995,2021,1,26,55,13,0,大田区,West,55_大田区_13_26,-4.547445087155211e-9,-4.157407751392839e-11
50,2003,2021,1,18,75,8,0,大田区,West,75_大田区_8_18,-2.4507897933290224e-9,-2.330202697464756e-11
8.9,1979,2021,1,42,30,4,0,大田区,West,30_大田区_4_42,-1.6861267937429147e-9,-1.7606804902925433e-11
63,2006,2021,1,15,80,4,0,大田区,West,80_大田区_4_15,-3.765606493288942e-9,-3.278111115889715e-11
63,2012,2021,1,9,55,4,0,大田区,West,55_大田区_4_9,-8.448566291008319e-10,-9.387601807020474e-12
12,1991,2021,1,30,30,4,0,大田区,West,30_大田区_4_30,-3.2040041730851954e-9,-2.776734397968994e-11
14,1974,2021,1,47,40,13,0,大田区,West,40_大田区_13_47,-6.243645600534364e-9,-4.544897791447511e-11
68,2014,2021,1,7,70,8,0,大田区,West,70_大田区_8_7,-1.9371952930669067e-9,-1.9483303859146872e-11
26,2015,2021,1,6,30,9,0,大田区,West,30_大田区_9_6,-2.5884432375278266e-9,-2.5089263999689138e-11
37,1978,2021,1,43,75,4,0,大田区,West,75_大田区_4_43,-4.211727855363279e-9,-3.840860962611714e-11
68,2014,2021,1,7,70,8,0,大田区,West,70_大田区_8_7,-1.9371952930669067e-9,-1.9483303859146872e-11
13,1974,2021,1,47,25,1,0,大田区,West,25_大田区_1_47,-5.1393591604664834e-9,-4.966471678358175e-11
100,2014,2021,1,7,75,3,0,大田区,West,75_大田区_3_7,-4.589395530274487e-9,-4.179523394043372e-11
88,2016,2021,1,5,75,7,0,大田区,West,75_大田区_7_5,5.4999999968523525,-0.500000000027516
55,2000,2021,1,21,80,13,0,大田区,West,80_大田区_13_21,-3.976580842390831e-9,-3.504885270899649e-11
36,2002,2021,1,19,70,7,0,大田区,West,70_大田区_7_19,-6.000000001294431,-0.5000000000138023
83,2012,2021,1,9,80,6,0,大田区,West,80_大田区_6_9,-2.9712481364185805e-9,-2.5478286147517792e-11
49,2002,2021,1,19,85,8,0,大田区,West,85_大田区_8_19,-3.451830821177282e-9,-3.110289803487376e-11
84,2014,2021,1,7,85,7,0,大田区,West,85_大田区_7_7,-3.6141756254437496e-9,-3.206102050512527e-11
32,2015,2021,1,6,45,11,0,大田区,West,45_大田区_11_6,-6.251902107123897e-9,-4.566258482441299e-11
40,2010,2021,1,11,55,7,0,大田区,West,55_大田区_7_11,-1.2337650900917652e-9,-1.4015455462867976e-11
53,2012,2021,1,9,65,12,0,大田区,West,65_大田区_12_9,3.9999999937441473,-4.1236347669837414e-11
25,1986,2021,1,35,50,10,0,大田区,West,50_大田区_10_35,-1.2911023361539264e-9,-1.4712675522332574e-11
45,2008,2021,1,13,65,8,0,大田区,West,65_大田区_8_13,-4.415767307364149e-9,-4.0643710619292506e-11
51,1998,2021,1,23,75,8,0,大田区,West,75_大田区_8_23,-4.369070438769995e-9,-3.980615836951529e-11
47,1981,2021,1,40,65,2,0,大田区,West,65_大田区_2_40,-4.333905678777228e-9,-4.030176192770796e-11
43,2004,2021,1,17,75,4,0,大田区,West,75_大田区_4_17,-4.213987381262996e-9,-3.8541170255257384e-11
14,1973,2021,1,48,30,2,0,大田区,West,30_大田区_2_48,-5.248175227734464e-9,-5.005862391271876e-11
43,2007,2021,1,14,75,10,0,大田区,West,75_大田区_10_14,-2.493052875252033e-9,-2.4062085657305943e-11
58,2012,2021,1,9,70,13,0,大田区,West,70_大田区_13_9,-3.036930706912244e-9,-2.5865531938507047e-11
24,1971,2021,1,50,50,3,0,大田区,West,50_大田区_3_50,-4.507896278482804e-9,-4.0364822595506666e-11
60,2012,2021,1,9,75,13,0,大田区,West,75_大田区_13_9,-4.152148846969794e-9,-3.703792827991492e-11
54,2015,2021,1,6,60,5,0,大田区,West,60_大田区_5_6,-3.4827181139007735e-9,-3.142730520266923e-11
30,1994,2021,1,27,60,14,0,大田区,West,60_大田区_14_27,-8.301626053253131e-10,-9.669598455275263e-12
30,2000,2021,1,21,40,4,0,大田区,West,40_大田区_4_21,-5.869210895070864e-9,-5.201106212382456e-11
40,2010,2021,1,11,65,4,0,大田区,West,65_大田区_4_11,-3.712344209816365e-9,-3.228284306544538e-11
23,1974,2021,1,47,40,2,0,大田区,West,40_大田区_2_47,-1.2221335055073723e-10,-8.186784583585904e-13
32,1987,2021,1,34,60,10,0,大田区,West,60_大田区_10_34,-4.97054486459092e-9,-4.8505865990478014e-11
15,2006,2021,1,15,25,5,0,大田区,West,25_大田区_5_15,-1.6432721849923837e-9,-1.712296970879379e-11
50,2011,2021,1,10,75,7,0,大田区,West,75_大田区_7_10,-2.634344298257929e-9,-2.4908519691280162e-11
28,2013,2021,1,8,35,1,0,大田区,West,35_大田区_1_8,-5.11570519279303e-9,-5.0339288293344e-11
14,1974,2021,1,47,35,7,0,大田区,West,35_大田区_7_47,2.500000000085432,1.3219203509606814e-11
41,1998,2021,1,23,65,9,0,大田区,West,65_大田区_9_23,-1.6853363149493816e-9,-1.6711965145077556e-11
40,2009,2021,1,12,65,10,0,大田区,West,65_大田区_10_12,-7.588383255097142e-10,-9.050538096744276e-12
9,1974,2021,1,47,35,7,0,大田区,West,35_大田区_7_47,-2.499999999914568,1.3219203509606814e-11
62,2007,2021,1,14,75,2,0,大田区,West,75_大田区_2_14,-4.754753035740578e-9,-4.559863597819458e-11
46,2007,2021,1,14,55,2,0,大田区,West,55_大田区_2_14,-2.3213218014461745e-9,-2.2176482872282577e-11
17,1972,2021,1,49,50,6,0,大田区,West,50_大田区_6_49,1.3918111108068842e-10,9.742873174900524e-12
46,2014,2021,1,7,65,4,0,大田区,West,65_大田区_4_7,-4.962501520822116e-9,-4.704414635625653e-11
35,1986,2021,1,35,75,11,0,大田区,West,75_大田区_11_35,-2.6951525455842784e-9,-2.5672575176827195e-11
60,2005,2021,1,16,65,5,0,大田区,West,65_大田区_5_16,-4.225071847940853e-9,-3.852296259765353e-11
42,2010,2021,1,11,55,4,0,大田区,West,55_大田区_4_11,-4.639503004000289e-9,-4.315281465494536e-11
30,1990,2021,1,31,65,12,0,大田区,West,65_大田区_12_31,-1.5958221410983242e-9,-1.6169510175245705e-11
38,1997,2021,1,24,70,7,0,大田区,West,70_大田区_7_24,0.49999999409158846,-5.2330806354916604e-11
37,1997,2021,1,24,70,7,0,大田区,West,70_大田区_7_24,-0.5000000059084115,-5.2330806354916604e-11
33,2000,2021,1,21,65,11,0,大田区,West,65_大田区_11_21,-2.3010571226222964e-9,-2.2138069155630546e-11
47,2012,2021,1,9,65,12,0,大田区,West,65_大田区_12_9,-2.0000000062558527,-4.1236347669837414e-11
52,2013,2023,1,10,60,7,1,大田区,West,60_大田区_7_10,-3.000764081662055e-9,-2.6608493186586202e-11
67,2018,2023,1,5,70,5,1,大田区,West,70_大田区_5_5,-3.3505500596220372e-9,-2.894484651960738e-11
23,2015,2023,1,8,30,8,1,大田区,West,30_大田区_8_8,0.3333333272554171,-5.0781823190959585e-11
28,2017,2023,1,6,35,4,1,大田区,West,35_大田区_4_6,-3.157552441734879e-9,-2.7354563059134307e-11
54,1999,2023,1,24,60,7,1,大田区,West,60_大田区_7_24,-4.987462887129368e-9,-4.805822406694915e-11
65,2018,2023,1,5,65,5,1,大田区,West,65_大田区_5_5,-4.487731075641932e-9,-4.246958340559104e-11
19,1976,2023,1,47,40,6,1,大田区,West,40_大田区_6_47,-3.7352521076172707e-10,-6.013411990579698e-12
65,1996,2023,1,27,60,5,1,大田区,West,60_大田区_5_27,-5.086420173938677e-9,-4.9252157907631045e-11
37,1992,2023,1,31,55,3,1,大田区,West,55_大田区_3_31,-2.79128897773262e-9,-2.5379920387536004e-11
67,2005,2023,1,18,75,7,1,大田区,West,75_大田区_7_18,-3.6292817640060093e-9,-3.233280310155351e-11
60,1991,2023,1,32,90,6,1,大田区,West,90_大田区_6_32,-3.4263862858097127e-9,-3.064659637175282e-11
65,2003,2023,1,20,85,13,1,大田区,West,85_大田区_13_20,-3.4177531915702275e-9,-3.108358015424528e-11
30,1989,2023,1,34,60,11,1,大田区,West,60_大田区_11_34,-5.277964731931206e-9,-4.970202027720916e-11
35,2001,2023,1,22,45,1,1,大田区,West,45_大田区_1_22,-1.0946052952931495e-9,-1.4221956945448255e-11
52,2007,2023,1,16,70,11,1,大田区,West,70_大田区_11_16,-9.648033483244944e-10,-1.2217560296789998e-11
50,1979,2023,1,44,65,9,1,大田区,West,65_大田区_9_44,-3.3684557365631917e-9,-3.1196156768942274e-11
56,2004,2023,1,19,70,9,1,大田区,West,70_大田区_9_19,-2.957349920507113e-9,-2.620059724733892e-11
61,2002,2023,1,21,75,7,1,大田区,West,75_大田区_7_21,-4.393186259221693e-9,-4.0605296902640475e-11
59,1990,2023,1,33,90,5,1,大田区,West,90_大田区_5_33,-3.746542631688499e-9,-3.334443832159195e-11
61,2016,2023,1,7,60,2,1,大田区,West,60_大田区_2_7,-4.784084239872755e-10,-6.34536867494262e-12
42,1993,2023,1,30,65,11,1,大田区,West,65_大田区_11_30,-1.5894485727585561e-9,-1.610844790889132e-11
93,2015,2023,1,8,90,2,1,大田区,West,90_大田区_2_8,-3.887450361617084e-9,-3.4990232933296284e-11
76,2017,2023,1,6,70,4,1,大田区,West,70_大田区_4_6,-3.945359594581532e-9,-3.52662343772181e-11
41,2005,2023,1,18,60,8,1,大田区,West,60_大田区_8_18,-4.41617942215089e-9,-4.0672354373327835e-11
70,2015,2023,1,8,65,3,1,大田区,West,65_大田区_3_8,-1.795953608052514e-9,-1.811417682517913e-11
72,2012,2023,1,11,75,7,1,大田区,West,75_大田区_7_11,-3.940201054319914e-9,-3.517142133091511e-11
49,2015,2023,1,8,45,3,1,大田区,West,45_大田区_3_8,-2.2367174778992194e-10,9.832135106080386e-13
28,2001,2023,1,22,35,7,1,大田区,West,35_大田区_7_22,-5.4928683823618485e-9,-5.0331738776776547e-11
56,2005,2023,1,18,55,7,1,大田区,West,55_大田区_7_18,-6.06588912432926e-9,-5.095812660727006e-11
42,1978,2023,1,45,75,3,1,大田区,West,75_大田区_3_45,-2.970601542529039e-9,-2.582511982041069e-11
47,1995,2023,1,28,65,8,1,大田区,West,65_大田区_8_28,-1.908681213080854e-9,-1.8638424137407128e-11
69,2005,2023,1,18,70,7,1,大田区,West,70_大田区_7_18,-4.199989689368522e-9,-3.7669201091716786e-11
59,1999,2023,1,24,70,12,1,大田区,West,70_大田区_12_24,-4.553982080324204e-9,-4.163069888818427e-11
43,1976,2023,1,47,70,3,1,大田区,West,70_大田区_3_47,-1.60255808623333e-9,-1.6222356791217862e-11
47,2008,2023,1,15,45,4,1,大田区,West,45_大田区_4_15,-4.001194042757561e-9,-3.4831026951565036e-11
100,2005,2023,1,18,90,4,1,大田区,West,90_大田区_4_18,-3.829129013865895e-9,-3.4499070267202114e-11
50,2009,2023,1,14,75,11,1,大田区,West,75_大田区_11_14,-4.11493061847068e-9,-3.805378234744694e-11
70,2016,2023,1,7,75,15,1,大田区,West,75_大田区_15_7,-2.8727669132422307e-9,-2.5712321161108775e-11
9.5,1988,2023,1,35,25,5,1,大田区,West,25_大田区_5_35,-6.320121315184224e-9,-4.5118353497741737e-11
50,2016,2023,1,7,65,15,1,大田区,West,65_大田区_15_7,-3.7192293689258804e-9,-3.31736860204046e-11
52,2009,2023,1,14,70,12,1,大田区,West,70_大田区_12_14,-1.9795507455455663e-9,-1.999600485191877e-11
58,2016,2023,1,7,65,11,1,大田区,West,65_大田区_11_7,-4.081556426172028e-9,-3.693312322639031e-11
49,2006,2023,1,17,65,4,1,大田区,West,65_大田区_4_17,-1.0851692877622554e-9,-1.3144374477747078e-11
18,2009,2023,1,14,25,11,1,大田区,West,25_大田区_11_14,-5.808630021419958e-9,-5.039191286471123e-11
26,2008,2023,1,15,40,13,1,大田区,West,40_大田区_13_15,-6.622116188736982e-10,-8.75899353047771e-12
17,1974,2023,1,49,45,13,1,大田区,West,45_大田区_13_49,-5.055184715274663e-9,-4.876254955377135e-11
53,1996,2023,1,27,65,4,1,大田区,West,65_大田区_4_27,-3.9369325577354175e-9,-3.550115756922878e-11
50,1996,2023,1,27,60,4,1,大田区,West,60_大田区_4_27,4.9999999998248725,1.1610712391529887e-12
9.5,1991,2023,1,32,25,8,1,大田区,West,25_大田区_8_32,-2.8221798231697903e-9,-2.502487106426088e-11
37,2003,2023,1,20,80,14,1,大田区,West,80_大田区_14_20,-3.543220827850746e-9,-3.146927163300006e-11
23,2008,2023,1,15,25,3,1,大田区,West,25_大田区_3_15,-6.2188192373469064e-9,-3.98718835725731e-11
83,2004,2023,1,19,85,2,1,大田区,West,85_大田区_2_19,-3.3145681754831458e-9,-2.959921197032145e-11
46,1984,2023,1,39,75,10,1,大田区,West,75_大田区_10_39,-2.1389467974586296e-9,-2.0793811117414407e-11
23,2015,2023,1,8,30,8,1,大田区,West,30_大田区_8_8,0.3333333272554171,-5.0781823190959585e-11
100,2015,2023,1,8,70,1,1,大田区,West,70_大田区_1_8,-3.6123566360402037e-9,-3.1819880064176687e-11
20,2012,2023,1,11,25,5,1,大田区,West,25_大田区_5_11,-5.9572506927452196e-9,-5.184519480394556e-11
20,1998,2023,1,25,25,7,1,大田区,West,25_大田区_7_25,-2.6514896944718203e-9,-2.4955371102919344e-11
21,2006,2023,1,17,25,5,1,大田区,West,25_大田区_5_17,-1.126082338487322e-9,-1.3461010084370173e-11
87,2015,2023,1,8,65,1,1,大田区,West,65_大田区_1_8,-5.068585551271099e-9,-4.939049169649934e-11
20,2010,2023,1,13,25,3,1,大田区,West,25_大田区_3_13,-3.2141009853603464e-9,0.4999999999723639
57,2014,2023,1,9,60,4,1,大田区,West,60_大田区_4_9,-2.3740156507301435e-9,-2.272515509105233e-11
22,2015,2023,1,8,30,8,1,大田区,West,30_大田区_8_8,-0.6666666727445829,-5.0781823190959585e-11
30,2005,2023,1,18,35,1,1,大田区,West,35_大田区_1_18,-6.198547453095671e-9,-4.400901865153628e-11
50,2005,2023,1,18,65,15,1,大田区,West,65_大田区_15_18,-2.3073454258337733e-10,-3.928857239543504e-12
47,1996,2023,1,27,60,3,1,大田区,West,60_大田区_3_27,-5.896843902064575e-9,-5.104561218161052e-11
85,2004,2023,1,19,80,5,1,大田区,West,80_大田区_5_19,-4.1156908991979435e-9,-3.639222256879293e-11
54,2005,2023,1,18,70,6,1,大田区,West,70_大田区_6_18,-3.544130322552519e-9,-3.1769475938858704e-11
52,2004,2023,1,19,75,11,1,大田区,West,75_大田区_11_19,-4.583007751080004e-9,-4.30910862547762e-11
67,2008,2023,1,15,75,13,1,大田区,West,75_大田区_13_15,-2.5177087081829086e-9,-2.4704460699354058e-11
32,2002,2023,1,21,75,15,1,大田区,West,75_大田区_15_21,-3.891898359142942e-9,-3.503997092479949e-11
45,2000,2023,1,23,65,5,1,大田区,West,65_大田区_5_23,-1.793495130186784e-9,-1.7649215422466114e-11
24,1981,2023,1,42,50,6,1,大田区,West,50_大田区_6_42,-4.948851994868164e-9,-4.714562074070727e-11
63,2017,2023,1,6,70,10,1,大田区,West,70_大田区_10_6,2.7499999968439184,-2.7524427181901956e-11
27,2018,2023,1,5,30,6,1,大田区,West,30_大田区_6_5,-1.5051568880153354e-9,-1.6858736628933002e-11
43,2006,2023,1,17,60,11,1,大田区,West,60_大田区_11_17,-4.5662389425160654e-9,-4.072986392600342e-11
57,2006,2023,1,17,70,11,1,大田区,West,70_大田区_11_17,-3.168551643284445e-9,-2.695754730552835e-11
50,2002,2023,1,21,65,3,1,大田区,West,65_大田区_3_21,-2.36830999256199e-9,-2.2729818027755755e-11
65,2017,2023,1,6,70,10,1,大田区,West,70_大田区_10_6,4.749999996843918,-2.7524427181901956e-11
37,2010,2023,1,13,40,4,1,大田区,West,40_大田区_4_13,-1.0920260251623404e-9,-1.347633116211e-11
66,2016,2023,1,7,75,7,1,大田区,West,75_大田区_7_7,-3.730775688381982e-9,-3.3445246572227916e-11
44,1992,2023,1,31,75,4,1,大田区,West,75_大田区_4_31,-4.1162238062497636e-9,-3.782774093963326e-11
55,2016,2023,1,7,70,7,1,大田区,West,70_大田区_7_7,-5.4838409369040164e-9,-5.059708207966196e-11
60,1996,2023,1,27,75,11,1,大田区,West,75_大田区_11_27,-3.727983255430445e-9,-3.36668470879431e-11
23,2013,2023,1,10,25,6,1,大田区,West,25_大田区_6_10,-0.5000000063550196,-2.8598456935924332e-11
24,2013,2023,1,10,25,6,1,大田区,West,25_大田区_6_10,0.4999999936449804,-2.8598456935924332e-11
46,1982,2023,1,41,70,11,1,大田区,West,70_大田区_11_41,-5.4682942618455854e-9,-4.977884771051322e-11
58,2017,2023,1,6,75,10,1,大田区,West,75_大田区_10_6,-3.3091041018451506e-9,-2.8669733254105267e-11
55,2017,2023,1,6,70,10,1,大田区,West,70_大田区_10_6,-5.250000003156082,-2.7524427181901956e-11
58,2017,2023,1,6,70,10,1,大田区,West,70_大田区_10_6,-2.2500000031560816,-2.7524427181901956e-11
61,2016,2023,1,7,75,10,1,大田区,West,75_大田区_10_7,0.9999999974493932,0.49999999997487254
27,1978,2023,1,45,55,6,1,大田区,West,55_大田区_6_45,-5.355136778462111e-9,-5.03730390732926e-11
30,1980,2023,1,43,50,3,1,大田区,West,50_大田区_3_43,-5.9868483504033065e-9,-5.0712989363432825e-11
28,1980,2023,1,43,45,2,1,大田区,West,45_大田区_2_43,-1.193146914602039e-9,-1.3231193918272766e-11
35,2003,2023,1,20,45,4,1,大田区,West,45_大田区_4_20,-3.3153071399283363e-9,-3.0153435304214327e-11
56,1999,2023,1,24,65,6,1,大田区,West,65_大田区_6_24,-4.601474756782409e-10,-6.055378420910529e-12
68,2002,2023,1,21,60,2,1,大田区,West,60_大田区_2_21,-2.5757316279850784e-9,-2.5050628238432182e-11
68,2011,2023,1,12,70,3,1,大田区,West,70_大田区_3_12,-1.0314238352293614e-9,-1.230104906824181e-11
64,2008,2023,1,15,65,6,1,大田区,West,65_大田区_6_15,-4.372168405097909e-9,-4.023581468004522e-11
75,2008,2023,1,15,75,6,1,大田区,West,75_大田区_6_15,-4.6305785872391425e-9,-4.3683057171506334e-11
93,2014,2023,1,9,70,2,1,大田区,West,70_大田区_2_9,-3.169020601490047e-9,-2.6898483440618293e-11
34,2018,2023,1,5,35,11,1,大田区,West,35_大田区_11_5,-5.6309161777789996e-9,-5.1202819761897445e-11
45,1998,2023,1,25,65,13,1,大田区,West,65_大田区_13_25,-3.970015427512408e-9,-3.572431239717844e-11
61,2008,2023,1,15,85,11,1,大田区,West,85_大田区_11_15,-3.5604017512014252e-9,-3.234035261812096e-11
40,1978,2023,1,45,65,5,1,大田区,West,65_大田区_5_45,-1.2639063129427086e-9,-1.467936883159382e-11
120,2012,2023,1,11,85,4,1,大田区,West,85_大田区_4_11,-3.7154563869989943e-9,-3.330558051573007e-11
70,2014,2023,1,9,65,7,1,大田区,West,65_大田区_7_9,-3.326974251649517e-9,-2.883804306463844e-11
59,2005,2023,1,18,80,12,1,大田区,West,80_大田区_12_18,-4.153100974235713e-9,-3.699507367116439e-11
14,1974,2023,1,49,40,7,1,大田区,West,40_大田区_7_49,-9.923688537583075e-10,2.5021318350582078e-11
33,1977,2023,1,46,45,3,1,大田区,West,45_大田区_3_46,-6.3618728063374874e-9,-3.451172680968284e-11
47,2015,2023,1,8,45,5,1,大田区,West,45_大田区_5_8,-6.916422989888815e-10,-8.470557588680094e-12
40,2003,2023,1,20,55,10,1,大田区,West,55_大田区_10_20,-2.2620767481384974e-9,-2.202749094237788e-11
28,2005,2023,1,18,55,5,1,大田区,West,55_大田区_5_18,-1.449656394925114e-9,-1.6156409543555128e-11
63,2016,2023,1,7,80,4,1,大田区,West,80_大田区_4_7,-3.4450167163413425e-9,-2.966316081653986e-11
48,2010,2023,1,13,70,2,1,大田区,West,70_大田区_2_13,-5.240707423581625e-9,-4.99835728362541e-11
14,1977,2023,1,46,45,10,1,大田区,West,45_大田区_10_46,-1.0664535921023344e-10,-1.957989326228926e-12
48,2004,2023,1,19,70,7,1,大田区,West,70_大田区_7_19,5.999999998705569,0.4999999999861977
52,1999,2023,1,24,75,9,1,大田区,West,75_大田区_9_24,-4.93076868224307e-9,-4.7583048612409584e-11
35,2011,2023,1,12,45,6,1,大田区,West,45_大田区_6_12,-6.295067578321323e-9,-3.170264051277627e-11
89,2017,2023,1,6,85,4,1,大田区,West,85_大田区_4_6,-3.307761176074564e-9,-2.989319902724219e-11
52,1987,2023,1,36,75,6,1,大田区,West,75_大田区_6_36,-3.3489797601760074e-9,-2.9392044353926394e-11
54,2012,2023,1,11,65,5,1,大田区,West,65_大田区_5_11,-4.377127993393515e-9,-4.023270605557627e-11
45,1987,2023,1,36,65,5,1,大田区,West,65_大田区_5_36,-9.858354133029934e-10,-1.3486767258541477e-11
65,2015,2023,1,8,75,4,1,大田区,West,75_大田区_4_8,-2.1118466975167394e-9,-2.002864540884275e-11
33,1994,2023,1,29,55,6,1,大田区,West,55_大田区_6_29,-4.5000000050347,-4.842037881758188e-11
15,1974,2023,1,49,35,7,1,大田区,West,35_大田区_7_49,-6.279300635014806e-9,-3.889399913248326e-11
57,2007,2023,1,16,75,9,1,大田区,West,75_大田区_9_16,-3.881517329773487e-9,-3.5221603411628166e-11
36,1981,2023,1,42,65,13,1,大田区,West,65_大田区_13_42,-8.422063046964468e-10,-9.466205597163935e-12
51,1999,2023,1,24,70,9,1,大田区,West,70_大田区_9_24,-4.798721420229413e-9,-4.5969228423814457e-11
22,1974,2023,1,49,40,8,1,大田区,West,40_大田区_8_49,-4.565450240079372e-9,-4.065014991283533e-11
42,1994,2023,1,29,55,6,1,大田区,West,55_大田区_6_29,4.4999999949653,-4.842037881758188e-11
40,1996,2023,1,27,70,12,1,大田区,West,70_大田区_12_27,-3.772733236928616e-9,-3.272115911556739e-11
21,1980,2023,1,43,55,11,1,大田区,West,55_大田区_11_43,-4.522132002193757e-9,-4.0643266530082656e-11
41,1985,2023,1,38,85,10,1,大田区,West,85_大田区_10_38,-3.6290970228947117e-9,-3.22830651100503e-11
30,2009,2023,1,14,35,6,1,大田区,West,35_大田区_6_14,-1.475086719437968e-9,-1.6564527527407336e-11
40,1996,2023,1,27,60,4,1,大田区,West,60_大田区_4_27,-5.0000000001751275,1.1610712391529887e-12
34,1985,2023,1,38,60,3,1,大田区,West,60_大田区_3_38,-4.556653721010662e-9,-4.289102406573875e-11
40,1995,2023,1,28,60,7,1,大田区,West,60_大田区_7_28,-2.758113737399981e-9,-2.5248469981420385e-11
77,2018,2023,1,5,75,7,1,大田区,West,75_大田区_7_5,-5.5000000031476475,0.499999999972484
64,2018,2023,1,5,65,7,1,大田区,West,65_大田区_7_5,-4.1521275306877214e-9,-3.704792028713655e-11
72,2001,2023,1,22,80,14,1,大田区,West,80_大田区_14_22,-3.745270760191488e-9,-3.3761660134246085e-11
73,2002,2023,1,21,85,10,1,大田区,West,85_大田区_10_21,-3.245986590627581e-9,-3.039901663726141e-11
18,1978,2023,1,45,40,8,1,大田区,West,40_大田区_8_45,-1.0382308346379432e-9,-1.290745288429207e-11
40,1991,2023,1,32,80,8,1,大田区,West,80_大田区_8_32,-3.4175755558862875e-9,-3.12123660251018e-11
47,2012,2023,1,11,65,12,1,大田区,West,65_大田区_12_11,-4.557080046652118e-9,-4.146993859421855e-11
36,1974,2021,1,47,75,4,0,世田谷区,West,75_世田谷区_4_47,-4.0933940681497916e-9,-3.599942566268055e-11
73,2016,2021,1,5,70,10,0,世田谷区,West,70_世田谷区_10_5,-4.499682404457417e-9,-4.157962862905151e-11
77,2015,2021,1,6,75,3,0,世田谷区,West,75_世田谷区_3_6,-2.6589077606331557e-9,-2.4959367905807994e-11
92,2005,2021,1,16,90,9,0,世田谷区,West,90_世田谷区_9_16,-3.905427092831815e-9,-3.4996894271444035e-11
21,2007,2021,1,14,25,5,0,世田谷区,West,25_世田谷区_5_14,-1.5000000025635956,-0.5000000000250893
43,2014,2021,1,7,65,13,0,世田谷区,West,65_世田谷区_13_7,-1.066354116119328e-9,-1.2435164009616528e-11
50,1998,2021,1,23,75,15,0,世田谷区,West,75_世田谷区_15_23,-4.437808343027427e-9,-4.1159076147323503e-11
44,1995,2021,1,26,55,15,0,世田谷区,West,55_世田谷区_15_26,-1.7652013184488169e-9,-1.7149837105989718e-11
31,1993,2021,1,28,60,15,0,世田谷区,West,60_世田谷区_15_28,-5.535284230973048e-9,-5.165290417608048e-11
39,1977,2021,1,44,70,13,0,世田谷区,West,70_世田谷区_13_44,-3.7053737855785585e-9,-3.22555315790396e-11
34,1984,2021,1,37,50,13,0,世田谷区,West,50_世田谷区_13_37,-8.115037530842528e-10,-9.400480394106125e-12
33,1974,2021,1,47,55,5,0,世田谷区,West,55_世田谷区_5_47,-9.099210274143843e-11,-1.6324719354088302e-12
47,1984,2021,1,37,55,7,0,世田谷区,West,55_世田谷区_7_37,1.0751932677521836e-10,1.294186979805545e-11
27,1980,2021,1,41,50,10,0,世田谷区,West,50_世田谷区_10_41,-4.6092267780295515e-9,-4.21880308465461e-11
28,1979,2021,1,42,65,15,0,世田谷区,West,65_世田谷区_15_42,-5.434444005913974e-9,-5.05433472852701e-11
68,2004,2021,1,17,70,15,0,世田谷区,West,70_世田谷区_15_17,-3.48616424616921e-9,-3.132605286282342e-11
59,2007,2021,1,14,70,6,0,世田谷区,West,70_世田谷区_6_14,-2.1564900976045465e-9,-2.0863755167965792e-11
74,1997,2021,1,24,60,2,0,世田谷区,West,60_世田谷区_2_24,-4.1370071812707465e-9,-3.705591389291385e-11
61,2007,2021,1,14,80,9,0,世田谷区,West,80_世田谷区_9_14,-4.41339409462671e-9,-4.068789749567259e-11
28,2009,2021,1,12,35,7,0,世田谷区,West,35_世田谷区_7_12,-6.487617554284952e-9,-2.2382540265653006e-11
33,2016,2021,1,5,40,3,0,世田谷区,West,40_世田谷区_3_5,-4.263419839389826e-9,-3.918665392177445e-11
59,2009,2021,1,12,80,6,0,世田谷区,West,80_世田谷区_6_12,-2.9417890345939668e-9,-2.6181057322105517e-11
20,1985,2021,1,36,45,4,0,世田谷区,West,45_世田谷区_4_36,-4.754106441851036e-9,-4.4573678081860635e-11
33,2008,2021,1,13,50,7,0,世田谷区,West,50_世田谷区_7_13,-4.124323993437429e-9,-3.7755132353822773e-11
61,2009,2021,1,12,85,8,0,世田谷区,West,85_世田谷区_8_12,-3.9721754774291185e-9,-3.533351389251038e-11
63,1998,2021,1,23,90,6,0,世田谷区,West,90_世田谷区_6_23,-3.4995508713109302e-9,-3.025824035773894e-11
35,1976,2021,1,45,85,8,0,世田谷区,West,85_世田谷区_8_45,-3.3184051062562503e-9,-2.876299198817378e-11
34,1979,2021,1,42,75,4,0,世田谷区,West,75_世田谷区_4_42,-3.773820367314329e-9,-3.381117608114437e-11
66,2009,2021,1,12,90,6,0,世田谷区,West,90_世田谷区_6_12,-3.6560265925800195e-9,-3.2827740525931404e-11
32,2008,2021,1,13,60,7,0,世田谷区,West,60_世田谷区_7_13,-3.7135805541765876e-10,-5.398126390332436e-12
40,1995,2021,1,26,65,4,0,世田谷区,West,65_世田谷区_4_26,-2.800604192998435e-10,-4.091837979558477e-12
63,2009,2021,1,12,90,8,0,世田谷区,West,90_世田谷区_8_12,-11.000000004255796,-0.5000000000382543
55,2009,2021,1,12,75,14,0,世田谷区,West,75_世田谷区_14_12,-2.6278144105162937e-9,-2.4525048658574633e-11
55,1973,2021,1,48,80,12,0,世田谷区,West,80_世田谷区_12_48,-3.319371444376884e-9,-2.843458801748966e-11
55,1995,2021,1,26,80,11,0,世田谷区,West,80_世田谷区_11_26,-3.369237333572528e-9,-3.043076901576569e-11
70,1996,2021,1,25,70,7,0,世田谷区,West,70_世田谷区_7_25,-1.7209060843015322e-9,-1.6940893132755264e-11
73,2012,2021,1,9,70,4,0,世田谷区,West,70_世田谷区_4_9,-3.886228228111577e-9,-3.519717850508641e-11
60,2001,2021,1,20,60,3,0,世田谷区,West,60_世田谷区_3_20,-1.4504095702250197e-9,-1.6575629757653587e-11
11,1988,2021,1,33,25,2,0,世田谷区,West,25_世田谷区_2_33,-3.5576945833781792e-9,-3.1588509585844804e-11
35,1980,2021,1,41,75,3,0,世田谷区,West,75_世田谷区_3_41,-3.49004380950646e-9,-3.148103999706109e-11
58,2015,2021,1,6,75,13,0,世田谷区,West,75_世田谷区_13_6,-4.109764972781704e-9,-3.6407765691137683e-11
34,1983,2021,1,38,55,9,0,世田谷区,West,55_世田谷区_9_38,-3.4965168538292346e-9,-3.125699699069173e-11
53,2008,2021,1,13,75,14,0,世田谷区,West,75_世田谷区_14_13,-4.024073518849036e-9,-3.52706752693166e-11
46,1996,2021,1,25,60,6,0,世田谷区,West,60_世田谷区_6_25,-3.940769488508522e-9,-3.4847680296934413e-11
22,2004,2021,1,17,35,7,0,世田谷区,West,35_世田谷区_7_17,-6.049038603350709e-9,-5.2100102010399496e-11
20,1982,2021,1,39,40,10,0,世田谷区,West,40_世田谷区_10_39,-1.4744898635399295e-9,-1.6664669644228525e-11
26,1981,2021,1,40,65,7,0,世田谷区,West,65_世田谷区_7_40,-1.2315481967561936e-9,-1.4024337247064977e-11
79,2014,2021,1,7,75,10,0,世田谷区,West,75_世田谷区_10_7,10.333333330700953,-2.4880764115664533e-11
59,1984,2021,1,37,70,7,0,世田谷区,West,70_世田谷区_7_37,-5.889283727356087e-9,-5.178479867140595e-11
57,2007,2021,1,14,80,5,0,世田谷区,West,80_世田谷区_5_14,-3.183018293384521e-9,-2.773958840407431e-11
30,1983,2021,1,38,65,14,0,世田谷区,West,65_世田谷区_14_38,-4.3354972945053305e-9,-4.029487854495528e-11
39,1973,2021,1,48,80,9,0,世田谷区,West,80_世田谷区_9_48,-4.218776439302019e-9,-3.852163033002398e-11
56,2005,2021,1,16,55,5,0,世田谷区,West,55_世田谷区_5_16,-5.218680598773062e-9,-4.9892090459024985e-11
50,1978,2021,1,43,65,3,0,世田谷区,West,65_世田谷区_3_43,-4.551210963654739e-9,-4.100852990518433e-11
74,2014,2021,1,7,70,2,0,世田谷区,West,70_世田谷区_2_7,-3.985348939750111e-9,-3.568523254671163e-11
40,1973,2021,1,48,55,2,0,世田谷区,West,55_世田谷区_2_48,-5.541096470551565e-10,-7.345679620129886e-12
75,2015,2021,1,6,75,9,0,世田谷区,West,75_世田谷区_9_6,-2.54453880188521e-9,-2.4626300998420447e-11
41,1995,2021,1,26,55,3,0,世田谷区,West,55_世田谷区_3_26,-1.1162413215970446e-9,-1.4022782934830502e-11
38,1983,2021,1,38,55,3,0,世田谷区,West,55_世田谷区_3_38,-5.075023068457085e-9,-4.917088958222848e-11
30,1983,2021,1,38,55,4,0,世田谷区,West,55_世田谷区_4_38,-1.0974972042276931e-9,-1.3205436744101462e-11
120,2010,2021,1,11,80,6,0,世田谷区,West,80_世田谷区_6_11,-3.038337581529049e-9,-2.6421531629239325e-11
46,1986,2021,1,35,65,9,0,世田谷区,West,65_世田谷区_9_35,-1.8371579812992422e-9,-1.8059331807762646e-11
99,2011,2021,1,10,75,3,0,世田谷区,West,75_世田谷区_3_10,-2.5414692572667263e-9,-2.4658275421529652e-11
130,2010,2021,1,11,90,6,0,世田谷区,West,90_世田谷区_6_11,-3.802483661274891e-9,-3.3623548389982716e-11
42,1995,2021,1,26,55,5,0,世田谷区,West,55_世田谷区_5_26,-1.2783658576154266e-9,-1.4736434295059553e-11
64,2002,2021,1,19,70,5,0,世田谷区,West,70_世田谷区_5_19,-5.374218403630948e-9,-4.96260810223248e-11
88,2010,2021,1,11,65,6,0,世田谷区,West,65_世田谷区_6_11,-5.515033763003885e-9,-5.0203619039734804e-11
48,2005,2021,1,16,55,7,0,世田谷区,West,55_世田谷区_7_16,-4.819916910037136e-9,-4.5558667949308074e-11
66,2011,2021,1,10,75,9,0,世田谷区,West,75_世田谷区_9_10,-3.3035689739335794e-9,-3.057287756291771e-11
50,2010,2021,1,11,75,14,0,世田谷区,West,75_世田谷区_14_11,-2.489350947598723e-9,-2.4063195880330568e-11
62,2014,2021,1,7,75,10,0,世田谷区,West,75_世田谷区_10_7,-6.6666666692990475,-2.4880764115664533e-11
67,2011,2021,1,10,80,9,0,世田谷区,West,80_世田谷区_9_10,-4.566999223243329e-9,-4.111222473568432e-11
64,2008,2021,1,13,75,9,0,世田谷区,West,75_世田谷区_9_13,-2.589359837656957e-9,-2.5293100947010316e-11
60,2003,2021,1,18,85,11,0,世田谷区,West,85_世田谷区_11_18,-3.991090125055052e-9,-3.571209994390756e-11
62,2006,2021,1,15,80,10,0,世田谷区,West,80_世田谷区_10_15,-4.111562645903177e-9,-3.764655254201443e-11
65,2014,2021,1,7,75,10,0,世田谷区,West,75_世田谷区_10_7,-3.6666666692990475,-2.4880764115664533e-11
62,1997,2021,1,24,85,9,0,世田谷区,West,85_世田谷区_9_24,-3.359104994160589e-9,-2.9399593870493845e-11
70,1997,2021,1,24,70,8,0,世田谷区,West,70_世田谷区_8_24,-4.7679691306257155e-9,-4.53761472840597e-11
100,2016,2021,1,5,70,3,0,世田谷区,West,70_世田谷区_3_5,-3.7054093127153465e-9,-3.252043079271516e-11
40,1973,2021,1,48,60,3,0,世田谷区,West,60_世田谷区_3_48,-4.870386760558176e-9,-4.66118255104675e-11
38,1998,2021,1,23,40,10,0,世田谷区,West,40_世田谷区_10_23,-8.938911832956364e-10,-9.32209864856759e-12
30,1973,2021,1,48,40,1,0,世田谷区,West,40_世田谷区_1_48,-6.883986714001367e-10,-8.127720718675846e-12
63,2010,2021,1,11,75,8,0,世田谷区,West,75_世田谷区_8_11,-23.500000003005823,-0.5000000000255787
58,2004,2021,1,17,85,13,0,世田谷区,West,85_世田谷区_13_17,-3.6338150266601588e-9,-3.170397278040582e-11
58,2013,2021,1,8,75,13,0,世田谷区,West,75_世田谷区_13_8,-7.000000002112699,-0.5000000000206661
24,1980,2021,1,41,45,8,0,世田谷区,West,45_世田谷区_8_41,6.213696224222076e-12,4.352074256530614e-12
46,1985,2021,1,36,60,14,0,世田谷区,West,60_世田谷区_14_36,-1.0535217143115005e-9,-1.3914425167627087e-11
22,2003,2021,1,18,25,6,0,世田谷区,West,25_世田谷区_6_18,5.094591415399918e-12,1.574163022155517e-11
68,1992,2021,1,29,80,6,0,世田谷区,West,80_世田谷区_6_29,-4.2962824409187306e-9,-3.940736625906993e-11
11,1985,2021,1,36,25,10,0,世田谷区,West,25_世田谷区_10_36,-6.246338557502895e-9,-4.4469983251360645e-11
59,2003,2021,1,18,65,7,0,世田谷区,West,65_世田谷区_7_18,-1.2001706295450276e-9,-1.3830936396175275e-11
52,2014,2021,1,7,55,10,0,世田谷区,West,55_世田谷区_10_7,-1.1174492442478368e-9,-1.4710010987073474e-11
35,2001,2021,1,20,40,7,0,世田谷区,West,40_世田谷区_7_20,-6.057874202269886e-9,-5.1728399341754994e-11
15,1983,2021,1,38,30,7,0,世田谷区,West,30_世田谷区_7_38,-7.67585106586921e-10,2.2846835534551246e-11
24,2003,2021,1,18,35,10,0,世田谷区,West,35_世田谷区_10_18,-2.9832172288024594e-9,-2.6480151404939534e-11
67,2008,2021,1,13,80,7,0,世田谷区,West,80_世田谷区_7_13,-27.00000000330452,-0.2500000000308491
79,2012,2021,1,9,80,10,0,世田谷区,West,80_世田谷区_10_9,-3.778808377319365e-9,-3.425082439889593e-11
86,2012,2021,1,9,80,7,0,世田谷区,West,80_世田谷区_7_9,-4.098268391317106e-9,-3.615818755520195e-11
53,1976,2021,1,45,65,6,0,世田谷区,West,65_世田谷区_6_45,-1.1242562436564185e-9,-1.3242074103914092e-11
40,1977,2021,1,44,60,14,0,世田谷区,West,60_世田谷区_14_44,-1.4844658835500013e-10,-2.871036741680655e-12
64,2008,2021,1,13,80,7,0,世田谷区,West,80_世田谷区_7_13,-30.00000000330452,-0.2500000000308491
55,1971,2021,1,50,85,5,0,世田谷区,West,85_世田谷区_5_50,-3.3876403904287145e-9,-3.006306315000984e-11
51,2013,2021,1,8,75,6,0,世田谷区,West,75_世田谷区_6_8,-3.0377975690498715e-9,-2.5639046441483515e-11
33,1982,2021,1,39,50,7,0,世田谷区,West,50_世田谷区_7_39,-5.991203977373516e-9,-5.234079836213823e-11
48,2009,2021,1,12,55,7,0,世田谷区,West,55_世田谷区_7_12,-3.5582985447035753e-9,-3.183098229442294e-11
42,1999,2021,1,22,65,4,0,世田谷区,West,65_世田谷区_4_22,-1.167627772247215e-9,-1.4257706126841185e-11
51,2005,2021,1,16,80,15,0,世田谷区,West,80_世田谷区_15_16,-3.3083367156905297e-9,-2.873346005571875e-11
51,2005,2021,1,16,65,6,0,世田谷区,West,65_世田谷区_6_16,-3.343231469443708e-9,-2.8871349755377196e-11
70,2012,2021,1,9,70,9,0,世田谷区,West,70_世田谷区_9_9,-2.769596108009864e-9,-2.485500694149323e-11
72,2014,2021,1,7,70,9,0,世田谷区,West,70_世田谷区_9_7,-2.3688926376053132e-9,-2.2673640742709722e-11
74,2015,2021,1,6,55,2,0,世田谷区,West,55_世田谷区_2_6,-9.741114581629517e-10,-1.038835684141759e-11
70,2014,2021,1,7,65,4,0,世田谷区,West,65_世田谷区_4_7,-4.481350401874806e-9,-4.260392039157068e-11
44,2008,2021,1,13,55,15,0,世田谷区,West,55_世田谷区_15_13,-5.240643474735407e-9,-5.023004234772088e-11
72,2012,2021,1,9,90,13,0,世田谷区,West,90_世田谷区_13_9,-4.076127879670821e-9,-3.6996183894189016e-11
79,2004,2021,1,17,75,10,0,世田谷区,West,75_世田谷区_10_17,-2.9777993404422887e-9,-2.6049162826780048e-11
99,2009,2021,1,12,90,10,0,世田谷区,West,90_世田谷区_10_12,-3.918415814041509e-9,-3.4988012487247033e-11
67,2007,2021,1,14,70,13,0,世田谷区,West,70_世田谷区_13_14,-1.9979040644102497e-9,-1.9533263895255004e-11
89,2012,2021,1,9,80,13,0,世田谷区,West,80_世田谷区_13_9,-3.6996254948462592e-9,-3.2299496410814754e-11
75,2011,2021,1,10,75,4,0,世田谷区,West,75_世田谷区_4_10,-2.5665798375484883e-9,-2.5087043553639887e-11
78,2002,2021,1,19,80,7,0,世田谷区,West,80_世田谷区_7_19,-3.7833558508282294e-09,-3.426636752124068e-11
82,2000,2021,1,21,75,5,0,世田谷区,West,75_世田谷区_5_21,-4.068681391800055e-9,-3.599143205690325e-11
55,1985,2021,1,36,80,13,0,世田谷区,West,80_世田谷区_13_36,-3.544322169091174e-9,-3.164468687089084e-11
55,2010,2021,1,11,65,9,0,世田谷区,West,65_世田谷区_9_11,-5.320757168192358e-9,-5.026312699385471e-11
35,1979,2021,1,42,35,2,0,世田谷区,West,35_世田谷区_2_42,-6.290079568316287e-9,-3.542433013592472e-11
69,2013,2021,1,8,80,7,0,世田谷区,West,80_世田谷区_7_8,-3.953417149205052e-9,-3.60131924281859e-11
59,2001,2021,1,20,60,12,0,世田谷区,West,60_世田谷区_12_20,-3.2226665780399344e-10,-5.291767024573346e-12
47,2008,2021,1,13,55,3,0,世田谷区,West,55_世田谷区_3_13,-6.159133647543058e-9,-4.3499426283233333e-11
60,2008,2021,1,13,70,14,0,世田谷区,West,70_世田谷区_14_13,-1.6297789784402994e-9,-1.6969758931395518e-11
59,2011,2021,1,10,70,10,0,世田谷区,West,70_世田谷区_10_10,-4.957954047313251e-9,-4.783440310518472e-11
52,1996,2021,1,25,70,10,0,世田谷区,West,70_世田谷区_10_25,-1.3693295386474347e-9,-1.5565770894454545e-11
49,1979,2021,1,42,80,13,0,世田谷区,West,80_世田谷区_13_42,-3.784961677411047e-9,-3.4266589565845607e-11
87,2015,2021,1,6,80,12,0,世田谷区,West,80_世田谷区_12_6,-3.156159777972789e-9,-2.7393864954206038e-11
58,2000,2021,1,21,65,12,0,世田谷区,West,65_世田谷区_12_21,-4.587896285102033e-9,-4.2344572293018246e-11
72,1997,2021,1,24,70,11,0,世田谷区,West,70_世田谷区_11_24,-4.222329152980819e-9,-3.8509861965962955e-11
60,1986,2021,1,35,85,5,0,世田谷区,West,85_世田谷区_5_35,-3.3663951626294875e-9,-3.0886404545071855e-11
62,1997,2021,1,24,65,2,0,世田谷区,West,65_世田谷区_2_24,-5.48655521015462e-9,-5.090217136682895e-11
73,2016,2021,1,5,55,3,0,世田谷区,West,55_世田谷区_3_5,-3.8293705983960535e-9,-3.469469156414107e-11
25,2007,2021,1,14,25,2,0,世田谷区,West,25_世田谷区_2_14,1.5794654473211267e-10,6.8471894820731904e-12
75,2000,2021,1,21,75,6,0,世田谷区,West,75_世田谷区_6_21,-4.000000005231669,-0.5000000000503093
80,2005,2021,1,16,75,7,0,世田谷区,West,75_世田谷区_7_16,-2.9970692594361026e-9,-2.6628033111819605e-11
52,2005,2021,1,16,75,10,0,世田谷区,West,75_世田谷区_10_16,-3.1871039141151414e-9,-2.756128658631951e-11
49,1999,2021,1,22,65,9,0,世田谷区,West,65_世田谷区_9_22,-4.393243102640554e-9,-4.0543124413261467e-11
34,1974,2021,1,47,70,8,0,世田谷区,West,70_世田谷区_8_47,-7.882050567786791e-10,-9.643175147289185e-12
77,2013,2021,1,8,75,10,0,世田谷区,West,75_世田谷区_10_8,3.99999999655887,-0.5000000000299389
71,2013,2021,1,8,75,9,0,世田谷区,West,75_世田谷区_9_8,-4.236397899148869e-9,-3.878630749909462e-11
28,1971,2021,1,50,40,9,0,世田谷区,West,40_世田谷区_9_50,-9.629701480662334e-10,-1.3406387111558615e-11
94,2012,2021,1,9,75,7,0,世田谷区,West,75_世田谷区_7_9,-0.5000000030061926,-2.5655255697643042e-11
56,2004,2021,1,17,65,8,0,世田谷区,West,65_世田谷区_8_17,-2.6756907800518093e-10,-4.6060932845648495e-12
90,2012,2021,1,9,70,7,0,世田谷区,West,70_世田谷区_7_9,-3.3874272276079864e-9,-3.050937280590915e-11
95,2012,2021,1,9,75,7,0,世田谷区,West,75_世田谷区_7_9,0.49999999699380737,-2.5655255697643042e-11
95,2008,2021,1,13,80,7,0,世田谷区,West,80_世田谷区_7_13,0.9999999966954789,-0.2500000000308491
71,2004,2021,1,17,70,10,0,世田谷区,West,70_世田谷区_10_17,-5.500000005415302,-0.5000000000504361
17,1971,2021,1,50,30,8,0,世田谷区,West,30_世田谷区_8_50,-5.496367805335467e-9,-5.151590265484174e-11
41,2016,2021,1,5,35,5,0,世田谷区,West,35_世田谷区_5_5,-8.000000004473108,-0.5000000000419731
43,2013,2021,1,8,50,2,0,世田谷区,West,50_世田谷区_2_8,-5.898364463519101e-9,-5.118794277336747e-11
43,2004,2021,1,17,60,6,0,世田谷区,West,60_世田谷区_6_17,-8.175646826202865e-10,-9.43201072800548e-12
11,1990,2021,1,31,25,8,0,世田谷区,West,25_世田谷区_8_31,-1.7870256385776884e-9,-1.7605472635295882e-11
18,1974,2021,1,47,40,11,0,世田谷区,West,40_世田谷区_11_47,-5.113136580803257e-10,2.0619506102548257e-11
56,2013,2021,1,8,65,9,0,世田谷区,West,65_世田谷区_9_8,-7.514557864851668e-10,-9.868106332078241e-12
33,2002,2021,1,19,55,4,0,世田谷区,West,55_世田谷区_4_19,-6.114539985446754e-9,-5.1423976188402776e-11
35,2003,2021,1,18,45,3,0,世田谷区,West,45_世田谷区_3_18,-4.4946659727429505e-9,-4.270406250839187e-11
41,2004,2021,1,17,55,6,0,世田谷区,West,55_世田谷区_6_17,-5.885880227651796e-9,-5.2555515495100735e-11
60,2007,2021,1,14,75,10,0,世田谷区,West,75_世田谷区_10_14,-4.5722572394879535e-9,-4.2934544808304054e-11
40,2016,2021,1,5,45,15,0,世田谷区,West,45_世田谷区_15_5,-3.6384122381605266e-9,-3.205258281013812e-11
67,2008,2021,1,13,85,14,0,世田谷区,West,85_世田谷区_14_13,-3.4660274650377687e-9,-3.099343004464572e-11
57,2015,2021,1,6,70,14,0,世田谷区,West,70_世田谷区_14_6,-3.736602138815215e-9,-3.35036443033232e-11
74,2003,2021,1,18,90,8,0,世田谷区,West,90_世田谷区_8_18,-3.907800305569253e-9,-3.5000002895912985e-11
58,2008,2021,1,13,65,5,0,世田谷区,West,65_世田谷区_5_13,-4.349580251528096e-9,-3.9727110490161976e-11
46,1995,2021,1,26,60,9,0,世田谷区,West,60_世田谷区_9_26,-5.3917190712127194e-9,-4.956013377466206e-11
68,2002,2021,1,19,85,10,0,世田谷区,West,85_世田谷区_10_19,-3.714802687682095e-9,-3.2665870008941056e-11
64,2008,2021,1,13,75,6,0,世田谷区,West,75_世田谷区_6_13,-4.394124175632896e-9,-4.053490876287924e-11
68,2007,2021,1,14,75,11,0,世田谷区,West,75_世田谷区_11_14,-2.4035955448198365e-9,-2.2740476168792156e-11
75,2007,2021,1,14,80,11,0,世田谷区,West,80_世田谷区_11_14,-2.891852091124747e-9,-2.5764501643266158e-11
24,1973,2021,1,48,50,15,0,世田谷区,West,50_世田谷区_15_48,-6.220080450702881e-9,-4.114086848971965e-11
30,1984,2021,1,37,60,12,0,世田谷区,West,60_世田谷区_12_37,-5.376737277629218e-9,-4.938138786769741e-11
48,2008,2021,1,13,65,6,0,世田谷区,West,65_世田谷区_6_13,-4.775138506829535e-9,-4.53796999977385e-11
73,1995,2021,1,26,80,6,0,世田谷区,West,80_世田谷区_6_26,-3.7846206168978824e-9,-3.449529550891839e-11
62,2005,2021,1,16,60,11,0,世田谷区,West,60_世田谷区_11_16,-5.638511879624275e-9,-5.047473550234827e-11
56,2003,2021,1,18,55,2,0,世田谷区,West,55_世田谷区_2_18,-1.000000002364004,-0.5000000000221569
59,2005,2021,1,16,65,11,0,世田谷区,West,65_世田谷区_11_16,-1.5336780734287458e-9,-1.6047163597932013e-11
79,2004,2021,1,17,85,11,0,世田谷区,West,85_世田谷区_11_17,-3.351857458255836e-9,-2.934719134373154e-11
48,1978,2021,1,43,55,2,0,世田谷区,West,55_世田谷区_2_43,-1.5087664451129967e-9,-1.7140289187977942e-11
40,2003,2021,1,18,40,8,0,世田谷区,West,40_世田谷区_8_18,-4.136396114517993e-9,-3.692446348679823e-11
67,2004,2021,1,17,75,11,0,世田谷区,West,75_世田谷区_11_17,-4.47914771939395e-9,-4.156675004196586e-11
66,2012,2021,1,9,75,9,0,世田谷区,West,75_世田谷区_9_9,-3.6527865177049534e-9,-3.2587266218797595e-11
55,2015,2021,1,6,60,13,0,世田谷区,West,60_世田谷区_13_6,-1.046231545842602e-9,-1.3452794433987947e-11
80,2001,2021,1,20,90,11,0,世田谷区,West,90_世田谷区_11_20,-3.905000767190359e-9,-3.4762193124038276e-11
55,2002,2021,1,19,60,9,0,世田谷区,West,60_世田谷区_9_19,-4.176129664301698e-9,-3.798228398466108e-11
55,1978,2021,1,43,80,9,0,世田谷区,West,80_世田谷区_9_43,-4.03451849706471e-9,-3.604405662827048e-11
11,1973,2021,1,48,25,1,0,世田谷区,West,25_世田谷区_1_48,-3.893084965511662e-9,-3.526845482326735e-11
23,1987,2021,1,34,45,3,0,世田谷区,West,45_世田谷区_3_34,-4.661501407099422e-9,-4.3729464493935666e-11
45,2010,2021,1,11,65,4,0,世田谷区,West,65_世田谷区_4_11,-1.9729782252397854e-9,-1.9055201860851412e-11
47,1975,2021,1,46,60,3,0,世田谷区,West,60_世田谷区_3_46,-5.305011541167914e-9,-5.033817807031937e-11
50,1998,2021,1,23,60,3,0,世田谷区,West,60_世田谷区_3_23,-4.930079455789382e-9,-4.760347671606269e-11
60,2003,2021,1,18,70,8,0,世田谷区,West,70_世田谷区_8_18,-3.3361544637955376e-9,-2.923372655061485e-11
44,1979,2021,1,42,65,6,0,世田谷区,West,65_世田谷区_6_42,-4.713086809715605e-9,-4.424816069104054e-11
86,2007,2021,1,14,90,7,0,世田谷区,West,90_世田谷区_7_14,-3.945260118598526e-9,-3.56326079753444e-11
70,2000,2021,1,21,90,10,0,世田谷区,West,90_世田谷区_10_21,-3.7024392440798692e-9,-3.2303493213703405e-11
65,2003,2021,1,18,75,12,0,世田谷区,West,75_世田谷区_12_18,-2.1338735223253025e-9,-2.063949011699151e-11
90,2016,2021,1,5,75,10,0,世田谷区,West,75_世田谷区_10_5,-1.9168595599694527e-9,-1.8598900197730472e-11
70,2003,2021,1,18,80,12,0,世田谷区,West,80_世田谷区_12_18,-3.488992206257535e-9,-3.144751126171741e-11
27,1980,2021,1,41,45,6,0,世田谷区,West,45_世田谷区_6_41,-3.3609417471325287e-9,-2.8762325854359005e-11
27,1983,2021,1,38,45,14,0,世田谷区,West,45_世田谷区_14_38,3.5846881019097054e-11,1.1517453657461374e-11
38,2009,2021,1,12,40,7,0,世田谷区,West,40_世田谷区_7_12,-5.492900356784958e-9,-4.949329834857963e-11
43,1997,2021,1,24,60,13,0,世田谷区,West,60_世田谷区_13_24,-5.869218000498222e-9,-5.182410056647768e-11
45,1999,2021,1,22,55,13,0,世田谷区,West,55_世田谷区_13_22,-5.536193725674821e-9,-5.1521897859174715e-11
52,2000,2021,1,21,70,12,0,世田谷区,West,70_世田谷区_12_21,-1.7924151052284287e-9,-1.8046009131467144e-11
93,2016,2021,1,5,80,10,0,世田谷区,West,80_世田谷区_10_5,-3.1204763217829168e-9,-2.6423752075288576e-11
54,2001,2021,1,20,65,13,0,世田谷区,West,65_世田谷区_13_20,-2.658296693880402e-9,-2.5609514509028486e-11
45,2009,2021,1,12,45,7,0,世田谷区,West,45_世田谷区_7_12,-4.702101819020754e-9,-4.518074803172567e-11
40,1978,2021,1,43,60,10,0,世田谷区,West,60_世田谷区_10_43,-5.855099516338669e-9,-5.1705084658237865e-11
62,2003,2021,1,18,60,9,0,世田谷区,West,60_世田谷区_9_18,-4.500000004137675,-0.5000000000360552
65,2004,2021,1,17,65,12,0,世田谷区,West,65_世田谷区_12_17,-5.834849048369506e-9,-5.198774744030743e-11
17,1987,2021,1,34,25,10,0,世田谷区,West,25_世田谷区_10_34,-4.57437110412684e-9,-4.142952647612219e-11
31,1975,2021,1,46,45,11,0,世田谷区,West,45_世田谷区_11_46,-3.0671998274556245e-10,-4.228395411587371e-12
52,2010,2021,1,11,45,9,0,世田谷区,West,45_世田谷区_9_11,-5.454268148241681e-10,-7.579714633720869e-12
73,2011,2021,1,10,75,13,0,世田谷区,West,75_世田谷区_13_10,-2.179064040319645e-9,-2.1636248348499976e-11
80,2004,2021,1,17,80,11,0,世田谷区,West,80_世田谷区_11_17,-3.3893456929945387e-9,-3.1205482642349125e-11
38,1974,2021,1,47,55,1,0,世田谷区,West,55_世田谷区_1_47,-0.5000000061911294,-0.5000000000473592
83,2006,2021,1,15,80,8,0,世田谷区,West,80_世田谷区_8_15,-4.0087542174660484e-9,-3.520317370941939e-11
58,2004,2021,1,17,60,2,0,世田谷区,West,60_世田谷区_2_17,-1.5138823528104695e-10,-3.276046101063912e-12
98,2015,2023,1,8,85,5,1,世田谷区,West,85_世田谷区_5_8,-3.9783003558113705e-9,-3.583511265503603e-11
77,2006,2023,1,17,80,7,1,世田谷区,West,80_世田谷区_7_17,-3.384172941878205e-9,-2.9825031333530205e-11
80,2006,2023,1,17,85,7,1,世田谷区,West,85_世田谷区_7_17,-3.544627702467551e-9,-3.223266098473232e-11
39,2017,2023,1,6,35,5,1,世田谷区,West,35_世田谷区_5_6,-1.2009380156996485e-9,-1.3435030865593944e-11
65,2016,2023,1,7,60,11,1,世田谷区,West,60_世田谷区_11_7,-2.599833237582061e-9,-2.5390134439362555e-11
88,2015,2023,1,8,70,4,1,世田谷区,West,70_世田谷区_4_8,-1.6333530084011727e-9,-1.7024381904207075e-11
21,2007,2023,1,16,25,5,1,世田谷区,West,25_世田谷区_5_16,-6.386244422174059e-9,-2.651967534461619e-11
40,1993,2023,1,30,50,15,1,世田谷区,West,50_世田谷区_15_30,-1.6019967574720795e-9,-1.6103784972187896e-11
51,1997,2023,1,26,70,9,1,世田谷区,West,70_世田谷区_9_26,-4.608445181020215e-9,-4.193867475521529e-11
47,2003,2023,1,20,45,6,1,世田谷区,West,45_世田谷区_6_20,-3.3331986060147756e-9,-3.0463187528084745e-11
62,1984,2023,1,39,90,7,1,世田谷区,West,90_世田谷区_7_39,-3.5141809462402307e-9,-3.0705882281267805e-11
12,1991,2023,1,32,30,6,1,世田谷区,West,30_世田谷区_6_32,-3.457792274730309e-9,-3.080802279953332e-11
22,2005,2023,1,18,30,7,1,世田谷区,West,30_世田谷区_7_18,-1.140648464570404e-9,-1.4464207609421464e-11
61,1996,2023,1,27,60,15,1,世田谷区,West,60_世田谷区_15_27,-1.902378699014662e-9,-1.8888224317947788e-11
30,2014,2023,1,9,25,3,1,世田谷区,West,25_世田谷区_3_9,-6.411571717990228e-9,-2.90825141746609e-11
60,1989,2023,1,34,85,6,1,世田谷区,West,85_世田谷区_6_34,-3.5430147704573756e-9,-3.161670925067028e-11
80,2007,2023,1,16,80,11,1,世田谷区,West,80_世田谷区_11_16,-3.743451770787942e-9,-3.260924863468517e-11
74,2011,2023,1,12,60,5,1,世田谷区,West,60_世田谷区_5_12,-1.2645102742681047e-9,-1.521738290932717e-11
18,1995,2023,1,28,35,7,1,世田谷区,West,35_世田谷区_7_28,-6.450996181683877e-9,-2.8183677613924374e-11
44,1982,2023,1,41,50,2,1,世田谷区,West,50_世田谷区_2_41,-2.4789983399386983e-9,-2.3310242625029787e-11
68,2009,2023,1,14,85,9,1,世田谷区,West,85_世田谷区_9_14,-3.938026793548488e-9,-3.56406015811217e-11
47,1976,2023,1,47,70,4,1,世田谷区,West,70_世田谷区_4_47,-3.6291680771682877e-9,-3.1874503036988244e-11
58,2009,2023,1,14,85,7,1,世田谷区,West,85_世田谷区_7_14,-3.3459812698310998e-9,-2.9221736141948895e-11
35,2008,2023,1,15,45,7,1,世田谷区,West,45_世田谷区_7_15,-5.967336846879334e-9,-5.240030631625814e-11
30,1996,2023,1,27,40,8,1,世田谷区,West,40_世田谷区_8_27,-5.9379843264650845e-09,-5.246336698405685e-11
23,1978,2023,1,45,50,12,1,世田谷区,West,50_世田谷区_12_45,-8.500000005859057,-5.1597837114059075e-11
75,1982,2023,1,41,80,11,1,世田谷区,West,80_世田谷区_11_41,-3.6150993310002377e-9,-3.205391507776767e-11
80,2005,2023,1,18,65,8,1,世田谷区,West,65_世田谷区_8_18,-5.4839830454511684e-9,-5.0575321708379306e-11
79,2018,2023,1,5,55,2,1,世田谷区,West,55_世田谷区_2_5,-6.312035338851274e-9,-3.45725670314323e-11
65,1982,2023,1,41,60,1,1,世田谷区,West,60_世田谷区_1_41,-9.22000253922306e-10,-9.831468972265611e-12
80,1997,2023,1,26,55,1,1,世田谷区,West,55_世田谷区_1_26,-1.1006022759829648e-9,-1.2933432103068299e-11
43,1987,2023,1,36,80,5,1,世田谷区,West,80_世田谷区_5_36,-4.24682156108247e-9,-3.9255265704696285e-11
46,1998,2023,1,25,55,15,1,世田谷区,West,55_世田谷区_15_25,-3.459739161826292e-9,-2.9286129077377154e-11
69,2015,2023,1,8,75,10,1,世田谷区,West,75_世田谷区_10_8,-4.00000000344113,0.49999999997006106
72,2016,2023,1,7,75,3,1,世田谷区,West,75_世田谷区_3_7,-2.5937652026186697e-9,-2.5394131242251206e-11
39,1976,2023,1,47,55,1,1,世田谷区,West,55_世田谷区_1_47,0.4999999938088706,0.4999999999526408
37,1998,2023,1,25,45,9,1,世田谷区,West,45_世田谷区_9_25,-7.657234846192296e-10,-1.0228262681266642e-11
52,1990,2023,1,33,80,11,1,世田谷区,West,80_世田谷区_11_33,-3.3287150813521293e-9,-2.918709718358059e-11
57,2007,2023,1,16,65,5,1,世田谷区,West,65_世田谷区_5_16,-4.089542926521972e-9,-3.6000535885705176e-11
55,1994,2023,1,29,65,12,1,世田谷区,West,65_世田谷区_12_29,-1.215319400671433e-9,-1.4664047753853993e-11
83,2002,2023,1,21,75,6,1,世田谷区,West,75_世田谷区_6_21,3.9999999947683307,0.4999999999496907
94,2005,2023,1,18,75,7,1,世田谷区,West,75_世田谷区_7_18,-4.259334218659205e-9,-3.929212510911384e-11
74,2004,2023,1,19,65,3,1,世田谷区,West,65_世田谷区_3_19,-5.9070686120321625e-9,-5.22961673965483e-11
99,2016,2023,1,7,70,6,1,世田谷区,West,70_世田谷区_6_7,-4.6675125986439525e-9,-4.37794245300438e-11
67,1994,2023,1,29,80,12,1,世田谷区,West,80_世田谷区_12_29,-2.985217406603624e-9,-2.60673704843839e-11
77,2004,2023,1,19,75,11,1,世田谷区,West,75_世田谷区_11_19,-3.944336413042038e-9,-3.56201734774686e-11
12,1979,2023,1,44,40,2,1,世田谷区,West,40_世田谷区_2_44,-6.2672924627804605e-9,-4.363465144763268e-11
87,2016,2023,1,7,70,7,1,世田谷区,West,70_世田谷区_7_7,-2.6442421585670672e-9,-2.4982238500115272e-11
52,1995,2023,1,28,65,3,1,世田谷区,West,65_世田谷区_3_28,-4.150535914959619e-9,-3.705502571449415e-11
60,1986,2023,1,37,75,5,1,世田谷区,West,75_世田谷区_5_37,-2.2080826056480873e-9,-2.131650411740793e-11
82,2016,2023,1,7,65,7,1,世田谷区,West,65_世田谷区_7_7,-4.358383876024163e-9,-4.033462452923686e-11
57,1996,2023,1,27,55,2,1,世田谷区,West,55_世田谷区_2_27,-3.524718295011553e-10,-5.381695089567984e-12
78,1991,2023,1,32,75,12,1,世田谷区,West,75_世田谷区_12_32,-2.4240165430455818e-9,-2.336375537481672e-11
90,1996,2023,1,27,75,5,1,世田谷区,West,75_世田谷区_5_27,-3.8018583836674225e-9,-3.4778402380197804e-11
64,1991,2023,1,32,60,12,1,世田谷区,West,60_世田谷区_12_32,-3.281741101091029e-9,-2.7999824681046448e-11
120,2010,2023,1,13,70,6,1,世田谷区,West,70_世田谷区_6_13,-1.2491057077568257e-9,-1.493982715317088e-11
34,1978,2023,1,45,55,8,1,世田谷区,West,55_世田谷区_8_45,-1.2261835991012049e-9,-1.3456125103061822e-11
65,2010,2023,1,13,55,6,1,世田谷区,West,55_世田谷区_6_13,-9.705303227747208e-10,-1.0367040559344787e-11
75,1979,2023,1,44,75,3,1,世田谷区,West,75_世田谷区_3_44,-3.3820271028162097e-9,-2.9434898962676925e-11
46,1999,2023,1,24,40,5,1,世田谷区,West,40_世田谷区_5_24,-2.375841745561047e-10,1.6582957229616113e-11
95,2015,2023,1,8,75,5,1,世田谷区,West,75_世田谷区_5_8,-3.4540619253675686e-9,-3.134115189595832e-11
130,2010,2023,1,13,70,8,1,世田谷区,West,70_世田谷区_8_13,-2.3121344838727964e-9,-2.249311847890567e-11
85,1999,2023,1,24,80,5,1,世田谷区,West,80_世田谷区_5_24,-4.500000004414019,-4.097833183891453e-11
120,2005,2023,1,18,75,2,1,世田谷区,West,75_世田谷区_2_18,-1.5408545550599229e-9,-1.5993872892750005e-11
150,2010,2023,1,13,80,7,1,世田谷区,West,80_世田谷区_7_13,55.99999999669548,0.7499999999691509
62,1974,2023,1,49,90,7,1,世田谷区,West,90_世田谷区_7_49,-3.906919232576911e-9,-3.460476349914643e-11
70,2007,2023,1,16,70,6,1,世田谷区,West,70_世田谷区_6_16,-3.766061240639829e-9,-3.259947867206847e-11
54,2017,2023,1,6,75,15,1,世田谷区,West,75_世田谷区_15_6,-2.504187079921394e-9,-2.383782060633166e-11
84,2014,2023,1,9,90,12,1,世田谷区,West,90_世田谷区_12_9,-3.844832008326193e-9,-3.473910048512607e-11
46,2012,2023,1,11,60,15,1,世田谷区,West,60_世田谷区_15_11,-4.5410217808239395e-9,-4.083666738097236e-11
85,2011,2023,1,12,90,8,1,世田谷区,West,90_世田谷区_8_12,10.999999995744204,0.4999999999617457
70,2003,2023,1,20,85,13,1,世田谷区,West,85_世田谷区_13_20,-3.521989810906234e-9,-3.1883828910395096e-11
75,2011,2023,1,12,70,8,1,世田谷区,West,70_世田谷区_8_12,-2.545448296586983e-9,-2.4715340884995385e-11
65,2003,2023,1,20,75,12,1,世田谷区,West,75_世田谷区_12_20,-4.205261916467862e-9,-3.8154146508873055e-11
24,2009,2023,1,14,25,5,1,世田谷区,West,25_世田谷区_5_14,1.4999999974364044,0.49999999997491074
21,1981,2023,1,42,45,2,1,世田谷区,West,45_世田谷区_2_42,-1.7364527593599632e-9,-1.6734835739384835e-11
37,1978,2023,1,45,45,6,1,世田谷区,West,45_世田谷区_6_45,-3.170939066876599e-9,-2.7225111054463014e-11
88,2013,2023,1,10,70,8,1,世田谷区,West,70_世田谷区_8_10,-4.560348543236614e-9,-4.146616383593482e-11
82,2018,2023,1,5,80,6,1,世田谷区,West,80_世田谷区_6_5,0.9999999954440426,-4.142775011928279e-11
80,2018,2023,1,5,80,6,1,世田谷区,West,80_世田谷区_6_5,-1.0000000045559574,-4.142775011928279e-11
77,2018,2023,1,5,75,6,1,世田谷区,West,75_世田谷区_6_5,-3.764498046621156e-9,-3.272826454292499e-11
60,2010,2023,1,13,75,11,1,世田谷区,West,75_世田谷区_11_13,-3.2638709512866626e-9,-2.8314905975435067e-11
80,2018,2023,1,5,70,6,1,世田谷区,West,70_世田谷区_6_5,-3.6396556879481068e-9,-3.218247890401926e-11
82,2018,2023,1,5,75,7,1,世田谷区,West,75_世田谷区_7_5,-2.713733238124405e-9,-2.4720225866303736e-11
54,2004,2023,1,19,70,11,1,世田谷区,West,70_世田谷区_11_19,-16.500000003993264,-3.485323141205754e-11
78,1997,2023,1,26,80,10,1,世田谷区,West,80_世田谷区_10_26,-3.3343212635372765e-9,-3.0855096255777426e-11
69,1992,2023,1,31,80,6,1,世田谷区,West,80_世田谷区_6_31,-4.409955067785631e-9,-4.06215061588e-11
110,2012,2023,1,11,75,9,1,世田谷区,West,75_世田谷区_9_11,-4.365674044493062e-9,-4.0601300099751825e-11
35,1979,2023,1,44,55,8,1,世田谷区,West,55_世田谷区_8_44,-3.2655478321430564e-9,-2.9760194308892096e-11
26,1978,2023,1,45,45,9,1,世田谷区,West,45_世田谷区_9_45,-6.1902198922325624e-9,-4.863087710305081e-11
51,2013,2023,1,10,70,6,1,世田谷区,West,70_世田谷区_6_10,-1.3472885029841564e-9,-1.528532855843423e-11
60,2004,2023,1,19,60,1,1,世田谷区,West,60_世田谷区_1_19,-8.034675147428061e-10,-9.297673742025836e-12
76,2000,2023,1,23,65,5,1,世田谷区,West,65_世田谷区_5_23,-3.757932631742733e-9,-3.342148779950094e-11
60,2007,2023,1,16,70,10,1,世田谷区,West,70_世田谷区_10_16,-4.390017238620203e-9,-4.064659719915653e-11
55,2005,2023,1,18,65,6,1,世田谷区,West,65_世田谷区_6_18,-1.6082282172646956e-9,-1.6821433135305597e-11
79,2005,2023,1,18,85,6,1,世田谷区,West,85_世田谷区_6_18,-3.6151561744190985e-9,-3.2346347822453936e-11
110,2015,2023,1,8,75,2,1,世田谷区,West,75_世田谷区_2_8,-2.9970124160172418e-9,-2.5572877149215856e-11
66,2015,2023,1,8,45,2,1,世田谷区,West,45_世田谷区_2_8,-2.981067837026785e-9,-2.5651702983964242e-11
27,1978,2023,1,45,35,5,1,世田谷区,West,35_世田谷区_5_45,-5.632468713656635e-9,-5.048717000022407e-11
34,1980,2023,1,43,50,4,1,世田谷区,West,50_世田谷区_4_43,-6.351072556753934e-9,-3.3085978401459215e-11
53,2001,2023,1,22,55,10,1,世田谷区,West,55_世田谷区_10_22,-2.682071453818935e-9,-2.4637625273271624e-11
45,2007,2023,1,16,40,9,1,世田谷区,West,40_世田谷区_9_16,-3.508660029183375e-11,3.7410075037769275e-12
55,2004,2023,1,19,50,12,1,世田谷区,West,50_世田谷区_12_19,-4.2133692090828845e-9,-3.8376635203007936e-11
100,2018,2023,1,5,75,11,1,世田谷区,West,75_世田谷区_11_5,-3.369464707247971e-9,-2.967870393888461e-11
47,1985,2023,1,38,45,10,1,世田谷区,West,45_世田谷区_10_38,-5.908482592076325e-9,-5.148992343606551e-11
82,2006,2023,1,17,70,10,1,世田谷区,West,70_世田谷区_10_17,5.499999994584698,0.4999999999495639
110,2000,2023,1,23,90,4,1,世田谷区,West,90_世田谷区_4_23,-3.525215674926585e-9,-3.093569844736521e-11
57,2018,2023,1,5,35,5,1,世田谷区,West,35_世田谷区_5_5,7.999999995526892,0.4999999999580269
85,2012,2023,1,11,60,5,1,世田谷区,West,60_世田谷区_5_11,-5.481751941260882e-9,-5.078426568161376e-11
58,2005,2023,1,18,55,2,1,世田谷区,West,55_世田谷区_2_18,0.9999999976359959,0.49999999997784306
92,2014,2023,1,9,75,10,1,世田谷区,West,75_世田谷区_10_9,-1.903728730212606e-9,-1.8662626999343956e-11
100,2008,2023,1,15,70,11,1,世田谷区,West,70_世田谷区_11_15,-8.403162610193249e-10,-9.703349235223868e-12
27,2003,2023,1,20,25,8,1,世田谷区,West,25_世田谷区_8_20,-5.931255486757436e-9,-5.198907970793698e-11
130,2008,2023,1,15,70,10,1,世田谷区,West,70_世田谷区_10_15,-4.839478151552612e-9,-4.66375826846388e-11
36,1979,2023,1,44,35,3,1,世田谷区,West,35_世田谷区_3_44,-5.138439007623674e-9,-4.962363853167062e-11
77,2015,2023,1,8,75,15,1,世田谷区,West,75_世田谷区_15_8,-1.5575807310597156e-9,-1.6233459021464114e-11
77,2007,2023,1,16,60,6,1,世田谷区,West,60_世田谷区_6_16,-3.6113618762101396e-9,-3.161049200173238e-11
29,1978,2023,1,45,55,3,1,世田谷区,West,55_世田谷区_3_45,-5.687184057023842e-10,2.191535841689074e-11
24,1985,2023,1,38,40,13,1,世田谷区,West,40_世田谷区_13_38,-3.214857713373931e-9,-2.7672086844177102e-11
36,1974,2023,1,49,50,10,1,世田谷区,West,50_世田谷区_10_49,-9.736567108120653e-10,2.7823299220131048e-11
63,1991,2023,1,32,85,13,1,世田谷区,West,85_世田谷区_13_32,-3.270400839028298e-9,-2.977751378807625e-11
40,2007,2023,1,16,45,6,1,世田谷区,West,45_世田谷区_6_16,-4.270269471362553e-9,-3.9172221022454323e-11
83,2006,2023,1,17,75,9,1,世田谷区,West,75_世田谷区_9_17,-2.598838477751997e-9,-2.5236701617359358e-11
74,2007,2023,1,16,80,6,1,世田谷区,West,80_世田谷区_6_16,-3.385991931281751e-9,-3.122768710284163e-11
87,2002,2023,1,21,80,11,1,世田谷区,West,80_世田谷区_11_21,-3.996717623522272e-9,-3.6135983094709445e-11
77,2007,2023,1,16,60,6,1,世田谷区,West,60_世田谷区_6_16,-3.6113618762101396e-9,-3.161049200173238e-11
95,2005,2023,1,18,85,13,1,世田谷区,West,85_世田谷区_13_18,-3.48299522556772e-9,-3.114886126809324e-11
69,1999,2023,1,24,75,4,1,世田谷区,West,75_世田谷区_4_24,-2.4916175789257977e-9,-2.4125812458919427e-11
46,1983,2023,1,40,60,11,1,世田谷区,West,60_世田谷区_11_40,-5.183551365917083e-10,-6.550981979103199e-12
68,2005,2023,1,18,70,14,1,世田谷区,West,70_世田谷区_14_18,-4.5065462472848594e-9,-4.158606792259434e-11
90,1999,2023,1,24,90,4,1,世田谷区,West,90_世田谷区_4_24,-3.87834120374464e-9,-3.519251556838299e-11
69,2009,2023,1,14,70,8,1,世田谷区,West,70_世田谷区_8_14,-2.3457005227101035e-9,-2.2706725388843552e-11
52,1979,2023,1,44,85,9,1,世田谷区,West,85_世田谷区_9_44,-3.6391583080330747e-9,-3.257061287342822e-11
100,2005,2023,1,18,90,7,1,世田谷区,West,90_世田谷区_7_18,-3.872827392115141e-9,-3.449884822259719e-11
75,2015,2023,1,8,60,5,1,世田谷区,West,60_世田谷区_5_8,-5.891251930734143e-9,-5.196421071218538e-11
58,1978,2023,1,45,70,8,1,世田谷区,West,70_世田谷区_8_45,-4.113118734494492e-9,-3.715427965289564e-11
85,2005,2023,1,18,75,10,1,世田谷区,West,75_世田谷区_10_18,-4.166011535744474e-9,-3.711764229308301e-11
68,2004,2023,1,19,60,3,1,世田谷区,West,60_世田谷区_3_19,-4.665338337872527e-9,-4.378519768977185e-11
61,2001,2023,1,22,65,7,1,世田谷区,West,65_世田谷区_7_22,-3.786396973737283e-9,-3.451861019243552e-11
80,2000,2023,1,23,80,6,1,世田谷区,West,80_世田谷区_6_23,-3.312550234113587e-9,-2.8596014445270157e-11
18,1979,2023,1,44,40,7,1,世田谷区,West,40_世田谷区_7_44,-6.5308540797559544e-9,-1.5980550216454503e-11
72,1976,2023,1,47,85,6,1,世田谷区,West,85_世田谷区_6_47,-3.821782001978136e-9,-3.473021870092907e-11
87,2004,2023,1,19,70,11,1,世田谷区,West,70_世田谷区_11_19,16.499999996006736,-3.485323141205754e-11
85,2012,2023,1,11,55,7,1,世田谷区,West,55_世田谷区_7_11,-3.784464297496015e-9,-3.341549259516796e-11
40,1978,2023,1,45,50,12,1,世田谷区,West,50_世田谷区_12_45,8.499999994140943,-5.1597837114059075e-11
110,2012,2023,1,11,75,8,1,世田谷区,West,75_世田谷区_8_11,23.499999996994177,0.49999999997442135
54,2013,2023,1,10,60,9,1,世田谷区,West,60_世田谷区_9_10,-8.15987277746899e-11,3.4128255776977312e-12
74,2002,2023,1,21,80,5,1,世田谷区,West,80_世田谷区_5_21,-2.987462721648626e-9,-2.574118695974903e-11
72,2015,2023,1,8,75,13,1,世田谷区,West,75_世田谷区_13_8,6.999999997887301,0.49999999997933386
88,2017,2023,1,6,90,15,1,世田谷区,West,90_世田谷区_15_6,-3.5235387940701912e-9,-3.063416187387702e-11
51,2005,2023,1,18,65,10,1,世田谷区,West,65_世田谷区_10_18,-2.2170922875375254e-9,-2.1688428830657358e-11
72,2010,2023,1,13,70,12,1,世田谷区,West,70_世田谷区_12_13,-3.0881039947416866e-9,-2.6602497982253226e-11
70,2016,2023,1,7,75,14,1,世田谷区,West,75_世田谷区_14_7,-3.5575169476942392e-09,-3.222044853146144e-11
36,1976,2023,1,47,50,10,1,世田谷区,West,50_世田谷区_10_47,-4.9893955633706355e-9,-4.8095527560576556e-11
67,2015,2023,1,8,70,14,1,世田谷区,West,70_世田谷区_14_8,-1.8991954675584566e-9,-1.8658186107245456e-11
45,1994,2023,1,29,75,10,1,世田谷区,West,75_世田谷区_10_29,-3.7000660313424305e-9,-3.229172484964238e-11
87,2007,2023,1,16,80,12,1,世田谷区,West,80_世田谷区_12_16,-2.6666953090170864e-9,-2.4935609133081016e-11
83,2007,2023,1,16,90,12,1,世田谷区,West,90_世田谷区_12_16,-3.5780232110482757e-9,-3.1535662969872646e-11
60,1992,2023,1,31,90,14,1,世田谷区,West,90_世田谷区_14_31,-3.850253449400043e-9,-3.479949661766568e-11
50,1983,2023,1,40,45,1,1,世田谷区,West,45_世田谷区_1_40,-5.57271562229289e-10,-6.6207039850496585e-12
55,2005,2023,1,18,55,13,1,世田谷区,West,55_世田谷区_13_18,-3.3296601031906903e-9,-2.8107738359040013e-11
71,2005,2023,1,18,60,9,1,世田谷区,West,60_世田谷区_9_18,4.499999995862325,0.49999999996394484
50,1983,2023,1,40,50,6,1,世田谷区,West,50_世田谷区_6_40,-1.5905499139989843e-9,-1.7152723685853744e-11
58,1978,2023,1,45,50,2,1,世田谷区,West,50_世田谷区_2_45,-3.0048141752558877e-9,-2.5449642393482463e-11
31,1981,2023,1,42,60,1,1,世田谷区,West,60_世田谷区_1_42,-3.6688447835331317e-9,-3.2629676738338276e-11
40,2010,2023,1,13,40,8,1,世田谷区,West,40_世田谷区_8_13,-6.626223125749675e-9,-1.5127898933542383e-11
79,2002,2023,1,21,75,10,1,世田谷区,West,75_世田谷区_10_21,-4.9425068482378265e-9,-4.673550435541074e-11
80,2008,2023,1,15,75,12,1,世田谷区,West,75_世田谷区_12_15,-2.6610109671310056e-9,-2.5156987604191272e-11
83,2000,2023,1,23,75,9,1,世田谷区,West,75_世田谷区_9_23,-4.453553970051871e-9,-4.069389270000556e-11
71,2000,2023,1,23,70,9,1,世田谷区,West,70_世田谷区_9_23,-4.069391934535815e-9,-3.579425644772982e-11
71,2017,2023,1,6,55,4,1,世田谷区,West,55_世田谷区_4_6,-8.094502845779061e-10,-1.0017542351192787e-11
59,1994,2023,1,29,70,5,1,世田谷区,West,70_世田谷区_5_29,-2.3470931864721933e-9,-2.2724488957237554e-11
65,2003,2023,1,20,70,8,1,世田谷区,West,70_世田谷区_8_20,-3.3643061669863528e-9,-2.959232858756877e-11
39,1987,2023,1,36,45,3,1,世田谷区,West,45_世田谷区_3_36,2.999999997770473,-2.194666670618517e-11
33,1987,2023,1,36,45,3,1,世田谷区,West,45_世田谷区_3_36,-3.000000002229527,-2.194666670618517e-11
42,1999,2023,1,24,45,4,1,世田谷区,West,45_世田谷区_4_24,-2.015099198615644e-10,2.19779749954796e-12
94,1999,2023,1,24,80,5,1,世田谷区,West,80_世田谷区_5_24,4.499999995585981,-4.097833183891453e-11
80,2002,2023,1,21,80,3,1,世田谷区,West,80_世田谷区_3_21,-3.575934215405141e-9,-3.143374449621206e-11
110,2007,2023,1,16,85,4,1,世田谷区,West,85_世田谷区_4_16,-3.2979414754663594e-9,-2.8542945784693075e-11
95,2010,2023,1,13,80,9,1,世田谷区,West,80_世田谷区_9_13,-4.56006432614231e-9,-4.165889855300975e-11
83,2000,2023,1,23,85,10,1,世田谷区,West,85_世田谷区_10_23,-3.244011281822168e-9,-3.004885229529464e-11
120,2016,2023,1,7,90,10,1,世田谷区,West,90_世田谷区_10_7,-3.4668516946112504e-9,-3.0435431952469116e-11
100,2016,2023,1,7,85,10,1,世田谷区,West,85_世田谷区_10_7,-3.5429081890470115e-9,-3.187250463554392e-11
64,2012,2023,1,11,85,11,1,世田谷区,West,85_世田谷区_11_11,-3.6211389442541986e-9,-3.168731943503644e-11
31,1980,2023,1,43,45,6,1,世田谷区,West,45_世田谷区_6_43,-4.418453158905322e-9,-4.055067392982892e-11
85,2011,2023,1,12,70,7,1,世田谷区,West,70_世田谷区_7_12,-2.199044502049219e-9,-2.1680879314089907e-11
61,1981,2023,1,42,70,10,1,世田谷区,West,70_世田谷区_10_42,-4.225739758112468e-9,-3.8590242112945816e-11
32,1985,2023,1,38,40,5,1,世田谷区,West,40_世田谷区_5_38,-5.094435095998051e-9,-4.977973588893292e-11
97,2016,2023,1,7,80,10,1,世田谷区,West,80_世田谷区_10_7,-3.32823901771917e-9,-2.8952618080779757e-11
45,1974,2023,1,49,60,10,1,世田谷区,West,60_世田谷区_10_49,-4.582261681207456e-9,-4.107914008955049e-11
80,1997,2023,1,26,75,9,1,世田谷区,West,75_世田谷区_9_26,-3.4924596548080444e-9,-3.143951765594011e-11
75,2002,2023,1,21,75,8,1,世田谷区,West,75_世田谷区_8_21,-2.674340748853865e-9,-2.5289104144121666e-11
41,2009,2023,1,14,40,7,1,世田谷区,West,40_世田谷区_7_14,-5.389388491039426e-9,-4.9158677128957606e-11
60,2004,2023,1,19,55,12,1,世田谷区,West,55_世田谷区_12_19,-2.168555113257753e-9,-2.0949908474676704e-11
53,2003,2023,1,20,60,9,1,世田谷区,West,60_世田谷区_9_20,-1.2577814345604565e-9,-1.5111245588173006e-11
38,1981,2023,1,42,45,9,1,世田谷区,West,45_世田谷区_9_42,-3.4438585316820536e-10,1.8908874466205816e-11
34,2004,2023,1,19,35,10,1,世田谷区,West,35_世田谷区_10_19,0.49999999617133284,-3.328470832286712e-11
33,2004,2023,1,19,35,10,1,世田谷区,West,35_世田谷区_10_19,-0.5000000038286672,-3.328470832286712e-11
40,1983,2023,1,40,45,7,1,世田谷区,West,45_世田谷区_7_40,-1.074688782409794e-9,-1.3995915537634573e-11
27,2003,2021,1,18,25,1,0,CBD,CBD,25_CBD_1_18,2.3333333270698944,-1.7467138846427588e-11
47,2009,2021,1,12,50,6,0,CBD,CBD,50_CBD_6_12,-5.000000005863583,-5.199707331371428e-11
38,2009,2021,1,12,40,6,0,CBD,CBD,40_CBD_6_12,-1.0000000019460487,-1.8803847368076276e-11
27,1971,2021,1,50,40,6,0,CBD,CBD,40_CBD_6_50,-4.0000000044869,-0.5000000000401239
110,1997,2021,1,24,80,6,0,CBD,CBD,80_CBD_6_24,-5.000000004236341,-0.5000000000389744
40,2009,2021,1,12,40,6,0,CBD,CBD,40_CBD_6_12,0.9999999980539513,-1.8803847368076276e-11
77,1984,2021,1,37,65,7,0,CBD,CBD,65_CBD_7_37,-3.368541001691483e-9,-2.9637847731578404e-11
68,1971,2021,1,50,60,8,0,CBD,CBD,60_CBD_8_50,-1.7474945934736752e-9,-1.763411638933121e-11
70,2002,2021,1,19,45,9,0,CBD,CBD,45_CBD_9_19,-8.634373216409585e-10,-9.060086014756052e-12
50,2004,2021,1,17,35,8,0,CBD,CBD,35_CBD_8_17,-6.112095718435739e-9,-5.069811237490285e-11
100,2000,2021,1,21,60,1,0,CBD,CBD,60_CBD_1_21,-2.9571793902505306e-9,-2.5498714251170895e-11
20,1981,2021,1,40,25,6,0,CBD,CBD,25_CBD_6_40,-4.5010608573647914e-9,-4.27433644034636e-11
40,1973,2021,1,48,45,2,0,CBD,CBD,45_CBD_2_48,-5.494200649991399e-9,-5.065259323089322e-11
38,1975,2021,1,46,50,4,0,CBD,CBD,50_CBD_4_46,-3.802767878369195e-9,-3.4612090971108955e-11
20,2003,2021,1,18,25,1,0,CBD,CBD,25_CBD_1_18,-4.666666672930106,-1.7467138846427588e-11
62,2013,2021,1,8,70,11,0,CBD,CBD,70_CBD_11_8,-5.0848285582105746e-9,-5.022382509878298e-11
57,1986,2021,1,35,65,6,0,CBD,CBD,65_CBD_6_35,-2.6321771429138607e-9,-2.5130564296205193e-11
60,2013,2021,1,8,75,11,0,CBD,CBD,75_CBD_11_8,-8.500000002975781,-2.506550522696216e-11
140,2015,2021,1,6,75,5,0,CBD,CBD,75_CBD_5_6,15.14285713785577,-0.14285714290540774
68,2013,2021,1,8,60,12,0,CBD,CBD,60_CBD_12_8,-2.63247557086288e-9,-2.5382584922795104e-11
76,2013,2021,1,8,65,12,0,CBD,CBD,65_CBD_12_8,3.499999995899799,-0.5000000000359872
70,2008,2021,1,13,55,11,0,CBD,CBD,55_CBD_11_13,-4.5402543946693186e-9,-4.1548320339757083e-11
110,2013,2021,1,8,70,9,0,CBD,CBD,70_CBD_9_8,5.249999995510265,-0.7500000000424936
40,1979,2021,1,42,50,3,0,CBD,CBD,50_CBD_3_42,-1.218879219777591e-9,-1.4344969656576723e-11
25,1971,2021,1,50,40,1,0,CBD,CBD,40_CBD_1_50,-8.180265353985305e-10,-9.445111359696057e-12
64,1980,2021,1,41,80,1,0,CBD,CBD,80_CBD_1_41,-4.115861429454526e-9,-3.68833852348871e-11
18,1983,2021,1,38,25,10,0,CBD,CBD,25_CBD_10_38,-5.987246254335332e-10,-8.324230194034499e-12
62,1999,2021,1,22,60,8,0,CBD,CBD,60_CBD_8_22,4.499999994181287,-5.129652258517581e-11
36,1999,2021,1,22,35,9,0,CBD,CBD,35_CBD_9_22,-5.793481250293553e-10,-6.994849144348336e-12
24,1971,2021,1,50,45,2,0,CBD,CBD,45_CBD_2_50,-5.456779916812593e-9,-5.0106585547382565e-11
71,1997,2021,1,24,75,6,0,CBD,CBD,75_CBD_6_24,-2.3386093062072177e-9,-2.2357227180691552e-11
91,2014,2021,1,7,65,10,0,CBD,CBD,65_CBD_10_7,13.33333332869097,-4.445777079808977e-11
130,2015,2021,1,6,70,7,0,CBD,CBD,70_CBD_7_6,9.999999994923058,-5.00119945456845e-11
150,2011,2021,1,10,75,8,0,CBD,CBD,75_CBD_8_10,-3.3864466786326375e-9,-3.1236346842433704e-11
38,2010,2021,1,11,35,7,0,CBD,CBD,35_CBD_7_11,-1.6182326589841978e-9,-1.627031842588167e-11
150,2016,2021,1,5,75,1,0,CBD,CBD,75_CBD_1_5,-2.174374458263628e-9,-2.1398882665835117e-11
72,2016,2021,1,5,40,1,0,CBD,CBD,40_CBD_1_5,-3.0218814117688453e-9,-2.5856206065100196e-11
75,1998,2021,1,23,60,2,0,CBD,CBD,60_CBD_2_23,-2.5000000043169592,-0.5000000000403233
67,1972,2021,1,49,65,5,0,CBD,CBD,65_CBD_5_49,-1.8204531215815223e-9,-1.8037793481084918e-11
73,2015,2021,1,6,65,12,0,CBD,CBD,65_CBD_12_6,-4.5097152678863495e-9,-4.270939157891007e-11
74,2000,2021,1,21,70,10,0,CBD,CBD,70_CBD_10_21,-4.008370524388738e-9,-3.615552301994285e-11
64,2000,2021,1,21,60,10,0,CBD,CBD,60_CBD_10_21,-1.6896279930733726e-9,-1.6965984173111792e-11
28,2000,2021,1,21,35,3,0,CBD,CBD,35_CBD_3_21,-4.564899569459158e-9,-4.246336615665314e-11
69,2013,2021,1,8,60,6,0,CBD,CBD,60_CBD_6_8,-18.750000003024837,-0.25000000002604095
50,2006,2021,1,15,60,3,0,CBD,CBD,60_CBD_3_15,-12.000000004553677,-0.5000000000415263
24,1992,2021,1,29,30,5,0,CBD,CBD,30_CBD_5_29,-3.3165150625791284e-9,-3.058397979316396e-11
19,1976,2021,1,45,25,7,0,CBD,CBD,25_CBD_7_45,-4.405141140750857e-9,-4.0625947050898503e-11
38,2005,2021,1,16,30,4,0,CBD,CBD,30_CBD_4_16,2.9999999998922036,-0.5000000000020595
35,2011,2021,1,10,35,4,0,CBD,CBD,35_CBD_4_10,-5.500000000098325,-0.49999999999615397
69,2002,2021,1,19,70,5,0,CBD,CBD,70_CBD_5_19,-1.0000000039766235,-0.33333333336809634
31,2000,2021,1,21,30,5,0,CBD,CBD,30_CBD_5_21,2.0765611452588928e-10,8.779643678735738e-12
42,1978,2021,1,43,65,4,0,CBD,CBD,65_CBD_4_43,-13.000000004936496,-0.500000000046688
60,2003,2021,1,18,55,3,0,CBD,CBD,55_CBD_3_18,-2.5094664124480914e-9,-2.4416468846766293e-11
25,1973,2021,1,48,30,5,0,CBD,CBD,30_CBD_5_48,-5.517865275805889e-9,-5.030420524576584e-11
35,1983,2021,1,38,40,4,0,CBD,CBD,40_CBD_4_38,-6.170438382469001e-9,-4.1028958008837435e-11
67,1978,2021,1,43,70,4,0,CBD,CBD,70_CBD_4_43,-5.8386149248690344e-9,-5.1602278006157576e-11
55,2003,2021,1,18,45,3,0,CBD,CBD,45_CBD_3_18,-5.500000003383008,-0.5000000000292102
80,2016,2021,1,5,55,10,0,CBD,CBD,55_CBD_10_5,-6.072681912883127e-9,-4.920575058520171e-11
25,1997,2021,1,24,25,2,0,CBD,CBD,25_CBD_2_24,-5.85394133167938e-9,-5.178213413614685e-11
85,2003,2021,1,18,60,6,0,CBD,CBD,60_CBD_6_18,16.999999994525183,-5.03384001149243e-11
75,2016,2021,1,5,55,10,0,CBD,CBD,55_CBD_10_5,-5.000000006072682,-4.920575058520171e-11
62,2004,2021,1,17,55,8,0,CBD,CBD,55_CBD_8_17,-0.4999999998855458,-0.49999999998744826
85,2016,2021,1,5,55,10,0,CBD,CBD,55_CBD_10_5,4.999999993927318,-4.920575058520171e-11
86,1998,2021,1,23,70,8,0,CBD,CBD,70_CBD_8_23,-4.504485673351155e-9,-4.034950151776684e-11
140,2000,2021,1,21,85,6,0,CBD,CBD,85_CBD_6_21,-3.720629138115328e-9,-3.270961279611129e-11
110,2000,2021,1,21,75,5,0,CBD,CBD,75_CBD_5_21,-1.4004086779095815e-9,-1.6254553258931992e-11
44,2001,2021,1,20,45,8,0,CBD,CBD,45_CBD_8_20,-1.0692531304812292e-9,-1.3161916001536156e-11
46,2002,2021,1,19,40,7,0,CBD,CBD,40_CBD_7_19,-7.500000003416886,-0.5000000000303335
59,2009,2021,1,12,45,9,0,CBD,CBD,45_CBD_9_12,-2.723155034800584e-10,-4.6067594183796245e-12
17,1984,2021,1,37,35,1,0,CBD,CBD,35_CBD_1_37,-6.368452432070626e-10,-7.579714633720869e-12
45,1984,2021,1,37,50,6,0,CBD,CBD,50_CBD_6_37,-1.283524397877045e-10,2.701172618913006e-12
23,1974,2021,1,47,25,5,0,CBD,CBD,25_CBD_5_47,-3.5004674714400608e-9,-3.1339597583723844e-11
120,2000,2021,1,21,75,7,0,CBD,CBD,75_CBD_7_21,-3.112475610578258e-9,-2.6406432596104423e-11
97,2003,2021,1,18,50,8,0,CBD,CBD,50_CBD_8_18,-3.6601193187379977e-9,-3.258349146051387e-11
150,2001,2021,1,20,85,4,0,CBD,CBD,85_CBD_4_20,-3.551463123585563e-9,-3.165490092271739e-11
24,1980,2021,1,41,30,4,0,CBD,CBD,30_CBD_4_41,3.6666666658465417,-9.5732310967378e-12
66,1974,2021,1,47,85,4,0,CBD,CBD,85_CBD_4_47,-3.953573468606919e-9,-3.5968783507200897e-11
60,2014,2021,1,7,45,1,0,CBD,CBD,45_CBD_1_7,-2.7466313667900977e-9,-2.49895659720778e-11
38,1971,2021,1,50,40,4,0,CBD,CBD,40_CBD_4_50,-1.3597016845778853e-9,3.195199660410708e-11
50,2004,2021,1,17,40,4,0,CBD,CBD,40_CBD_4_17,8.49999999738948,-2.5193180874794052e-11
93,2002,2021,1,19,65,8,0,CBD,CBD,65_CBD_8_19,-2.530612164264312e-9,-2.4519941632661357e-11
54,2004,2021,1,17,70,6,0,CBD,CBD,70_CBD_6_17,-23.000000002737806,-2.4949819987796218e-11
37,1999,2021,1,22,40,5,0,CBD,CBD,40_CBD_5_22,-6.500000004238196,-0.5000000000383733
93,2005,2021,1,16,90,8,0,CBD,CBD,90_CBD_8_16,-8.00000000331589,-0.33333333336317583
56,2013,2021,1,8,55,7,0,CBD,CBD,55_CBD_7_8,-12.750000003349726,-0.5000000000287346
47,1978,2021,1,43,55,1,0,CBD,CBD,55_CBD_1_43,3.9999999983941734,-1.7067236512957606e-11
80,1996,2021,1,25,85,6,0,CBD,CBD,85_CBD_6_25,-3.5112464047415415e-9,-3.20781179397045e-11
39,1978,2021,1,43,55,1,0,CBD,CBD,55_CBD_1_43,-4.000000001605827,-1.7067236512957606e-11
75,2006,2021,1,15,65,6,0,CBD,CBD,65_CBD_6_15,-1.0101643965754192e-9,-1.297983942549763e-11
70,1983,2023,1,40,60,7,1,CBD,CBD,60_CBD_7_40,-7.853486749809235e-10,-9.311440507531188e-12
130,2015,2023,1,8,70,9,1,CBD,CBD,70_CBD_9_8,25.249999995510265,0.24999999995750644
170,1999,2023,1,24,80,8,1,CBD,CBD,80_CBD_8_24,-4.098296813026536e-9,-3.766276179817396e-11
48,1981,2023,1,42,35,5,1,CBD,CBD,35_CBD_5_42,-2.7925253220928425e-9,-2.5083490839961087e-11
27,1985,2023,1,38,30,4,1,CBD,CBD,30_CBD_4_38,-1.6988330742151447e-9,-1.7241985617033606e-11
78,1998,2023,1,25,55,4,1,CBD,CBD,55_CBD_4_25,-3.635094003584527e-9,-3.162536899026236e-11
20,1981,2023,1,42,25,6,1,CBD,CBD,25_CBD_6_42,1.0000000000178524,1.3083312211392695e-11
35,1975,2023,1,48,50,4,1,CBD,CBD,50_CBD_4_48,-5.892417220820789e-9,-5.162892335874858e-11
53,2018,2023,1,5,45,10,1,CBD,CBD,45_CBD_10_5,-3.7187675161476363e-9,-3.295919093204702e-11
35,2004,2023,1,19,35,4,1,CBD,CBD,35_CBD_4_19,-4.137859832553659e-9,-3.6513236878477073e-11
15,1975,2023,1,48,30,1,1,CBD,CBD,30_CBD_1_48,-4.9793129619502e-9,-4.7863712993034824e-11
38,2004,2023,1,19,40,4,1,CBD,CBD,40_CBD_4_19,-5.5000000000948575,3.4841018958786663e-12
81,2018,2023,1,5,60,9,1,CBD,CBD,60_CBD_9_5,-1.459397935832385e-9,-1.6644241540575422e-11
33,1974,2023,1,49,55,4,1,CBD,CBD,55_CBD_4_49,-4.831122168980073e-10,-6.140421504596816e-12
94,2018,2023,1,5,70,9,1,CBD,CBD,70_CBD_9_5,-5.091067123430548e-9,-4.90920637474801e-11
31,1978,2023,1,45,40,5,1,CBD,CBD,40_CBD_5_45,-4.333333339337912,-4.988431889785261e-11
23,1978,2023,1,45,50,4,1,CBD,CBD,50_CBD_4_45,-3.755886268663744e-9,-3.2487568191186256e-11
16,1976,2023,1,47,30,4,1,CBD,CBD,30_CBD_4_47,-6.155531195872754e-9,-4.273670306531585e-11
48,1982,2023,1,41,50,3,1,CBD,CBD,50_CBD_3_41,-3.500000004311744,-4.0099923381831104e-11
73,2013,2023,1,10,60,12,1,CBD,CBD,60_CBD_12_10,-1.2268515092728194e-9,-1.4621637234313312e-11
38,1984,2023,1,39,45,9,1,CBD,CBD,45_CBD_9_39,-6.585452183571761e-10,-8.732348177886706e-12
140,2014,2023,1,9,85,14,1,CBD,CBD,85_CBD_14_9,-3.614189836298465e-9,-3.2023717011497865e-11
130,2014,2023,1,9,80,14,1,CBD,CBD,80_CBD_14_9,-3.79748144041514e-9,-3.45619088903959e-11
85,1977,2023,1,46,75,5,1,CBD,CBD,75_CBD_5_46,-2.3139818949857727e-9,-2.220845729539178e-11
88,2004,2023,1,19,60,7,1,CBD,CBD,60_CBD_7_19,-1.4773888779018307e-9,-1.6816992243207096e-11
120,2013,2023,1,10,85,4,1,CBD,CBD,85_CBD_4_10,-3.6141187820248888e-9,-3.228417533307493e-11
31,2004,2023,1,19,25,7,1,CBD,CBD,25_CBD_7_19,3.999999996426723,0.4999999999682059
120,2000,2023,1,23,65,4,1,CBD,CBD,65_CBD_4_23,-1.0941931805064087e-9,-1.3513634655737405e-11
40,1979,2023,1,44,45,3,1,CBD,CBD,45_CBD_3_44,-1.2397549653542228e-10,2.6487700921506985e-12
25,1999,2023,1,24,25,8,1,CBD,CBD,25_CBD_8_24,-6.357254278555047e-9,-3.2981395392539525e-11
35,1973,2023,1,50,40,6,1,CBD,CBD,40_CBD_6_50,3.9999999955131003,0.4999999999598761
95,1980,2023,1,43,75,6,1,CBD,CBD,75_CBD_6_43,-1.9932997474825243e-9,-1.9689139207912376e-11
190,2003,2023,1,20,90,8,1,CBD,CBD,90_CBD_8_20,-3.613649823819287e-9,-3.202660359136189e-11
140,2013,2023,1,10,70,4,1,CBD,CBD,70_CBD_4_10,-2.3402719762088964e-9,-2.261923981450309e-11
43,2010,2023,1,13,35,7,1,CBD,CBD,35_CBD_7_13,-6.337572244774492e-9,-2.723377079405509e-11
57,1978,2023,1,45,60,6,1,CBD,CBD,60_CBD_6_45,-2.1852173404113273e-9,-2.0998092153945436e-11
44,1982,2023,1,41,45,4,1,CBD,CBD,45_CBD_4_41,-2.5549269366820226e-9,-2.454259018236371e-11
58,1986,2023,1,37,45,3,1,CBD,CBD,45_CBD_3_37,-1.2343690514171612e-9,-1.4266587911038187e-11
78,2003,2023,1,20,60,5,1,CBD,CBD,60_CBD_5_20,-6.079943659642595e-9,-5.165112781924108e-11
49,1985,2023,1,38,45,5,1,CBD,CBD,45_CBD_5_38,-0.5000000040968828,-3.668865211636785e-11
93,2018,2023,1,5,60,5,1,CBD,CBD,60_CBD_5_5,-2.6666666699448456,-2.8472335600326915e-11
52,2015,2023,1,8,35,4,1,CBD,CBD,35_CBD_4_8,-6.361659643516759e-9,-3.454392327739697e-11
94,2018,2023,1,5,60,5,1,CBD,CBD,60_CBD_5_5,-1.6666666699448456,-2.8472335600326915e-11
50,1980,2023,1,43,45,3,1,CBD,CBD,45_CBD_3_43,10.999999993761222,0.49999999995957767
50,1999,2023,1,24,40,4,1,CBD,CBD,40_CBD_4_24,0.49999999888580504,0.49999999998589373
57,2016,2023,1,7,60,8,1,CBD,CBD,60_CBD_8_7,-6.00000000143735,0.33333333331734005
80,1998,2023,1,25,75,3,1,CBD,CBD,75_CBD_3_25,-2.65676192157116e-9,-2.5677016068925695e-11
62,2016,2023,1,7,60,8,1,CBD,CBD,60_CBD_8_7,-1.0000000014373498,0.33333333331734005
23,1980,2023,1,43,30,5,1,CBD,CBD,30_CBD_5_43,-6.2663474409418995e-9,-4.316302870677191e-11
17,1976,2023,1,47,25,8,1,CBD,CBD,25_CBD_8_47,-6.379828221270145e-9,-2.2305268743139095e-11
88,2014,2023,1,9,55,7,1,CBD,CBD,55_CBD_7_9,-5.343309794625384e-9,-4.9899639975592436e-11
70,2000,2023,1,23,60,5,1,CBD,CBD,60_CBD_5_23,-3.8006646718713455e-9,-3.35018679464838e-11
49,2005,2023,1,18,40,6,1,CBD,CBD,40_CBD_6_18,-8.191420874936739e-10,2.460343040411317e-11
18,1976,2023,1,47,25,7,1,CBD,CBD,25_CBD_7_47,-4.415984022898556e-9,-4.125877417493484e-11
25,2005,2023,1,18,25,3,1,CBD,CBD,25_CBD_3_18,1.3333333270633219,0.33333333331240445
69,2014,2023,1,9,45,7,1,CBD,CBD,45_CBD_7_9,-15.50000000471897,-4.453237778534458e-11
85,2000,2023,1,23,65,5,1,CBD,CBD,65_CBD_5_23,6.666666661024237,0.3333333332819648
48,1980,2023,1,43,70,5,1,CBD,CBD,70_CBD_5_43,-1.1798420018749312e-9,-1.3020695632803836e-11
50,1978,2023,1,45,50,5,1,CBD,CBD,50_CBD_5_45,-9.351452945338679e-11,3.909761403519951e-12
50,1985,2023,1,38,45,5,1,CBD,CBD,45_CBD_5_38,0.49999999590311717,-3.668865211636785e-11
83,1999,2023,1,24,65,10,1,CBD,CBD,65_CBD_10_24,12.999999994688295,0.49999999994953725
35,1973,2023,1,50,45,5,1,CBD,CBD,45_CBD_5_50,-2.151367084479716e-9,-2.09170458731478e-11
41,1981,2023,1,42,45,2,1,CBD,CBD,45_CBD_2_42,-1.135163074650336e-9,-1.3142376076302753e-11
150,1983,2023,1,40,75,5,1,CBD,CBD,75_CBD_5_40,-2.5817143978201784e-9,-2.5120794333588492e-11
37,1982,2023,1,41,30,2,1,CBD,CBD,30_CBD_2_41,-7.751381758680509e-10,2.3532953363769593e-11
76,2002,2023,1,21,60,9,1,CBD,CBD,60_CBD_9_21,-2.7396680479796487e-9,-2.589661818319655e-11
99,2000,2023,1,23,50,6,1,CBD,CBD,50_CBD_6_23,-4.125496388951433e-9,-3.650479918348992e-11
110,2012,2023,1,11,70,6,1,CBD,CBD,70_CBD_6_11,9.333333328573644,0.33333333328798687
44,2009,2023,1,14,30,9,1,CBD,CBD,30_CBD_9_14,-6.018495923854061e-9,-5.0242032756386834e-11
18,2003,2023,1,20,25,2,1,CBD,CBD,25_CBD_2_20,-3.342094601066492e-9,-2.8238522631340857e-11
44,1996,2023,1,27,45,9,1,CBD,CBD,45_CBD_9_27,-6.449525358220853e-9,-2.8471891511117065e-11
38,1984,2023,1,39,45,7,1,CBD,CBD,45_CBD_7_39,-2.8569004939527076e-9,-2.564015666450814e-11
19,1973,2023,1,50,30,3,1,CBD,CBD,30_CBD_3_50,-3.988098740137502e-9,-3.479194710109823e-11
32,2016,2023,1,7,35,4,1,CBD,CBD,35_CBD_4_7,-0.5000000056390661,0.4999999999491289
87,2014,2023,1,9,40,3,1,CBD,CBD,40_CBD_3_9,-6.050896672604722e-9,-5.1022297498093394e-11
200,2003,2023,1,20,75,8,1,CBD,CBD,75_CBD_8_20,44.999999996701774,-2.8526292439323697e-11
24,1984,2023,1,39,30,5,1,CBD,CBD,30_CBD_5_39,1.333333330107486,0.6666666666389034
83,1999,2023,1,24,65,3,1,CBD,CBD,65_CBD_3_24,11.499999995997314,-3.557842909174269e-11
78,2004,2023,1,19,70,5,1,CBD,CBD,70_CBD_5_19,7.9999999960233765,0.6666666666319037
47,2006,2023,1,17,30,1,1,CBD,CBD,30_CBD_1_17,-6.3522378468405805e-9,-2.8051339029389055e-11
80,1979,2023,1,44,65,5,1,CBD,CBD,65_CBD_5_44,-2.7229845045440015e-9,-2.522093645040968e-11
140,2002,2023,1,21,75,9,1,CBD,CBD,75_CBD_9_21,14.999999998010708,-1.996336429499479e-11
23,1982,2023,1,41,45,2,1,CBD,CBD,45_CBD_2_41,-2.6301165689801564e-9,-2.524203068787756e-11
84,2001,2023,1,22,70,6,1,CBD,CBD,70_CBD_6_22,-4.6644856865896145e-9,-4.377076479045172e-11
81,2010,2023,1,13,60,6,1,CBD,CBD,60_CBD_6_13,-2.0000000022624675,-2.170574830984151e-11
54,1978,2023,1,45,55,1,1,CBD,CBD,55_CBD_1_45,-3.1769644692758447e-9,-2.6646240769423457e-11
62,2007,2023,1,16,45,8,1,CBD,CBD,45_CBD_8_16,-5.085368570689752e-9,-4.903699668545869e-11
64,2015,2021,1,6,70,4,0,中野区,West,70_中野区_4_6,-2.5631550215621246e-9,-2.5180968421523175e-11
38,1991,2021,1,30,80,2,0,中野区,West,80_中野区_2_30,-2.7833237936647492e-9,-2.489786155024376e-11
53,2007,2021,1,14,80,6,0,中野区,West,80_中野区_6_14,-2.8124702566856286e-9,-2.5232260725260858e-11
68,2015,2021,1,6,75,4,0,中野区,West,75_中野区_4_6,-1.000000003346571,-3.001021653403768e-11
70,2015,2021,1,6,75,4,0,中野区,West,75_中野区_4_6,0.999999996653429,-3.001021653403768e-11
29,2009,2021,1,12,40,7,0,中野区,West,40_中野区_7_12,-5.17417220180505e-10,-6.304068378426564e-12
40,2000,2021,1,21,60,4,0,中野区,West,60_中野区_4_21,-11.500000005684313,-0.5000000000514027
29,1999,2021,1,22,40,5,0,中野区,West,40_中野区_5_22,-6.57677645676813e-9,-2.5091928534948238e-11
27,2009,2021,1,12,45,10,0,中野区,West,45_中野区_10_12,-8.828742181776761e-10,-9.413136936586852e-12
63,1998,2021,1,23,90,9,0,中野区,West,90_中野区_9_23,-3.789850211433077e-9,-3.3661962106634746e-11
55,1998,2021,1,23,80,9,0,中野区,West,80_中野区_9_23,-3.6996894436924777e-9,-3.226663380928585e-11
26,2005,2021,1,16,25,3,0,中野区,West,25_中野区_3_16,-6.2506231301995285e-9,-4.551847787581664e-11
77,2013,2021,1,8,80,7,0,中野区,West,80_中野区_7_8,-3.3015510325640207e-9,-2.8634428161922187e-11
16,1971,2021,1,50,30,6,0,中野区,West,30_中野区_6_50,-2.0118164911764325e-9,-1.9663826122950923e-11
66,1993,2021,1,28,70,4,0,中野区,West,70_中野区_4_28,-4.5104968648956856e-9,-4.039324430493707e-11
40,1991,2021,1,30,50,8,0,中野区,West,50_中野区_8_30,-6.232809823814023e-9,-4.4941383947616487e-11
55,2010,2021,1,11,75,7,0,中野区,West,75_中野区_7_11,2.499999996704126,-2.8348878799988597e-11
50,2013,2021,1,8,70,6,0,中野区,West,70_中野区_6_8,-3.936690973205259e-9,-3.498823453185196e-11
50,2010,2021,1,11,75,7,0,中野区,West,75_中野区_7_11,-2.500000003295874,-2.8348878799988597e-11
66,2012,2021,1,9,50,2,0,中野区,West,50_中野区_2_9,-1.6606378494543605e-9,-1.7522205908448996e-11
34,1993,2021,1,28,55,3,0,中野区,West,55_中野区_3_28,-9.057501415554725e-10,-9.669820499880188e-12
63,2000,2021,1,21,90,6,0,中野区,West,90_中野区_6_21,-3.391583902612183e-9,-2.954236855146064e-11
73,2013,2021,1,8,65,4,0,中野区,West,65_中野区_4_8,-5.635513389279367e-9,-5.059885843650136e-11
62,2002,2021,1,19,65,5,0,中野区,West,65_中野区_5_19,-7.721965289420041e-10,-9.345191287479793e-12
42,1974,2021,1,47,55,7,0,中野区,West,55_中野区_7_47,-1.123623860621592e-9,-1.4385159730068153e-11
76,2015,2021,1,6,75,3,0,中野区,West,75_中野区_3_6,-4.067487680003978e-9,-3.595523878630047e-11
110,2015,2021,1,6,80,1,0,中野区,West,80_中野区_1_6,-3.7652085893569165e-9,-3.3514524488964526e-11
90,2015,2021,1,6,70,1,0,中野区,West,70_中野区_1_6,-2.1616131107293768e-9,-2.088307304859427e-11
46,1971,2021,1,50,70,1,0,中野区,West,70_中野区_1_50,-3.62969387879275e-9,-3.230593570435758e-11
34,2011,2021,1,10,40,3,0,中野区,West,40_中野区_3_10,-6.2395812960858166e-9,-4.162536981766607e-11
61,2016,2021,1,5,55,1,0,中野区,West,55_中野区_1_5,-2.62068766687662e-9,-2.5385249458054204e-11
9.8,1988,2021,1,33,25,9,0,中野区,West,25_中野区_9_33,-5.683357784391774e-9,-5.069722419648315e-11
42,2011,2021,1,10,50,12,0,中野区,West,50_中野区_12_10,-1.1456862125669431e-9,-1.3954171151908668e-11
40,2014,2021,1,7,45,8,0,中野区,West,45_中野区_8_7,-2.5644766310506384e-9,-2.453814929026521e-11
58,2000,2021,1,21,70,7,0,中野区,West,70_中野区_7_21,-3.5415155252849218e-9,-3.1654678878112463e-11
77,1997,2021,1,24,90,14,0,中野区,West,90_中野区_14_24,-3.6588971852324903e-9,-3.266165116144748e-11
65,2013,2021,1,8,60,11,0,中野区,West,60_中野区_11_8,-4.2944776623699e-9,-4.015876520213624e-11
46,1998,2021,1,23,80,13,0,中野区,West,80_中野区_13_23,-3.899494060988218e-9,-3.5543790133374387e-11
59,2003,2021,1,18,85,7,0,中野区,West,85_中野区_7_18,-3.3420519685023464e-9,-2.9994895456297854e-11
33,2000,2021,1,21,55,5,0,中野区,West,55_中野区_5_21,-2.00000000344707,-2.9850566463096584e-11
43,2001,2021,1,20,55,12,0,中野区,West,55_中野区_12_20,-3.221657607355155e-9,-2.743805183058612e-11
55,2001,2021,1,20,85,6,0,中野区,West,85_中野区_6_20,-3.36428485070428e-9,-2.999867021458158e-11
37,2000,2021,1,21,55,5,0,中野区,West,55_中野区_5_21,1.9999999965529298,-2.9850566463096584e-11
35,2004,2021,1,17,45,10,0,中野区,West,45_中野区_10_17,4.136069264859543e-11,-0.4999999999947884
20,1973,2021,1,48,35,5,0,中野区,West,35_中野区_5_48,-1.8331576256969129e-9,-1.8072210394848298e-11
72,2011,2021,1,10,75,8,0,中野区,West,75_中野区_8_10,2.9999999950688334,-4.755240645692993e-11
41,1994,2021,1,27,45,2,0,中野区,West,45_中野区_2_27,-5.900801625102758e-9,-5.2665427574538626e-11
50,2015,2021,1,6,50,3,0,中野区,West,50_中野区_3_6,-5.337433606200648e-9,-4.9792836520623496e-11
44,2015,2021,1,6,45,3,0,中野区,West,45_中野区_3_6,-4.573266210172733e-9,-4.1070480349958416e-11
18,1994,2021,1,27,30,6,0,中野区,West,30_中野区_6_27,-6.91409951514288e-9,-1.1493250795524546e-11
20,1973,2021,1,48,45,4,0,中野区,West,45_中野区_4_48,1.2668976978602586e-11,1.3768985951401191e-11
18,1983,2021,1,38,55,7,0,中野区,West,55_中野区_7_38,-5.872131225714838e-9,-5.1709525550336366e-11
55,2015,2021,1,6,65,4,0,中野区,West,65_中野区_4_6,-3.599353703975794e-9,-3.2025937457547116e-11
50,2006,2021,1,15,75,6,0,中野区,West,75_中野区_6_15,-4.5089123545949406e-9,-4.0885517194055865e-11
54,2003,2021,1,18,65,1,0,中野区,West,65_中野区_1_18,-2.4989077473946963e-9,-2.4503954421106755e-11
27,1974,2021,1,47,60,5,0,中野区,West,60_中野区_5_47,-5.67652591598744e-10,-6.789235840187757e-12
35,1984,2021,1,37,50,8,0,中野区,West,50_中野区_8_37,-2.36128983033268e-9,-2.265543308510587e-11
66,2011,2021,1,10,75,8,0,中野区,West,75_中野区_8_10,-3.0000000049311666,-4.755240645692993e-11
51,2007,2021,1,14,60,8,0,中野区,West,60_中野区_8_14,-13.333333338135091,-0.6666666667129006
35,1973,2021,1,48,70,6,0,中野区,West,70_中野区_6_48,-2.710009994189022e-9,-2.4974466938942896e-11
62,2005,2021,1,16,75,9,0,中野区,West,75_中野区_9_16,-4.238167150560912e-9,-3.907851819917596e-11
58,2005,2021,1,16,70,5,0,中野区,West,70_中野区_5_16,-2.367933404912037e-9,-2.266786758298167e-11
68,2015,2021,1,6,70,7,0,中野区,West,70_中野区_7_6,-1.9931860606448026e-9,-1.9723112032465906e-11
57,2007,2023,1,16,85,8,1,中野区,West,85_中野区_8_16,-3.6981759876653086e-9,-3.2293279161876853e-11
85,2017,2023,1,6,80,6,1,中野区,West,80_中野区_6_6,-3.969589101870952e-9,-3.484545985088516e-11
69,2015,2023,1,8,70,4,1,中野区,West,70_中野区_4_8,-3.784606406043167e-9,-3.4475311494475136e-11
73,2015,2023,1,8,75,5,1,中野区,West,75_中野区_5_8,-4.254388841218315e-9,-3.929567782279264e-11
95,2015,2023,1,8,90,4,1,中野区,West,90_中野区_4_8,-3.503132006699161e-9,-3.115774305229024e-11
80,2015,2023,1,8,80,4,1,中野区,West,80_中野区_4_8,-3.3630414009166998e-9,-3.1160407587549344e-11
73,2004,2023,1,19,75,10,1,中野区,West,75_中野区_10_19,-3.937671522180608e-9,-3.537925508112494e-11
37,2006,2023,1,17,45,7,1,中野区,West,45_中野区_7_17,-3.8971847970969975e-9,-3.500377765419671e-11
14,1982,2023,1,41,30,8,1,中野区,West,30_中野区_8_41,-2.5812454396145768e-9,-2.4707347279218084e-11
46,1983,2023,1,40,55,5,1,中野区,West,55_中野区_5_40,-5.078121034784999e-9,-4.961564492589332e-11
60,2018,2023,1,5,45,3,1,中野区,West,45_中野区_3_5,-6.372061989168287e-9,-2.126609999208995e-11
75,2013,2023,1,10,70,5,1,中野区,West,70_中野区_5_10,-3.7633753890986554e-9,-3.260280934114235e-11
42,2009,2023,1,14,40,6,1,中野区,West,40_中野区_6_14,-6.3850222886685515e-9,-2.1399326755044967e-11
33,2009,2023,1,14,35,6,1,中野区,West,35_中野区_6_14,-4.652754626022215e-9,-4.351830007465196e-11
65,2001,2023,1,22,65,4,1,中野区,West,65_中野区_4_22,-5.690793614121503e-9,-5.1136650469629785e-11
170,2012,2023,1,11,80,2,1,中野区,West,80_中野区_2_11,-4.125922714592889e-9,-3.6018521498704104e-11
60,2003,2023,1,20,90,8,1,中野区,West,90_中野区_8_20,-3.904233381035738e-9,-3.4997782449863735e-11
80,2018,2023,1,5,70,14,1,中野区,West,70_中野区_14_5,-3.7633753890986554e-9,-3.26165761066477e-11
73,1993,2023,1,30,75,8,1,中野区,West,75_中野区_8_30,-4.483254656406643e-9,-4.2703840463786946e-11
76,2012,2023,1,11,70,10,1,中野区,West,70_中野区_10_11,-3.3176377201016294e-9,-2.908473462071015e-11
73,1993,2023,1,30,75,8,1,中野区,West,75_中野区_8_30,-4.483254656406643e-9,-4.2703840463786946e-11
90,2007,2023,1,16,75,6,1,中野区,West,75_中野区_6_16,-3.663089387373475e-9,-3.228861622517343e-11
33,2008,2023,1,15,40,2,1,中野区,West,40_中野区_2_15,-5.104766387376003e-9,-4.973066403124449e-11
15,1986,2023,1,37,25,2,1,中野区,West,25_中野区_2_37,-6.340577840546757e-9,-2.080668970450006e-11
29,2016,2023,1,7,25,6,1,中野区,West,25_中野区_6_7,-1.7292194343099254e-9,-1.7452483902502536e-11
81,2018,2023,1,5,75,5,1,中野区,West,75_中野区_5_5,-3.977277174271876e-9,-3.572186990652426e-11
21,1981,2023,1,42,35,4,1,中野区,West,35_中野区_4_42,-6.614726544285077e-9,-1.5821344234723256e-11
16,1985,2023,1,38,25,3,1,中野区,West,25_中野区_3_38,-6.941519359315862e-9,-1.2602585641730002e-11
59,2018,2023,1,5,40,2,1,中野区,West,40_中野区_2_5,-6.542677510879003e-10,-8.5993434595366125e-12
62,2009,2023,1,14,55,6,1,中野区,West,55_中野区_6_14,-5.2725113164342474e-9,-4.9576120986216665e-11
50,2010,2023,1,13,50,2,1,中野区,West,50_中野区_2_13,6.447464784287149e-11,7.726930206786164e-12
75,2011,2023,1,12,65,3,1,中野区,West,65_中野区_3_12,-7.211298225229257e-10,-8.812062191054792e-12
16,1980,2023,1,43,45,10,1,中野区,West,45_中野区_10_43,-6.32952179557833e-9,-1.6194601215602233e-11
75,2014,2023,1,9,60,8,1,中野区,West,60_中野区_8_9,-3.093688860644761e-9,-2.6617819059993053e-11
32,1996,2023,1,27,35,9,1,中野区,West,35_中野区_9_27,-7.858176331865252e-10,-9.382716825712123e-12
8.9,1989,2023,1,34,25,14,1,中野区,West,25_中野区_14_34,-1.7177992361894212e-9,-1.6964873950087167e-11
48,2009,2023,1,14,45,9,1,中野区,West,45_中野区_9_14,-1.559513407300983e-9,-1.6714407635731732e-11
63,2002,2023,1,21,60,4,1,中野区,West,60_中野区_4_21,11.499999994315687,0.49999999994859734
70,2009,2023,1,14,60,8,1,中野区,West,60_中野区_8_14,5.666666661864909,0.33333333328709935
54,2009,2023,1,14,55,4,1,中野区,West,55_中野区_4_14,-2.9450148986143176e-9,-2.595257342363766e-11
72,2009,2023,1,14,60,8,1,中野区,West,60_中野区_8_14,7.666666661864909,0.33333333328709935
65,2018,2023,1,5,75,10,1,中野区,West,75_中野区_10_5,-2.5000000037868375,-3.462985453950296e-11
47,2006,2023,1,17,60,12,1,中野区,West,60_中野区_12_17,-2.0394139710333548e-9,-1.9964474518019415e-11
80,2018,2023,1,5,85,10,1,中野区,West,85_中野区_10_5,-3.887677735292527e-9,-3.4964253714520055e-11
35,2006,2023,1,17,45,10,1,中野区,West,45_中野区_10_17,4.136069264859543e-11,0.5000000000052116
70,2018,2023,1,5,75,10,1,中野区,West,75_中野区_10_5,2.4999999962131625,-3.462985453950296e-11
54,1996,2023,1,27,65,1,1,中野区,West,65_中野区_1_27,-4.057504554566549e-9,-3.5770497675002844e-11
46,2000,2023,1,23,65,3,1,中野区,West,65_中野区_3_23,-5.491628485287947e-9,-4.9821036185448975e-11
37,1997,2023,1,26,40,9,1,中野区,West,40_中野区_9_26,-6.429672794183716e-9,-2.599631621080789e-11
45,2014,2023,1,9,40,6,1,中野区,West,40_中野区_6_9,-8.310081511808676e-10,-9.46287492809006e-12
88,2017,2023,1,6,65,2,1,中野区,West,65_中野区_2_6,-1.2157954643043922e-9,-1.4663825709249068e-11
45,2014,2023,1,9,40,6,1,中野区,West,40_中野区_6_9,-8.310081511808676e-10,-9.46287492809006e-12
73,2003,2023,1,20,75,7,1,中野区,West,75_中野区_7_20,-3.997129738309013e-9,-3.510880475232625e-11
48,1994,2023,1,29,60,4,1,中野区,West,60_中野区_4_29,-9.204441653309914e-10,-1.021494000497114e-11
69,2017,2023,1,6,60,2,1,中野区,West,60_中野区_2_6,-8.14509348856518e-10,-9.3993701710815e-12
75,2013,2023,1,10,75,6,1,中野区,West,75_中野区_6_10,-2.5000000027308147,-2.458411252348469e-11
31,2005,2023,1,18,35,5,1,中野区,West,35_中野区_5_18,-9.799094868867542e-10,-1.2750467348610073e-11
29,1986,2023,1,37,40,5,1,中野区,West,40_中野区_5_37,-6.140691510836405e-9,-5.0910164972606253e-11
43,2006,2023,1,17,40,2,1,中野区,West,40_中野区_2_17,7.815970093361102e-12,1.5773604644664374e-11
80,2000,2023,1,23,65,6,1,中野区,West,65_中野区_6_23,-1.6157741811184678e-9,-1.6786350087727442e-11
110,2013,2023,1,10,80,6,1,中野区,West,80_中野区_6_10,-3.7724845469711e-9,-3.3758995598986985e-11
75,2000,2023,1,23,65,5,1,中野区,West,65_中野区_5_23,-2.174630253648502e-9,-2.1458834709164876e-11
62,1995,2023,1,28,55,4,1,中野区,West,55_中野区_4_28,-4.1145753471028e-9,-3.714384355646416e-11
80,2013,2023,1,10,75,6,1,中野区,West,75_中野区_6_10,2.4999999972691853,-2.458411252348469e-11
32,2007,2023,1,16,45,6,1,中野区,West,45_中野区_6_16,-1.7826806697485154e-10,2.1953550088937845e-12
55,2002,2023,1,21,70,2,1,中野区,West,70_中野区_2_21,-4.411276677274145e-9,-4.0673686640957385e-11
55,2015,2023,1,8,60,4,1,中野区,West,60_中野区_4_8,-5.926636958974996e-9,-5.26483301399594e-11
88,2016,2023,1,7,90,7,1,中野区,West,90_中野区_7_7,-3.951683424929797e-9,-3.5286440436266275e-11
36,2009,2023,1,14,40,4,1,中野区,West,40_中野区_4_14,-4.38981828665419e-9,-4.008993137460948e-11
34,1974,2023,1,49,70,8,1,中野区,West,70_中野区_8_49,-1.6093935073513421e-9,-1.6233014932254264e-11
63,1996,2023,1,27,80,9,1,中野区,West,80_中野区_9_27,-4.316362378631311e-9,-4.02267108512433e-11
25,1974,2023,1,49,40,11,1,中野区,West,40_中野区_11_49,-6.0277400848463e-9,-5.069633601806345e-11
50,2010,2023,1,13,50,3,1,中野区,West,50_中野区_3_13,-1.5651835383323487e-10,-3.1790126087116732e-12
69,2011,2023,1,12,70,8,1,中野区,West,70_中野区_8_12,-3.9479743918491295e-9,-3.526334779735407e-11
48,1985,2023,1,38,60,7,1,中野区,West,60_中野区_7_38,-2.5309816464869073e-9,-2.4707347279218084e-11
44,2003,2023,1,20,65,12,1,中野区,West,65_中野区_12_20,-3.462517383923114e-9,-2.97948332672604e-11
40,1974,2023,1,49,65,12,1,中野区,West,65_中野区_12_49,-2.0285426671762252e-9,-1.9943158235946612e-11
24,1995,2023,1,28,35,5,1,中野区,West,35_中野区_5_28,-4.259732122591231e-9,-3.892974831387619e-11
34,2004,2023,1,19,35,4,1,中野区,West,35_中野区_4_19,-3.950439975142217e-9,-3.517630631222346e-11
29,2017,2023,1,6,30,6,1,中野区,West,30_中野区_6_6,-1.46977896520184e-9,-1.6528778346014406e-11
36,2005,2023,1,18,50,7,1,中野区,West,50_中野区_7_18,-1.1160778967678198e-9,-1.4017009775102451e-11
80,2015,2023,1,8,70,5,1,中野区,West,70_中野区_5_8,-2.1599930732918438e-9,-2.0924817434320175e-11
85,2015,2023,1,8,70,7,1,中野区,West,70_中野区_7_8,-3.6222047583578387e-9,-3.161315653699148e-11
80,2005,2023,1,18,70,9,1,中野区,West,70_中野区_9_18,-3.606970722103142e-9,-3.182787366995399e-11
63,2006,2023,1,17,60,4,1,中野区,West,60_中野区_4_17,-5.485361498358543e-9,-5.073252928866623e-11
49,2007,2021,1,14,75,9,0,杉並区,West,75_杉並区_9_14,-4.6803521058791375e-9,-4.512323847905009e-11
44,1999,2021,1,22,75,5,0,杉並区,West,75_杉並区_5_22,-4.525773533714528e-9,-4.214362192556109e-11
55,2007,2021,1,14,80,9,0,杉並区,West,80_杉並区_9_14,0.9999999958553616,-3.641420498468051e-11
49,2007,2021,1,14,75,9,0,杉並区,West,75_杉並区_9_14,-4.6803521058791375e-9,-4.512323847905009e-11
53,2007,2021,1,14,80,9,0,杉並区,West,80_杉並区_9_14,-1.0000000041446384,-3.641420498468051e-11
22,1974,2021,1,47,60,12,0,杉並区,West,60_杉並区_12_47,-4.371639050759768e-9,-4.0246028731871775e-11
34,1981,2021,1,40,85,6,0,杉並区,West,85_杉並区_6_40,-3.6900758004776435e-9,-3.2269964478359725e-11
27,1981,2021,1,40,55,2,0,杉並区,West,55_杉並区_2_40,-1.0063239130886359e-9,-1.1467271576748317e-11
100,2014,2021,1,7,80,5,0,杉並区,West,80_杉並区_5_7,-3.4458338404874667e-9,-2.9795943490285026e-11
43,1977,2021,1,44,65,11,0,杉並区,West,65_杉並区_11_44,-4.666674158215756e-9,-4.3799630589091976e-11
15,1974,2021,1,47,35,7,0,杉並区,West,35_杉並区_7_47,-5.707843087066067e-9,-5.1372683884665094e-11
55,2001,2021,1,20,65,3,0,杉並区,West,65_杉並区_3_20,-4.584194357448723e-9,-4.166866851562645e-11
55,1997,2021,1,24,75,10,0,杉並区,West,75_杉並区_10_24,-2.3600676968271728e-9,-2.2659651932599445e-11
60,2010,2021,1,11,70,13,0,杉並区,West,70_杉並区_13_11,-5.377081890856061e-9,-4.951883347814601e-11
40,1984,2021,1,37,45,2,0,杉並区,West,45_杉並区_2_37,-4.89563944938709e-10,-6.27697893662571e-12
13,1971,2021,1,50,25,8,0,杉並区,West,25_杉並区_8_50,-6.4289373824522045e-9,-2.6603164116068e-11
30,1971,2021,1,50,45,7,0,杉並区,West,45_杉並区_7_50,-2.8135005436524807e-10,-4.709121981250064e-12
77,2016,2021,1,5,65,6,0,杉並区,West,65_杉並区_6_5,-4.6749732973694336e-9,-4.390932062392494e-11
92,2016,2021,1,5,85,6,0,杉並区,West,85_杉並区_6_5,-3.4770550882967655e-9,-3.1483926576925114e-11
80,2012,2021,1,9,70,7,0,杉並区,West,70_杉並区_7_9,-2.157193534912949e-9,-2.138800248019379e-11
59,2010,2021,1,11,75,13,0,杉並区,West,75_杉並区_13_11,-2.8343194458102516e-9,-2.5539348413872176e-11
69,2015,2021,1,6,80,15,0,杉並区,West,80_杉並区_15_6,-3.3298306334472727e-9,-2.8558710951642752e-11
55,2015,2021,1,6,70,15,0,杉並区,West,70_杉並区_15_6,-14.00000000434595,-0.5000000000404836
48,2007,2021,1,14,70,13,0,杉並区,West,70_杉並区_13_14,-2.648718577802356e-9,-2.5647040047260816e-11
46,1990,2021,1,31,70,12,0,杉並区,West,70_杉並区_12_31,-3.3514169217596645e-9,-2.9232394282985297e-11
59,2015,2021,1,6,60,6,0,杉並区,West,60_杉並区_6_6,-6.269033292483073e-9,-4.421329968806731e-11
69,2015,2021,1,6,80,6,0,杉並区,West,80_杉並区_6_6,-3.187963670825411e-9,-2.7773339184022916e-11
27,2004,2021,1,17,35,7,0,杉並区,West,35_杉並区_7_17,1.2233769552949525e-10,7.893241615875013e-12
32,2007,2021,1,14,35,6,0,杉並区,West,35_杉並区_6_14,-6.474778047049767e-9,-3.0857760791036526e-11
56,2007,2021,1,14,60,10,0,杉並区,West,60_杉並区_10_14,-6.460467716351559e-10,-7.65876251307418e-12
21,2007,2021,1,14,25,5,0,杉並区,West,25_杉並区_5_14,-4.765411176776979e-9,-4.4658055031732147e-11
48,1996,2021,1,25,70,12,0,杉並区,West,70_杉並区_12_25,-4.411347731547721e-9,-3.976485807299923e-11
42,2011,2021,1,10,50,5,0,杉並区,West,50_杉並区_5_10,-2.1221708834673336e-9,-1.9982904220228193e-11
48,2007,2021,1,14,60,6,0,杉並区,West,60_杉並区_6_14,-4.393015728965111e-9,-3.9866554502054896e-11
42,2011,2021,1,10,45,5,0,杉並区,West,45_杉並区_5_10,-3.4977105656253116e-9,-3.130318226851614e-11
31,2002,2021,1,19,45,2,0,杉並区,West,45_杉並区_2_19,-3.5057077241162915e-9,-3.1392666244300926e-11
48,2005,2021,1,16,75,7,0,杉並区,West,75_杉並区_7_16,-11.000000003898919,-3.505373769030484e-11
40,2013,2021,1,8,55,2,0,杉並区,West,55_杉並区_2_8,-2.5076332121898304e-9,-2.4412249999272717e-11
49,2013,2021,1,8,70,2,0,杉並区,West,70_杉並区_2_8,-4.058691160935268e-9,-3.596767328417627e-11
35,1994,2021,1,27,70,2,0,杉並区,West,70_杉並区_2_27,-2.4084343408503628e-9,-2.2909896202349955e-11
30,1981,2021,1,40,65,6,0,杉並区,West,65_杉並区_6_40,-8.736478207538312e-11,-1.9595436384634013e-12
12,1974,2021,1,47,35,5,0,杉並区,West,35_杉並区_5_47,-2.630407891501818e-9,-2.566391543723512e-11
35,2016,2021,1,5,35,6,0,杉並区,West,35_杉並区_6_5,-3.40228467621273e-9,-3.044742236113507e-11
73,2002,2021,1,19,90,5,0,杉並区,West,90_杉並区_5_19,-3.5613538784673437e-9,-3.083422406291447e-11
67,2006,2021,1,15,70,2,0,杉並区,West,70_杉並区_2_15,-4.484846272134746e-9,-4.1354697444262456e-11
59,2007,2021,1,14,60,7,0,杉並区,West,60_杉並区_7_14,-2.7669315727507637e-9,-2.5079938126282286e-11
34,1983,2021,1,38,55,3,0,杉並区,West,55_杉並区_3_38,-6.348528813759913e-9,-4.528932784353401e-11
70,2005,2021,1,16,75,7,0,杉並区,West,75_杉並区_7_16,10.999999996101081,-3.505373769030484e-11
16,1971,2021,1,50,40,15,0,杉並区,West,40_杉並区_15_50,-7.631228982063476e-12,7.854827899222983e-12
81,2014,2021,1,7,70,4,0,杉並区,West,70_杉並区_4_7,-4.5601638021253166e-9,-4.083400284571326e-11
43,2000,2021,1,21,55,8,0,杉並区,West,55_杉並区_8_21,-9.321610150436754e-10,-9.71267510863072e-12
60,2009,2021,1,12,75,9,0,杉並区,West,75_杉並区_9_12,-3.441911644586071e-9,-2.9610092155962775e-11
21,2003,2021,1,18,25,5,0,杉並区,West,25_杉並区_5_18,-4.950123866365175e-9,-4.738942571691496e-11
27,1984,2021,1,37,55,5,0,杉並区,West,55_杉並区_5_37,-3.3715394920363906e-9,-2.9648949961824655e-11
72,2005,2021,1,16,85,10,0,杉並区,West,85_杉並区_10_16,-3.7597231994368485e-9,-3.3517189024223626e-11
28,1975,2021,1,46,50,4,0,杉並区,West,50_杉並区_4_46,-2.1155983631615527e-9,-1.9925616712157534e-11
37,1997,2021,1,24,55,5,0,杉並区,West,55_杉並区_5_24,-4.115719320907374e-9,-3.6128877667351844e-11
18,1982,2021,1,39,30,3,0,杉並区,West,30_杉並区_3_39,-1.0000000045153286,-0.5000000000420755
12,1971,2021,1,50,40,4,0,杉並区,West,40_杉並区_4_50,-1.5232117789309996e-9,-1.687183726062358e-11
10,1973,2021,1,48,30,6,0,杉並区,West,30_杉並区_6_48,-4.747207071886805e-10,-6.093570092957634e-12
11,1976,2021,1,45,30,10,0,杉並区,West,30_杉並区_10_45,-3.0000000050747317,-4.941158593396722e-11
17,1976,2021,1,45,30,10,0,杉並区,West,30_杉並区_10_45,2.9999999949252683,-4.941158593396722e-11
18,1972,2021,1,49,35,2,0,杉並区,West,35_杉並区_2_49,-6.271257291246002e-9,-4.329492320209738e-11
18,2004,2021,1,17,25,3,0,杉並区,West,25_杉並区_3_17,-3.2543425732001197e-9,-2.8015145758786275e-11
56,2002,2021,1,19,75,10,0,杉並区,West,75_杉並区_10_19,-3.774658807742526e-9,-3.381095403653944e-11
61,2000,2021,1,21,65,8,0,杉並区,West,65_杉並区_8_21,-1.444597330646502e-9,-1.6227019727921288e-11
40,1984,2021,1,37,45,1,0,杉並区,West,45_杉並区_1_37,-2.2285959744294814e-9,-2.123923259489402e-11
20,1971,2021,1,50,40,5,0,杉並区,West,40_杉並区_5_50,-3.6406078152140253e-9,-3.2055469390002145e-11
27,2014,2021,1,7,30,5,0,杉並区,West,30_杉並区_5_7,1.0808065553646884e-10,6.482592240786289e-12
70,2006,2021,1,15,65,2,0,杉並区,West,65_杉並区_2_15,-3.153346028739179e-9,-2.6861179946990887e-11
37,2005,2021,1,16,35,8,0,杉並区,West,35_杉並区_8_16,-5.271218128655164e-9,-5.025868610175621e-11
57,2014,2021,1,7,60,6,0,杉並区,West,60_杉並区_6_7,-1.515189751444268e-9,-1.7246426509132107e-11
29,2003,2021,1,18,40,5,0,杉並区,West,40_杉並区_5_18,-2.8541435881379584e-10,-4.598543767997398e-12
23,2011,2021,1,10,30,9,0,杉並区,West,30_杉並区_9_10,-6.3757248369711306e-9,-3.531930303779518e-11
61,2011,2021,1,10,70,7,0,杉並区,West,70_杉並区_7_10,-4.359478111837234e-9,-4.039013568046812e-11
9.9,1986,2021,1,35,25,6,0,杉並区,West,25_杉並区_6_35,-4.5587835728611026e-9,-4.213696058741334e-11
42,2001,2021,1,20,65,11,0,杉並区,West,65_杉並区_11_20,-7.091429665706528e-10,-9.497069797248514e-12
32,1978,2021,1,43,60,8,0,杉並区,West,60_杉並区_8_43,-1.2626557577277708e-9,-1.4375833856661302e-11
45,2013,2021,1,8,55,7,0,杉並区,West,55_杉並区_7_8,-1.1344312156325032e-9,-1.3921308550379763e-11
60,2013,2021,1,8,70,7,0,杉並区,West,70_杉並区_7_8,-5.27688825968653e-9,-5.012035231288792e-11
50,1998,2021,1,23,80,9,0,杉並区,West,80_杉並区_9_23,-4.111164741971152e-9,-3.77580189336868e-11
56,1998,2021,1,23,70,4,0,杉並区,West,70_杉並区_4_23,-4.21042045672948e-9,-3.851674534871563e-11
40,2006,2021,1,15,35,2,0,杉並区,West,35_杉並区_2_15,-3.402178094802366e-9,-3.114264401915534e-11
86,2000,2021,1,21,90,2,0,杉並区,West,90_杉並区_2_21,-3.929216063625063e-9,-3.5224712036097117e-11
35,1984,2021,1,37,45,3,0,杉並区,West,45_杉並区_3_37,-1.1656027254502987e-9,-1.2991163700348807e-11
76,2013,2021,1,8,75,4,0,杉並区,West,75_杉並区_4_8,-4.101153194824292e-9,-3.5997871350446076e-11
86,2012,2021,1,9,85,9,0,杉並区,West,85_杉並区_9_9,-3.813795501628192e-9,-3.3661962106634746e-11
40,1984,2021,1,37,50,3,0,杉並区,West,50_杉並区_3_37,-5.940421488048742e-9,-5.2276183382105046e-11
65,2003,2021,1,18,85,7,0,杉並区,West,85_杉並区_7_18,-3.475179255474359e-9,-3.1880276196716295e-11
13,1972,2021,1,49,40,9,0,杉並区,West,40_杉並区_9_49,-6.026724008734163e-9,-5.048939044627332e-11
54,1996,2023,1,27,65,2,1,杉並区,West,65_杉並区_2_27,-1.1262670795986196e-9,-1.340128008564534e-11
52,1997,2023,1,26,70,9,1,杉並区,West,70_杉並区_9_26,-2.5208066745108226e-9,-2.4688473487799456e-11
65,2007,2023,1,16,75,9,1,杉並区,West,75_杉並区_9_16,-1.997364051931072e-9,-1.997269016840164e-11
26,1977,2023,1,46,55,10,1,杉並区,West,55_杉並区_10_46,-4.840202905143087e-9,-4.608513570758532e-11
26,1974,2023,1,49,65,12,1,杉並区,West,65_杉並区_12_49,-1.2278320582481683e-9,-1.3237633211815591e-11
35,1983,2023,1,40,60,4,1,杉並区,West,60_杉並区_4_40,-4.393299946059415e-9,-4.026468047868548e-11
65,2001,2023,1,22,75,3,1,杉並区,West,75_杉並区_3_22,-2.9291697956068674e-9,-2.595168524521796e-11
100,2011,2023,1,12,75,5,1,杉並区,West,75_杉並区_5_12,-4.003936737717595e-9,-3.609335053056384e-11
84,2017,2023,1,6,70,14,1,杉並区,West,70_杉並区_14_6,1.9999999973705371,-2.5329738306822946e-11
52,2009,2023,1,14,35,2,1,杉並区,West,35_杉並区_2_14,-4.6684931476193015e-9,-4.366995653981576e-11
83,2017,2023,1,6,70,15,1,杉並区,West,70_杉並区_15_6,13.99999999565405,0.4999999999595164
79,2017,2023,1,6,70,14,1,杉並区,West,70_杉並区_14_6,-3.000000002629463,-2.5329738306822946e-11
50,1984,2023,1,39,60,4,1,杉並区,West,60_杉並区_4_39,-5.5879283422655135e-9,-5.167621885959761e-11
31,1983,2023,1,40,45,2,1,杉並区,West,45_杉並区_2_40,-5.8640807765186764e-9,-5.131206570752056e-11
41,2018,2023,1,5,35,4,1,杉並区,West,35_杉並区_4_5,-1.049293985033728e-9,-1.3132828158290977e-11
64,1984,2023,1,39,55,2,1,杉並区,West,55_杉並区_2_39,10.999999998792717,-1.4016121596682751e-11
83,2017,2023,1,6,70,14,1,杉並区,West,70_杉並区_14_6,0.9999999973705371,-2.5329738306822946e-11
53,2000,2023,1,23,75,11,1,杉並区,West,75_杉並区_11_23,-3.1219968832374434e-9,-2.6454172186163305e-11
73,2010,2023,1,13,70,13,1,杉並区,West,70_杉並区_13_13,-1.0373355507908855e-9,-1.394107052021809e-11
47,1974,2023,1,49,75,7,1,杉並区,West,75_杉並区_7_49,-3.129414949398779e-9,-2.6451951740114055e-11
11,1973,2023,1,50,25,14,1,杉並区,West,25_杉並区_14_50,2.730615733526065e-11,6.77435885165778e-12
20,1984,2023,1,39,30,3,1,杉並区,West,30_杉並区_3_39,0.9999999954846714,0.49999999995792455
42,1984,2023,1,39,55,2,1,杉並区,West,55_杉並区_2_39,-11.000000001207283,-1.4016121596682751e-11
67,1995,2023,1,28,70,8,1,杉並区,West,70_杉並区_8_28,-1.1592362625378883e-9,-1.294009344121605e-11
65,2008,2023,1,15,65,11,1,杉並区,West,65_杉並区_11_15,-2.750255134742474e-9,-2.591149517172653e-11
54,2016,2023,1,7,60,14,1,杉並区,West,60_杉並区_14_7,7.582912076031789e-11,8.900880033024805e-12
78,2016,2023,1,7,65,6,1,杉並区,West,65_杉並区_6_7,-4.125794816900452e-9,-3.6064040642713735e-11
28,1973,2023,1,50,45,1,1,杉並区,West,45_杉並区_1_50,-1.2617675793080707e-9,-1.454036890891075e-11
64,2015,2023,1,8,70,15,1,杉並区,West,70_杉並区_15_8,-0.5000000011147563,-1.4701351247481398e-11
67,2015,2023,1,8,75,15,1,杉並区,West,75_杉並区_15_8,-3.303341600258136e-9,-3.084377198092625e-11
69,2012,2023,1,11,60,10,1,杉並区,West,60_杉並区_10_11,-4.957342980560497e-9,-4.795874808394274e-11
48,2006,2023,1,17,40,6,1,杉並区,West,40_杉並区_6_17,-6.27940721642517e-9,-4.427080924074289e-11
65,2015,2023,1,8,70,15,1,杉並区,West,70_杉並区_15_8,0.4999999988852437,-1.4701351247481398e-11
60,2010,2023,1,13,60,13,1,杉並区,West,60_杉並区_13_13,-8.762199854572827e-10,-1.0019318708032188e-11
21,1975,2023,1,48,45,13,1,杉並区,West,45_杉並区_13_48,-4.92623541958892e-9,-4.7011949888542404e-11
19,2007,2023,1,16,25,11,1,杉並区,West,25_杉並区_11_16,-9.002754097764409e-10,-1.0537792860532136e-11
86,2018,2023,1,5,75,11,1,杉並区,West,75_杉並区_11_5,-4.179938173365372e-9,-3.828271033512465e-11
46,1975,2023,1,48,70,13,1,杉並区,West,70_杉並区_13_48,-3.92341803490126e-9,-3.523537017713352e-11
52,1990,2023,1,33,70,13,1,杉並区,West,70_杉並区_13_33,-4.987903423625539e-9,-4.819766807884207e-11
63,1994,2023,1,29,60,7,1,杉並区,West,60_杉並区_7_29,9.496403663433739e-11,8.169021015191902e-12
16,1984,2023,1,39,30,9,1,杉並区,West,30_杉並区_9_39,-8.766392056713812e-10,-9.0445428924113e-12
28,2016,2023,1,7,25,3,1,杉並区,West,25_杉並区_3_7,-6.432099297626337e-9,-2.991962233522827e-11
100,2003,2023,1,20,80,2,1,杉並区,West,80_杉並区_2_20,-3.116625180155097e-9,-2.6396440588882797e-11
22,1980,2023,1,43,35,7,1,杉並区,West,35_杉並区_7_43,-6.24386586878245e-9,-4.2649439535580314e-11
68,2015,2023,1,8,75,9,1,杉並区,West,75_杉並区_9_8,-3.174449147991254e-9,-2.6906921135605444e-11
40,1974,2023,1,49,55,9,1,杉並区,West,55_杉並区_9_49,-2.6006432563008275e-9,-2.5125901359501768e-11
34,1992,2023,1,31,40,5,1,杉並区,West,40_杉並区_5_31,-9.204370599036338e-11,3.3706371027619753e-12
70,2011,2023,1,12,75,6,1,杉並区,West,75_杉並区_6_12,-3.952024485442962e-9,-3.5709657453253385e-11
94,2015,2023,1,8,85,7,1,杉並区,West,85_杉並区_7_8,-3.4469564980099676e-9,-3.072719856334061e-11
43,2011,2023,1,12,45,6,1,杉並区,West,45_杉並区_6_12,-6.056652068764379e-9,-5.1159076974727213e-11
41,2005,2023,1,18,75,8,1,杉並区,West,75_杉並区_8_18,-3.9329250967057305e-9,-3.5676572807119555e-11
8.8,1984,2023,1,39,25,1,1,杉並区,West,25_杉並区_1_39,-6.800178198318463e-10,-9.371836640070796e-12
63,2001,2023,1,22,75,10,1,杉並区,West,75_杉並区_10_22,-2.231260509688582e-9,-2.1942003769481744e-11
43,1980,2023,1,43,75,6,1,杉並区,West,75_杉並区_6_43,-3.2131381999533914e-9,-2.784372732378415e-11
39,2018,2023,1,5,40,4,1,杉並区,West,40_杉並区_4_5,-1.0651461934685358e-9,-1.3812950783176348e-11
54,2009,2023,1,14,60,13,1,杉並区,West,60_杉並区_13_14,-3.1564582059218083e-9,-2.7629898369241346e-11
58,2013,2023,1,10,60,5,1,杉並区,West,60_杉並区_5_10,-3.654697877664148e-9,-3.179279062237583e-11
85,2013,2023,1,10,85,5,1,杉並区,West,85_杉並区_5_10,-3.5433913581073284e-9,-3.1672886535716316e-11
83,2006,2023,1,17,85,15,1,杉並区,West,85_杉並区_15_17,-3.484700528133544e-9,-3.0114133409142596e-11
57,1991,2023,1,32,80,9,1,杉並区,West,80_杉並区_9_32,-3.785281421642139e-9,-3.450728591758434e-11
69,2013,2023,1,10,65,2,1,杉並区,West,65_杉並区_2_10,-4.9292054882243974e-09,-4.745404069694814e-11
67,2012,2023,1,11,70,12,1,杉並区,West,70_杉並区_12_11,-1.7201671198563417e-9,-1.695443785365569e-11
56,2000,2023,1,23,55,9,1,杉並区,West,55_杉並区_9_23,-4.2982080117326404e-9,-4.0046188587439246e-11
48,2012,2023,1,11,55,9,1,杉並区,West,55_杉並区_9_11,-4.679321818912285e-9,-4.443090340089384e-11
45,1996,2023,1,27,55,6,1,杉並区,West,55_杉並区_6_27,-7.643521371392126e-10,-1.0054401755610343e-11
64,2007,2023,1,16,90,5,1,杉並区,West,90_杉並区_5_16,-3.433484607739956e-9,-3.044875462876462e-11
67,2014,2023,1,9,60,4,1,杉並区,West,60_杉並区_4_9,-1.6139836134243524e-9,-1.655453552018571e-11
78,1997,2023,1,26,90,6,1,杉並区,West,90_杉並区_6_26,-3.8162113469297765e-9,-3.405653536958653e-11
55,1995,2023,1,28,60,9,1,杉並区,West,60_杉並区_9_28,-1.0465583955010516e-9,-1.077671285543147e-11
54,1984,2023,1,39,60,8,1,杉並区,West,60_杉並区_8_39,-3.309629903469613e-9,-2.840150337135583e-11
31,2017,2023,1,6,30,10,1,杉並区,West,30_杉並区_10_6,-1.8332357853978465e-9,-1.8092416453896476e-11
47,1997,2023,1,26,60,6,1,杉並区,West,60_杉並区_6_26,-1.2294520956857014e-10,2.666755705149626e-12
84,2017,2023,1,6,70,2,1,杉並区,West,70_杉並区_2_6,-2.5000000029633327,-2.6613156123289627e-11
31,1979,2023,1,44,50,5,1,杉並区,West,50_杉並区_5_44,-5.8400573266226274e-9,-5.149791704184281e-11
11,1973,2023,1,50,30,3,1,杉並区,West,30_杉並区_3_50,-3.5182665669708513e-9,-3.150790739425702e-11
35,1983,2023,1,40,35,3,1,杉並区,West,35_杉並区_3_40,-1.0457199550728546e-9,-1.3583356661683865e-11
89,2017,2023,1,6,70,2,1,杉並区,West,70_杉並区_2_6,2.4999999970366673,-2.6613156123289627e-11
29,1973,2023,1,50,50,5,1,杉並区,West,50_杉並区_5_50,-2.6241337991450564e-9,-2.5210944443188055e-11
17,1982,2023,1,41,40,3,1,杉並区,West,40_杉並区_3_41,-6.444309974540374e-9,-2.97939450888407e-11
20,1981,2023,1,42,35,6,1,杉並区,West,35_杉並区_6_42,-6.355360682164246e-9,-2.2813750888417417e-11
65,2017,2023,1,6,75,5,1,杉並区,West,75_杉並区_5_6,-3.736843723345373e-9,-3.386602109856085e-11
23,1976,2023,1,47,50,10,1,杉並区,West,50_杉並区_10_47,-1.5985435197762854e-9,-1.656919046411076e-11
74,2013,2023,1,10,65,3,1,杉並区,West,65_杉並区_3_10,-3.3010962852131343e-9,-3.0173197274052654e-11
23,1976,2023,1,47,50,10,1,杉並区,West,50_杉並区_10_47,-1.5985435197762854e-9,-1.656919046411076e-11
50,1973,2023,1,50,75,2,1,杉並区,West,75_杉並区_2_50,-3.244579716010776e-9,-3.0166535935904903e-11
59,1979,2023,1,44,70,2,1,杉並区,West,70_杉並区_2_44,-2.163815793210233e-9,-2.0932366950887626e-11
110,2015,2023,1,8,80,10,1,杉並区,West,80_杉並区_10_8,-3.3590623615964432e-9,-3.0434099684839566e-11
62,2011,2023,1,12,65,8,1,杉並区,West,65_杉並区_8_12,-2.000000004664102,-4.3766990032167996e-11
66,2011,2023,1,12,65,8,1,杉並区,West,65_杉並区_8_12,1.999999995335898,-4.3766990032167996e-11
65,2005,2023,1,18,80,3,1,杉並区,West,80_杉並区_3_18,-3.880458621097205e-9,-3.518607627484016e-11
27,2007,2023,1,16,35,9,1,杉並区,West,35_杉並区_9_16,-6.0608940088968666e-9,-5.1284976265719706e-11
65,1996,2023,1,27,80,10,1,杉並区,West,80_杉並区_10_27,-3.775909362957464e-9,-3.384581503951267e-11
17,1998,2023,1,25,30,5,1,杉並区,West,30_杉並区_5_25,-6.258069618070294e-9,-3.8088865395025095e-11
19,1975,2023,1,48,35,5,1,杉並区,West,35_杉並区_5_48,-2.1576305186954414e-9,-2.0910384535000048e-11
80,2010,2023,1,13,75,7,1,杉並区,West,75_杉並区_7_13,-4.409599796417751e-9,-4.0673242551747535e-11
87,2010,2023,1,13,80,5,1,杉並区,West,80_杉並区_5_13,-3.786567503993865e-9,-3.455191688317427e-11
62,1999,2023,1,24,70,4,1,杉並区,West,70_杉並区_4_24,-5.48006795497713e-9,-4.932076969055288e-11
72,2010,2023,1,13,70,7,1,杉並区,West,70_杉並区_7_13,-4.3032457597291796e-9,-3.9460879008856864e-11
62,2005,2023,1,18,70,11,1,杉並区,West,70_杉並区_11_18,-4.902325656530593e-9,-4.650702045694288e-11
27,1977,2023,1,46,40,6,1,杉並区,West,40_杉並区_6_46,-6.883841052740536e-9,-1.5420553722833574e-11
25,1976,2023,1,47,45,3,1,杉並区,West,45_杉並区_3_47,1.3713474800169934e-12,1.564015583710443e-11
54,1998,2023,1,25,60,4,1,杉並区,West,60_杉並区_4_25,-2.850768510143098e-10,-4.57212046001132e-12
47,1978,2023,1,45,70,11,1,杉並区,West,70_杉並区_11_45,-5.087173349238583e-9,-4.985212243013848e-11
47,1999,2023,1,24,55,7,1,杉並区,West,55_杉並区_7_24,-4.277872278635186e-9,-3.946332149951104e-11
62,2013,2023,1,10,55,7,1,杉並区,West,55_杉並区_7_10,-1.7410428654329735e-10,-3.2105429426110277e-12
60,1999,2023,1,24,65,7,1,杉並区,West,65_杉並区_7_24,-1.810860794648761e-9,-1.8099299836649152e-11
55,1998,2023,1,25,80,10,1,杉並区,West,80_杉並区_10_25,-3.2826079632286564e-9,-2.822586608886013e-11
45,2000,2023,1,23,75,9,1,杉並区,West,75_杉並区_9_23,-3.9682035435362195e-9,-3.570588269496966e-11
71,2013,2023,1,10,75,7,1,杉並区,West,75_杉並区_7_10,-3.1782008136360673e-9,-2.7469582164485473e-11
34,1998,2023,1,25,35,4,1,杉並区,West,35_杉並区_4_25,-6.2123177713147015e-9,-4.835509770373392e-11
44,2012,2023,1,11,40,4,1,杉並区,West,40_杉並区_4_11,-3.0066900080782943e-9,-2.5896840227801476e-11
25,2000,2023,1,23,35,13,1,杉並区,West,35_杉並区_13_23,-2.514852326385153e-9,-2.4724666758402236e-11
61,2011,2023,1,12,60,2,1,杉並区,West,60_杉並区_2_12,-5.480849551986466e-9,-4.980660328612885e-11
47,2012,2023,1,11,45,3,1,杉並区,West,45_杉並区_3_11,8.478195923089515e-11,1.3071099758121818e-11
66,2011,2023,1,12,60,3,1,杉並区,West,60_杉並区_3_12,-2.4004975784919225e-10,-3.924638392049928e-12
46,1999,2023,1,24,50,2,1,杉並区,West,50_杉並区_2_24,-2.2444623937190045e-10,-3.9184211431120275e-12
61,2004,2023,1,19,75,9,1,杉並区,West,75_杉並区_9_19,-4.131514685923321e-9,-3.7835068411595785e-11
18,1991,2023,1,32,30,9,1,杉並区,West,30_杉並区_9_32,-4.903455419480451e-10,-6.299405441723138e-12
41,1988,2023,1,35,55,10,1,杉並区,West,55_杉並区_10_35,-6.318430223473115e-9,-3.5824010424789776e-11
24,1976,2021,1,45,45,3,0,豊島区,West,45_豊島区_3_45,-4.817248822064357e-9,-4.576428125346865e-11
61,2005,2021,1,16,75,3,0,豊島区,West,75_豊島区_3_16,-3.466361420123576e-9,-3.152522687344117e-11
42,1992,2021,1,29,50,12,0,豊島区,West,50_豊島区_12_29,-3.818101390606898e-9,-3.460876030203508e-11
51,1998,2021,1,23,75,3,0,豊島区,West,75_豊島区_3_23,-3.998408715233381e-9,-3.5854874624874356e-11
52,2001,2021,1,20,70,6,0,豊島区,West,70_豊島区_6_20,-2.0000000037789434,-3.292943695498707e-11
49,1997,2021,1,24,55,2,0,豊島区,West,55_豊島区_2_24,-1.7841017552200356e-10,9.745537710159624e-13
64,2013,2021,1,8,60,2,0,豊島区,West,60_豊島区_2_8,-9.550404911351507e-10,-1.3419043654039342e-11
28,1976,2021,1,45,40,2,0,豊島区,West,40_豊島区_2_45,-2.0681270029854204e-9,-1.9790169503153265e-11
60,2006,2021,1,15,70,9,0,豊島区,West,70_豊島区_9_15,-3.880956001012237e-9,-3.532329984068383e-11
16,1999,2021,1,22,25,5,0,豊島区,West,25_豊島区_5_22,-6.291593024343456e-9,-3.5887515181798335e-11
43,1983,2021,1,38,60,2,0,豊島区,West,60_豊島区_2_38,-4.0353569374929066e-9,-3.524469605054037e-11
56,2001,2021,1,20,70,6,0,豊島区,West,70_豊島区_6_20,1.9999999962210566,-3.292943695498707e-11
33,2012,2021,1,9,30,7,0,豊島区,West,30_豊島区_7_9,-4.582666690566839e-9,-4.1123771055140423e-11
56,2016,2021,1,5,55,9,0,豊島区,West,55_豊島区_9_5,-3.751466692847316e-9,-3.26210169987462e-11
32,2008,2021,1,13,35,12,0,豊島区,West,35_豊島区_12_13,-1.102804958463821e-9,-1.1744383243694756e-11
92,2008,2021,1,13,80,4,0,豊島区,West,80_豊島区_4_13,-3.6014853321830742e-09,-3.20754534044454e-11
12,1982,2021,1,39,25,2,0,豊島区,West,25_豊島区_2_39,-4.6756696292504785e-9,-4.378075679767335e-11
21,1986,2021,1,35,50,5,0,豊島区,West,50_豊島区_5_35,-3.3914844266291766e-9,-3.105138368653115e-11
38,1997,2021,1,24,55,8,0,豊島区,West,55_豊島区_8_24,-5.501497923887655e-9,-5.0680348806508846e-11
28,2004,2021,1,17,35,6,0,豊島区,West,35_豊島区_6_17,-6.407393726703958e-9,-3.22564197574593e-11
63,2004,2021,1,17,80,10,0,豊島区,West,80_豊島区_10_17,-2.5000000042598174,-3.889888411379161e-11
65,2004,2021,1,17,85,10,0,豊島区,West,85_豊島区_10_17,-3.642554702310008e-9,-3.225353317759527e-11
22,1979,2021,1,42,45,8,0,豊島区,West,45_豊島区_8_42,-5.865889107781186e-9,-5.157252402909762e-11
15,1997,2021,1,24,25,8,0,豊島区,West,25_豊島区_8_24,-3.0000000062872907,-0.5000000000367408
47,2009,2021,1,12,65,4,0,豊島区,West,65_豊島区_4_12,-4.691870003625809e-9,-4.512723528193874e-11
68,2004,2021,1,17,80,10,0,豊島区,West,80_豊島区_10_17,2.4999999957401826,-3.889888411379161e-11
40,1989,2021,1,32,55,8,0,豊島区,West,55_豊島区_8_32,-4.886885562882526e-9,-4.658096131038292e-11
25,1981,2021,1,40,45,10,0,豊島区,West,45_豊島区_10_40,-5.743039821481943e-9,-5.172817729715007e-11
85,2015,2021,1,6,60,6,0,豊島区,West,60_豊島区_6_6,-2.6866189273277996e-9,-2.5900392941480277e-11
140,2015,2021,1,6,85,1,0,豊島区,West,85_豊島区_1_6,-13.33333333696288,-3.203881604463277e-11
160,2015,2021,1,6,85,1,0,豊島区,West,85_豊島区_1_6,6.66666666303712,-3.203881604463277e-11
160,2015,2021,1,6,85,1,0,豊島区,West,85_豊島区_1_6,6.66666666303712,-3.203881604463277e-11
19,1975,2021,1,46,35,8,0,豊島区,West,35_豊島区_8_46,-5.096548960636937e-9,-4.986988599853248e-11
150,2015,2021,1,6,80,1,0,豊島区,West,80_豊島区_1_6,-4.108244411327178e-9,-3.615374666310345e-11
24,1986,2021,1,35,45,5,0,豊島区,West,45_豊島区_5_35,-1.967610074871118e-9,-1.9025225839186533e-11
26,1986,2021,1,35,40,5,0,豊島区,West,40_豊島区_5_35,-2.28283170145005e-10,9.539036227579345e-13
21,2007,2021,1,14,25,8,0,豊島区,West,25_豊島区_8_14,-6.249770478916616e-9,-4.439870693317971e-11
23,1985,2021,1,36,35,6,0,豊島区,West,35_豊島区_6_36,-9.608669415683835e-11,1.6531886970483356e-11
53,2009,2021,1,12,55,5,0,豊島区,West,55_豊島区_5_12,-9.453060556552373e-10,-1.32998057011946e-11
52,2008,2021,1,13,55,1,0,豊島区,West,55_豊島区_1_13,-8.85066242517496e-10,-9.676703882632864e-12
48,2003,2021,1,18,75,5,0,豊島区,West,75_豊島区_5_18,-2.974516633003077e-9,-2.655586861521897e-11
80,2011,2021,1,10,80,2,0,豊島区,West,80_豊島区_2_10,-3.6397693747858284e-9,-3.1995517346672386e-11
55,2005,2021,1,16,70,10,0,豊島区,West,70_豊島区_10_16,-4.520614993452909e-9,-4.190781055513071e-11
22,1982,2021,1,39,35,3,0,豊島区,West,35_豊島区_3_39,1.865103627096687e-10,8.627543124362091e-12
22,1983,2021,1,38,35,3,0,豊島区,West,35_豊島区_3_38,-8.140439433645952e-10,-9.39981426029135e-12
20,1991,2021,1,30,30,2,0,豊島区,West,30_豊島区_2_30,-6.196547275294506e-9,-4.688827104359916e-11
60,2006,2021,1,15,80,8,0,豊島区,West,80_豊島区_8_15,-3.3044571523532795e-9,-2.8635982474156663e-11
100,2006,2021,1,15,65,5,0,豊島区,West,65_豊島区_5_15,-5.044213935434527e-9,-4.91036100669362e-11
77,1998,2021,1,23,70,7,0,豊島区,West,70_豊島区_7_23,-3.974818696406146e-9,-3.5097924566684924e-11
18,1989,2021,1,32,30,2,0,豊島区,West,30_豊島区_2_32,-4.643887052679929e-9,-4.206235360015853e-11
52,2015,2021,1,6,55,5,0,豊島区,West,55_豊島区_5_6,-1.0196288258157438e-10,2.7338131758369855e-12
28,1977,2021,1,44,45,2,0,豊島区,West,45_豊島区_2_44,-2.6876172398715426e-9,-2.564592982423619e-11
16,1980,2021,1,41,30,7,0,豊島区,West,30_豊島区_7_41,-2.801776588512439e-9,-2.5082158572331537e-11
73,2013,2021,1,8,75,7,0,豊島区,West,75_豊島区_7_8,-3.2846401154529303e-9,-2.8797186857332235e-11
63,2008,2021,1,13,65,6,0,豊島区,West,65_豊島区_6_13,-2.9949163149467495e-9,-2.6326274493726487e-11
16,1990,2021,1,31,25,8,0,豊島区,West,25_豊島区_8_31,-3.2827145446390205e-9,4.6890713534253337e-11
18,1990,2021,1,31,30,8,0,豊島区,West,30_豊島区_8_31,-1.5940706532546756e-9,-1.6162848837097954e-11
17,1977,2021,1,44,30,2,0,豊島区,West,30_豊島区_2_44,-9.657803445861646e-10,-1.1244782882613436e-11
64,2012,2021,1,9,60,6,0,豊島区,West,60_豊島区_6_9,-1.076131184163387e-9,-1.358579915233804e-11
24,1995,2021,1,26,30,3,0,豊島区,West,30_豊島区_3_26,-6.471140068242676e-9,-2.3671953286452663e-11
50,2004,2021,1,17,45,6,0,豊島区,West,45_豊島区_6_17,-7.813980573700974e-10,-9.32076638093804e-12
48,2004,2021,1,17,50,6,0,豊島区,West,50_豊島区_6_17,-4.6648764850942825e-9,-4.391687014049239e-11
86,2014,2021,1,7,75,9,0,豊島区,West,75_豊島区_9_7,-3.4231106837978587e-9,-3.051314756419288e-11
52,1995,2021,1,26,55,9,0,豊島区,West,55_豊島区_9_26,-5.2223967372810876e-9,-5.03703745380335e-11
91,2011,2021,1,10,70,2,0,豊島区,West,70_豊島区_2_10,11.999999996634642,-2.8923086148324728e-11
95,2011,2021,1,10,75,2,0,豊島区,West,75_豊島区_2_10,-4.159332434028329e-9,-3.70545816252843e-11
27,2001,2021,1,20,30,9,0,豊島区,West,30_豊島区_9_20,-6.357929294154019e-9,-3.464672992947726e-11
20,2004,2021,1,17,25,8,0,豊島区,West,25_豊島区_8_17,-8.933724870985316e-10,2.612776661692351e-11
47,2008,2021,1,13,45,8,0,豊島区,West,45_豊島区_8_13,-4.336058623266581e-9,-4.023248401097135e-11
130,2011,2021,1,10,90,2,0,豊島区,West,90_豊島区_2_10,-5.000000002596778,-2.4272805987379797e-11
77,2016,2021,1,5,70,9,0,豊島区,West,70_豊島区_9_5,-1.6427179616584908e-9,-1.731237375679484e-11
60,2003,2021,1,18,60,9,0,豊島区,West,60_豊島区_9_18,-2.50000000402774,-3.526667846642795e-11
27,2015,2021,1,6,25,1,0,豊島区,West,25_豊島区_1_6,-6.355147519343518e-9,-2.031330659235664e-11
32,2003,2021,1,18,30,9,0,豊島区,West,30_豊島区_9_18,-2.3330528620135738e-9,-2.213740302181577e-11
65,2003,2021,1,18,60,9,0,豊島区,West,60_豊島区_9_18,2.49999999597226,-3.526667846642795e-11
140,2011,2021,1,10,90,2,0,豊島区,West,90_豊島区_2_10,4.999999997403222,-2.4272805987379797e-11
17,1978,2021,1,43,25,5,0,豊島区,West,25_豊島区_5_43,-1.500000000542471,-0.5000000000071674
26,2001,2021,1,20,30,11,0,豊島区,West,30_豊島区_11_20,-3.645723722911498e-9,-3.2383429271476416e-11
55,2007,2021,1,14,45,1,0,豊島区,West,45_豊島区_1_14,-3.41125883096538e-9,-3.110289803487376e-11
23,2015,2021,1,6,25,7,0,豊島区,West,25_豊島区_7_6,-7.807798851899861e-10,-9.098721776013008e-12
13,1979,2021,1,42,25,5,0,豊島区,West,25_豊島区_5_42,-1.058836573974986e-9,-1.3123058195674275e-11
22,2012,2021,1,9,25,3,0,豊島区,West,25_豊島区_3_9,-4.917097840007045e-10,-6.139311281572191e-12
67,2011,2021,1,10,70,2,0,豊島区,West,70_豊島区_2_10,-12.000000003365358,-2.8923086148324728e-11
13,1989,2023,1,34,25,8,1,豊島区,West,25_豊島区_8_34,-6.282046882688519e-9,-1.8496315590255108e-11
67,2002,2023,1,21,75,8,1,豊島区,West,75_豊島区_8_21,-3.48580897480133e-9,-3.132005765849044e-11
32,1988,2023,1,35,40,14,1,豊島区,West,40_豊島区_14_35,-2.802735821205715e-10,-4.493960759077709e-12
54,1996,2023,1,27,60,7,1,豊島区,West,60_豊島区_7_27,-1.0337330991205818e-9,-1.2385870107323171e-11
24,1985,2023,1,38,40,5,1,豊島区,West,40_豊島区_5_38,-2.356234318767747e-9,-2.219557870830613e-11
24,1981,2023,1,42,35,4,1,豊島区,West,35_豊島区_4_42,-4.411994325437263e-9,-4.0526249023287164e-11
66,2007,2023,1,16,65,5,1,豊島区,West,65_豊島区_5_16,-5.06197750382853e-9,-4.918976337364711e-11
46,1997,2023,1,26,55,2,1,豊島区,West,55_豊島区_2_26,-5.140492476130021e-9,-4.948397247517278e-11
110,2005,2023,1,18,85,4,1,豊島区,West,85_豊島区_4_18,-3.4844589436033857e-9,-3.1453506466050385e-11
60,2011,2023,1,12,50,7,1,豊島区,West,50_豊島区_7_12,-5.264688240913529e-9,-4.923661478528629e-11
75,2002,2023,1,21,75,2,1,豊島区,West,75_豊島区_2_21,-2.934200438176049e-9,-2.5724089525169802e-11
75,2013,2023,1,10,65,5,1,豊島区,West,65_豊島区_5_10,-2.5409718773516943e-9,-2.4716229063415085e-11
35,1988,2023,1,35,70,10,1,豊島区,West,70_豊島区_10_35,-1.983721631404478e-9,-1.986899533790165e-11
54,1997,2023,1,26,60,5,1,豊島区,West,60_豊島区_5_26,-4.562558331144828e-9,-4.270583886523127e-11
50,2016,2023,1,7,50,6,1,豊島区,West,50_豊島区_6_7,-6.05987793278473e-9,-5.058264918034183e-11
65,2006,2023,1,17,65,7,1,豊島区,West,65_豊島区_7_17,-5.4899658152862685e-9,-5.0043524879583856e-11
84,2006,2023,1,17,75,8,1,豊島区,West,75_豊島区_8_17,-3.4406042459522723e-9,-2.9776403565051623e-11
25,2010,2023,1,13,25,5,1,豊島区,West,25_豊島区_5_13,-3.4016025551864004e-9,-3.01487723675109e-11
38,1981,2023,1,42,50,10,1,豊島区,West,50_豊島区_10_42,-4.416321530698042e-9,-4.040834333807197e-11
100,2008,2023,1,15,75,3,1,豊島区,West,75_豊島区_3_15,-4.1178651599693694e-9,-3.777000934235275e-11
67,1981,2023,1,42,75,2,1,豊島区,West,75_豊島区_2_42,-3.1619435958418762e-9,-2.687494671249624e-11
64,2012,2023,1,11,80,14,1,豊島区,West,80_豊島区_14_11,-3.3451499348302605e-9,-2.8768987192506756e-11
15,1986,2023,1,37,30,3,1,豊島区,West,30_豊島区_3_37,-1.1787975040533638e-9,-1.3371526108585385e-11
40,1986,2023,1,37,55,5,1,豊島区,West,55_豊島区_5_37,-8.290470532301697e-10,-9.641842879659634e-12
61,2002,2023,1,21,75,7,1,豊島区,West,75_豊島区_7_21,-3.3664164789115603e-9,-2.9820146352221855e-11
61,2002,2023,1,21,75,7,1,豊島区,West,75_豊島区_7_21,-3.3664164789115603e-9,-2.9820146352221855e-11
9,1973,2023,1,50,25,7,1,豊島区,West,25_豊島区_7_50,-3.365158818269265e-9,-2.9353186548064514e-11
61,2009,2023,1,14,60,4,1,豊島区,West,60_豊島区_4_14,-3.351388500050234e-9,-2.931277442996816e-11
34,1986,2023,1,37,55,10,1,豊島区,West,55_豊島区_10_37,-5.392386981384334e-9,-4.9619419684177046e-11
33,2009,2023,1,14,35,4,1,豊島区,West,35_豊島区_4_14,-6.309193167908234e-9,-3.8577363525860164e-11
190,2015,2023,1,8,85,1,1,豊島区,West,85_豊島区_1_8,-3.532448999976623e-9,-3.200328890784476e-11
21,1999,2023,1,24,25,8,1,豊島区,West,25_豊島区_8_24,2.9999999937127093,0.49999999996325917
100,2013,2023,1,10,75,4,1,豊島区,West,75_豊島区_4_10,-4.258467356521578e-9,-3.9300784848705916e-11
22,2006,2023,1,17,25,7,1,豊島区,West,25_豊島区_7_17,-6.037382149770565e-9,-5.085754040123902e-11
29,2016,2023,1,7,30,4,1,豊島区,West,30_豊島区_4_7,1.0729195309977513e-11,4.557465516086268e-12
64,1997,2023,1,26,70,7,1,豊島区,West,70_豊島区_7_26,-4.295912958696135e-9,-4.0345282670273264e-11
85,2011,2023,1,12,75,2,1,豊島区,West,75_豊島区_2_12,-1.0000000039174068,-3.523048519582517e-11
110,2011,2023,1,12,90,2,1,豊島区,West,90_豊島区_2_12,-35.0000000039916,-3.6180169971089526e-11
69,2011,2023,1,12,60,2,1,豊島区,West,60_豊島区_2_12,-1.571748953210772e-9,-1.6304069205830274e-11
63,2005,2023,1,18,75,11,1,豊島区,West,75_豊島区_11_18,-4.266397013452661e-9,-3.930655800843397e-11
21,1997,2023,1,26,30,6,1,豊島区,West,30_豊島区_6_26,-2.0234836028976133e-9,3.840106010954969e-11
74,1997,2023,1,26,70,5,1,豊島区,West,70_豊島区_5_26,-3.1507028097621514e-9,-2.688649303195234e-11
65,1997,2023,1,26,80,6,1,豊島区,West,80_豊島区_6_26,-3.451049224167946e-9,-2.9886759733699364e-11
87,2011,2023,1,12,75,2,1,豊島区,West,75_豊島区_2_12,0.9999999960825932,-3.523048519582517e-11
88,2000,2023,1,23,80,5,1,豊島区,West,80_豊島区_5_23,-3.937685733035323e-9,-3.5635050465998575e-11
67,2003,2023,1,20,75,3,1,豊島区,West,75_豊島区_3_20,-4.411759846334462e-9,-4.06161770882818e-11
20,2005,2023,1,18,25,5,1,豊島区,West,25_豊島区_5_18,-6.089216242344264e-9,-4.959210819777127e-11
56,2003,2023,1,20,55,3,1,豊島区,West,55_豊島区_3_20,-1.9091359604317404e-9,-1.8868240303504535e-11
97,2000,2023,1,23,80,4,1,豊島区,West,80_豊島区_4_23,-3.9820946540203295e-9,-3.586042573999748e-11
55,1999,2023,1,24,55,5,1,豊島区,West,55_豊島区_5_24,-9.586287319507392e-10,-1.2425838136209677e-11
57,2003,2023,1,20,50,3,1,豊島区,West,50_豊島区_3_20,-6.198348501129658e-9,-4.7900350352847454e-11
24,2003,2023,1,20,35,4,1,豊島区,West,35_豊島区_4_20,-6.0112270716672356e-9,-5.078559794924331e-11
68,2000,2023,1,23,65,4,1,豊島区,West,65_豊島区_4_23,-6.679101716144942e-10,-8.905765014333156e-12
70,2010,2023,1,13,55,6,1,豊島区,West,55_豊島区_6_13,-1.000000004667939,-4.443223566852339e-11
72,2010,2023,1,13,55,6,1,豊島区,West,55_豊島区_6_13,0.9999999953320611,-4.443223566852339e-11
23,1973,2023,1,50,30,6,1,豊島区,West,30_豊島区_6_50,-5.39358424589409e-9,-4.955302834730446e-11
53,2009,2023,1,14,70,5,1,豊島区,West,70_豊島区_5_14,-4.3587533582467586e-9,-4.0664804856760384e-11
20,2015,2023,1,8,25,10,1,豊島区,West,25_豊島区_10_8,-4.947871445892815e-9,-4.6988635205025275e-11
15,1975,2023,1,48,40,6,1,豊島区,West,40_豊島区_6_48,-5.317424722761643e-9,-5.0255799521892186e-11
70,2005,2023,1,18,65,7,1,豊島区,West,65_豊島区_7_18,-1.173717123492679e-9,-1.2983614183781356e-11
74,2002,2023,1,21,70,2,1,豊島区,West,70_豊島区_2_21,-4.946741682942957e-9,-4.769185046882285e-11
57,2016,2023,1,7,55,6,1,豊島区,West,55_豊島区_6_7,-4.478700077470421e-9,-4.156319732828706e-11
24,1977,2023,1,46,45,6,1,豊島区,West,45_豊島区_6_46,-9.203944273394882e-10,-1.2290168882600483e-11
72,2006,2023,1,17,70,4,1,豊島区,West,70_豊島区_4_17,-4.471985448617488e-9,-3.9867886769684446e-11
20,2013,2023,1,10,25,11,1,豊島区,West,25_豊島区_11_10,-1.9587957922340138e-9,-1.8874901641652286e-11
65,2000,2023,1,23,75,6,1,豊島区,West,75_豊島区_6_23,-3.5527421005099313e-9,-3.165534501192724e-11
71,2001,2023,1,22,75,5,1,豊島区,West,75_豊島区_5_22,-3.194074338352948e-9,-2.8136382113075342e-11
62,2000,2023,1,23,60,1,1,豊島区,West,60_豊島区_1_23,-1.209173206007108e-9,-1.3878898030839082e-11
50,1991,2023,1,32,50,8,1,豊島区,West,50_豊島区_8_32,-1.0503953262741561e-9,-1.4056977803988957e-11
73,2004,2023,1,19,70,3,1,豊島区,West,70_豊島区_3_19,-2.278198962812894e-9,-2.195466031196247e-11
68,2012,2023,1,11,60,6,1,豊島区,West,60_豊島区_6_11,-2.543217192396696e-9,-2.4557245126288763e-11
110,2015,2023,1,8,80,9,1,豊島区,West,80_豊島区_9_8,-3.3483757988506113e-9,-2.919287034330864e-11
22,1981,2023,1,42,40,3,1,豊島区,West,40_豊島区_3_42,-4.816136822682893e-9,-4.5602410736478305e-11
80,2013,2023,1,10,65,3,1,豊島区,West,65_豊島区_3_10,-1.0000000010662973,-1.3170575741128232e-11
43,1986,2023,1,37,40,8,1,豊島区,West,40_豊島区_8_37,-5.305345496253722e-9,-4.991740354398644e-11
37,2009,2023,1,14,35,10,1,豊島区,West,35_豊島区_10_14,-6.36313757240714e-9,-3.254596592228154e-11
41,1990,2023,1,33,65,5,1,豊島区,West,65_豊島区_5_33,-3.33949401465361e-9,-3.0024427388752883e-11
68,2009,2023,1,14,60,7,1,豊島区,West,60_豊島区_7_14,-2.175781332880433e-9,-2.1448176568128474e-11
82,2013,2023,1,10,65,3,1,豊島区,West,65_豊島区_3_10,0.9999999989337027,-1.3170575741128232e-11
52,2004,2023,1,19,45,2,1,豊島区,West,45_豊島区_2_19,-4.561684363579843e-9,-4.134870223992948e-11
150,2011,2023,1,12,85,2,1,豊島区,West,85_豊島区_2_12,-3.4815457183867693e-9,-3.133493464702042e-11
36,1987,2023,1,36,45,11,1,豊島区,West,45_豊島区_11_36,-5.915374856613198e-9,-5.1834314618304234e-11
130,2007,2023,1,16,80,1,1,豊島区,West,80_豊島区_1_16,-3.3406593047402566e-9,-2.954148037304094e-11
12,1982,2023,1,41,25,5,1,豊島区,West,25_豊島区_5_41,-5.914735368151014e-9,-5.173173001082887e-11
11,1978,2023,1,45,25,3,1,豊島区,West,25_豊島区_3_45,-1.7352483894228499e-9,-1.7530865648041072e-11
55,2003,2023,1,20,50,11,1,豊島区,West,50_豊島区_11_20,-5.8790732282432145e-9,-5.265143876442835e-11
32,1982,2023,1,41,45,5,1,豊島区,West,45_豊島区_5_41,-3.3937652688109665e-10,-5.3512749786932545e-12
40,1984,2023,1,39,45,1,1,豊島区,West,45_豊島区_1_39,-8.619593927505775e-10,-9.705125592063268e-12
28,1982,2023,1,41,40,6,1,豊島区,West,40_豊島区_6_41,-6.253387141441635e-9,-4.0361269881827866e-11
67,2003,2023,1,20,60,11,1,豊島区,West,60_豊島区_11_20,-5.213465215092583e-9,-4.9815263025720924e-11
31,2009,2023,1,14,35,8,1,豊島区,West,35_豊島区_8_14,-1.9871038148266962e-10,2.1518342663284784e-12
24,1983,2023,1,40,35,6,1,豊島区,West,35_豊島区_6_40,-3.1766873576088983e-9,-2.7252200496263868e-11
180,2011,2023,1,12,90,2,1,豊島区,West,90_豊島区_2_12,34.9999999960084,-3.6180169971089526e-11
20,1980,2023,1,43,25,5,1,豊島区,West,25_豊島区_5_43,1.499999999457529,0.4999999999928326
83,2016,2023,1,7,70,7,1,豊島区,West,70_豊島区_7_7,-4.473122316994704e-9,-4.021716293323152e-11
62,1996,2023,1,27,60,2,1,豊島区,West,60_豊島区_2_27,-4.743867521028733e-9,-4.488986959927388e-11
35,2008,2023,1,15,35,4,1,豊島区,West,35_豊島区_4_15,-8.601546142017469e-10,-9.706457859692819e-12
62,2002,2023,1,21,60,4,1,豊島区,West,60_豊島区_4_21,-3.5419986943452386e-9,-3.1658675681001114e-11
84,2012,2023,1,11,70,7,1,豊島区,West,70_豊島区_7_11,-1.0401350891697803e-9,-1.4045431484532855e-11
60,1996,2023,1,27,65,2,1,豊島区,West,65_豊島区_2_27,-2.4593305170128588e-9,-2.3455903885860607e-11
22,1978,2023,1,45,40,4,1,豊島区,West,40_豊島区_4_45,-1.0975220732234447e-9,-1.3396395104336989e-11
14,1977,2023,1,46,30,2,1,豊島区,West,30_豊島区_2_46,-3.501760659219144e-9,-3.126432446265426e-11
60,2001,2023,1,22,75,8,1,豊島区,West,75_豊島区_8_22,-3.911381440957484e-9,-3.5240477203046794e-11
40,2010,2023,1,13,40,2,1,豊島区,West,40_豊島区_2_13,-6.509480954264291e-9,-2.411093547038945e-11
53,2016,2023,1,7,50,1,1,豊島区,West,50_豊島区_1_7,-6.337998570415948e-9,-3.6778580181362486e-11
40,1987,2023,1,36,55,4,1,豊島区,West,55_豊島区_4_36,-1.4871659459458897e-10,1.7376100558408325e-11
33,2014,2021,1,7,75,14,0,北区,West,75_北区_14_7,-4.2251215859323565e-9,-3.8520520106999356e-11
46,2012,2021,1,9,65,10,0,北区,West,65_北区_10_9,-4.019341304228874e-9,-3.6127989488932144e-11
43,2016,2021,1,5,70,11,0,北区,West,70_北区_11_5,-3.5087737160210963e-9,-3.147526683733304e-11
50,2013,2021,1,8,75,4,0,北区,West,75_北区_4_8,-2.176747671001067e-9,-2.163336176863595e-11
45,2012,2021,1,9,70,10,0,北区,West,70_北区_10_9,-2.3408546212522197e-9,-2.1657342585967854e-11
38,2009,2021,1,12,70,9,0,北区,West,70_北区_9_12,-2.7809718972093833e-9,-2.4802826459335847e-11
47,2016,2021,1,5,75,11,0,北区,West,75_北区_11_5,-1.0000000042119908,-3.852629326672741e-11
30,1998,2021,1,23,65,6,0,北区,West,65_北区_6_23,-1.7712409317027777e-10,1.0245138071240945e-12
49,2016,2021,1,5,75,11,0,北区,West,75_北区_11_5,0.9999999957880092,-3.852629326672741e-11
38,2007,2021,1,14,65,2,0,北区,West,65_北区_2_14,-2.985807157074305e-9,-2.6510571515814263e-11
27,1981,2021,1,40,45,10,0,北区,West,45_北区_10_40,-6.934399721103546e-10,-8.177458710179053e-12
39,2013,2021,1,8,55,2,0,北区,West,55_北区_2_8,-3.217543564915104e-9,-2.7706947847150332e-11
35,2010,2021,1,11,55,3,0,北区,West,55_北区_3_11,-1.262812077129638e-9,-1.4934276038047756e-11
14,1982,2021,1,39,50,5,0,北区,West,50_北区_5_39,-8.395275585826312e-10,-1.0183409671071786e-11
7.2,1982,2021,1,39,30,5,0,北区,West,30_北区_5_39,-6.159178944642463e-9,-3.998423814266516e-11
12,1982,2021,1,39,45,5,0,北区,West,45_北区_5_39,-2.600707205147046e-9,-2.5404789383287607e-11
16,1981,2021,1,40,55,4,0,北区,West,55_北区_4_40,-4.947395382259856e-9,-4.756617322243528e-11
40,2001,2021,1,20,70,10,0,北区,West,70_北区_10_20,-1.620705347704643e-9,-1.6732615293335584e-11
35,2012,2021,1,9,60,9,0,北区,West,60_北区_9_9,-4.597239922077279e-9,-4.363176486776865e-11
25,2006,2021,1,15,50,10,0,北区,West,50_北区_10_15,6.834710575276404e-11,6.0311755589737e-12
14,1993,2021,1,28,25,9,0,北区,West,25_北区_9_28,-6.068567870443076e-9,-5.1446846782710054e-11
45,2006,2021,1,15,70,9,0,北区,West,70_北区_9_15,-4.131692321607261e-9,-3.7983394207685706e-11
44,2012,2021,1,9,90,15,0,北区,West,90_北区_15_9,-4.0934651224233676e-9,-3.738076514991917e-11
45,2012,2021,1,9,85,15,0,北区,West,85_北区_15_9,-4.034909295569378e-9,-3.556421823702749e-11
30,2016,2021,1,5,35,3,0,北区,West,35_北区_3_5,-6.381448258707678e-9,-2.2426727142033087e-11
37,2016,2021,1,5,35,1,0,北区,West,35_北区_1_5,-4.9488448894408066e-9,-4.769984407460015e-11
20,2007,2021,1,14,30,9,0,北区,West,30_北区_9_14,-6.344961889226397e-9,-2.028821555200011e-11
44,1978,2021,1,43,65,3,0,北区,West,65_北区_3_43,-8.221476832659391e-10,-9.706013770482969e-12
21,2012,2021,1,9,25,3,0,北区,West,25_北区_3_9,-3.212200283542188e-9,-2.7244206890486566e-11
14,1980,2021,1,41,40,7,0,北区,West,40_北区_7_41,-5.6509144030769676e-9,-5.268985248108038e-11
45,2009,2021,1,12,80,8,0,北区,West,80_北区_8_12,-3.3052245385079004e-9,-3.0859315103271e-11
43,2002,2021,1,19,75,1,0,北区,West,75_北区_1_19,-2.6477451342543645e-9,-2.5639046441483515e-11
42,2011,2021,1,10,70,13,0,北区,West,70_北区_13_10,-3.3229952123292605e-9,-2.851141545079372e-11
30,1980,2021,1,41,55,4,0,北区,West,55_北区_4_41,-5.938630920354626e-9,-5.2458482002748497e-11
68,2012,2021,1,9,75,4,0,北区,West,75_北区_4_9,-4.760210003951215e-9,-4.5385251112861624e-11
41,1987,2021,1,34,85,3,0,北区,West,85_北区_3_34,-3.4176110830230755e-9,-3.118971747539945e-11
71,2013,2021,1,8,75,3,0,北区,West,75_北区_3_8,-3.162142547807889e-9,-2.7150282022603278e-11
11,1975,2021,1,46,35,8,0,北区,West,35_北区_8_46,-8.491340963701077e-10,-9.744205442530074e-12
34,1999,2021,1,22,60,3,0,北区,West,60_北区_3_22,-1.2642686897379463e-9,-1.496625046115696e-11
60,2013,2021,1,8,70,3,0,北区,West,70_北区_3_8,-3.1325200211540505e-9,-2.6626256754980204e-11
42,2005,2021,1,16,65,7,0,北区,West,65_北区_7_16,-7.198934781627031e-10,-8.395950601425284e-12
59,2006,2021,1,15,85,8,0,北区,West,85_北区_8_15,-3.795420866481436e-9,-3.4710012641880894e-11
29,2005,2021,1,16,45,7,0,北区,West,45_北区_7_16,-3.6426399674382992e-9,-3.231437339934473e-11
65,2013,2021,1,8,65,3,0,北区,West,65_北区_3_8,-1.1038423508580308e-9,-1.3629763984113197e-11
65,2013,2021,1,8,70,4,0,北区,West,70_北区_4_8,-1.490136014581367e-9,-1.6865620011685678e-11
39,1975,2021,1,46,75,7,0,北区,West,75_北区_7_46,-3.5602383263722004e-9,-3.2338354216676635e-11
40,1975,2021,1,46,75,6,0,北区,West,75_北区_6_46,-4.509836060151429e-9,-4.1919134829981886e-11
48,2006,2021,1,15,75,3,0,北区,West,75_北区_3_15,-2.3472850330108486e-9,-2.2434942792415313e-11
21,2012,2021,1,9,30,2,0,北区,West,30_北区_2_9,-3.369095225025376e-9,-2.966715761942851e-11
54,2015,2021,1,6,70,7,0,北区,West,70_北区_7_6,-1.7516370576231566e-9,-1.692490592120066e-11
51,2016,2021,1,5,70,7,0,北区,West,70_北区_7_5,-8.000000004501672,-0.33333333337594273
52,2016,2021,1,5,70,7,0,北区,West,70_北区_7_5,-7.000000004501672,-0.33333333337594273
52,2001,2021,1,20,70,2,0,北区,West,70_北区_2_20,-4.003901210580807e-9,-3.609734733345249e-11
35,1999,2021,1,22,55,5,0,北区,West,55_北区_5_22,-2.1813306716467196e-9,-2.0873969219792343e-11
55,2016,2021,1,5,75,7,0,北区,West,75_北区_7_5,-1.9938823925258475e-9,-1.9779955451326714e-11
65,2012,2021,1,9,75,2,0,北区,West,75_北区_2_9,-3.1200926287056063e-9,-2.66067168297468e-11
18,1981,2021,1,40,40,4,0,北区,West,40_北区_4_40,-1.6222756471506727e-9,-1.6753487486198537e-11
47,2014,2021,1,7,60,3,0,北区,West,60_北区_3_7,-1.1105498742836062e-9,-1.4394041514265155e-11
20,1983,2021,1,38,45,2,0,北区,West,45_北区_2_38,-6.565130661329022e-10,-8.01536614858378e-12
35,2011,2021,1,10,50,3,0,北区,West,50_北区_3_10,-6.0306746263449895e-9,-5.043254702741251e-11
44,2007,2021,1,14,55,3,0,北区,West,55_北区_3_14,-2.787601260934025e-10,-4.6345149939952535e-12
28,1981,2021,1,40,45,4,0,北区,West,45_北区_4_40,-1.7851604638963181e-9,-1.7608803304369758e-11
35,1997,2023,1,26,65,7,1,北区,West,65_北区_7_26,-3.790063374253805e-9,-3.368239021028785e-11
60,2016,2023,1,7,75,5,1,北区,West,75_北区_5_7,-1.0000000042511132,-3.9301673027125616e-11
62,2016,2023,1,7,75,5,1,北区,West,75_北区_5_7,0.9999999957488868,-3.9301673027125616e-11
41,2010,2023,1,13,70,9,1,北区,West,70_北区_9_13,-2.4893438421713654e-9,-2.3475665855698935e-11
50,2008,2023,1,15,75,9,1,北区,West,75_北区_9_15,-3.3848763791866077e-9,-3.1217917140224927e-11
34,1998,2023,1,25,75,6,1,北区,West,75_北区_6_25,-2.3606645527252113e-9,-2.2713830816201153e-11
32,1996,2023,1,27,60,8,1,北区,West,60_北区_8_27,-4.873079717526707e-9,-4.652900287283046e-11
55,2013,2023,1,10,80,9,1,北区,West,80_北区_9_10,-3.948194660097215e-9,-3.591638098043859e-11
48,2007,2023,1,16,70,3,1,北区,West,70_北区_3_16,-3.3333333379104317,-4.154854238436201e-11
50,2013,2023,1,10,75,10,1,北区,West,75_北区_10_10,-2.683194111341436e-9,-2.503242058082833e-11
36,2000,2023,1,23,65,7,1,北区,West,65_北区_7_23,-3.2455673704134824e-9,-2.8222091330576404e-11
40,1998,2023,1,25,65,10,1,北区,West,65_北区_10_25,-2.5477220333414152e-9,-2.456634895509069e-11
49,2004,2023,1,19,85,8,1,北区,West,85_北区_8_19,-3.813141802311293e-9,-3.4723779407386246e-11
48,2007,2023,1,16,70,3,1,北区,West,70_北区_3_16,-3.3333333379104317,-4.154854238436201e-11
57,2016,2023,1,7,70,11,1,北区,West,70_北区_11_7,-1.9667965034386725e-9,-1.9054757771641562e-11
24,1984,2023,1,39,45,2,1,北区,West,45_北区_2_39,-5.104890732354761e-9,-4.900835293142336e-11
39,2013,2023,1,10,60,2,1,北区,West,60_北区_2_10,-5.330463181962841e-9,-5.026135063701531e-11
39,2003,2023,1,20,60,9,1,北区,West,60_北区_9_20,-1.986109054996632e-10,2.1527224447481785e-12
38,2010,2023,1,13,55,8,1,北区,West,55_北区_8_13,-2.734552140282176e-9,-2.5582203022622707e-11
52,2018,2023,1,5,65,11,1,北区,West,65_北区_11_5,-3.879755183788802e-9,-3.517408586617421e-11
38,2010,2023,1,13,55,8,1,北区,West,55_北区_8_13,-2.734552140282176e-9,-2.5582203022622707e-11
42,2003,2023,1,20,65,8,1,北区,West,65_北区_8_20,-3.89560739222361e-9,-3.5169422929470784e-11
41,1999,2023,1,24,75,10,1,北区,West,75_北区_10_24,-3.9472070056945086e-9,-3.5633718198369024e-11
40,2010,2023,1,13,40,4,1,北区,West,40_北区_4_13,-1.2842775731769507e-9,-1.4700463069061698e-11
46,2012,2023,1,11,45,7,1,北区,West,45_北区_7_11,-1.0486189694347559e-10,-1.964872708981602e-12
53,1997,2023,1,26,70,4,1,北区,West,70_北区_4_26,-1.5444641121575842e-9,-1.6118439916112948e-11
27,2016,2023,1,7,25,7,1,北区,West,25_北区_7_7,-4.4776946594993206e-9,-4.0168757209357864e-11
30,2017,2023,1,6,35,7,1,北区,West,35_北区_7_6,-6.03943917099059e-9,-5.0487836134038844e-11
42,2000,2023,1,23,60,8,1,北区,West,60_北区_8_23,-1.3768683970738493e-9,-1.529021353974258e-11
77,2018,2023,1,5,70,6,1,北区,West,70_北区_6_5,-1.763098111950967e-9,-1.789701720156245e-11
44,2000,2023,1,23,85,6,1,北区,West,85_北区_6_23,-3.4552130045995e-9,-3.147060390062961e-11
46,2007,2023,1,16,65,12,1,北区,West,65_北区_12_16,-3.3015510325640207e-9,-2.8070878954622458e-11
82,2016,2023,1,7,75,1,1,北区,West,75_北区_1_7,-2.359740847168723e-9,-2.261391074398489e-11
70,2015,2023,1,8,70,2,1,北区,West,70_北区_2_8,-5.264325864118291e-9,-4.9813930758091374e-11
96,2016,2023,1,7,85,1,1,北区,West,85_北区_1_7,-3.944791160392924e-9,-3.5706104739574585e-11
73,2017,2023,1,6,60,8,1,北区,West,60_北区_8_6,-1.0703757880037301e-9,-1.3691936473492206e-11
11,1990,2023,1,33,25,6,1,北区,West,25_北区_6_33,-3.5683882515513687e-9,-3.161493289383088e-11
62,2014,2023,1,9,70,7,1,北区,West,70_北区_7_9,-1.4933547731743602e-9,-1.6830536964107523e-11
21,2011,2023,1,12,30,3,1,北区,West,30_北区_3_12,-6.219558201792097e-9,-4.6560089117519965e-11
25,2013,2023,1,10,30,4,1,北区,West,30_北区_4_10,-4.689567845161946e-9,-4.382805229852238e-11
98,2011,2023,1,12,75,5,1,北区,West,75_北区_5_12,3.999999995882547,-3.7828407073448034e-11
24,2016,2023,1,7,30,4,1,北区,West,30_北区_4_7,-1.1778382713600877e-9,-1.336464272583271e-11
90,2011,2023,1,12,75,5,1,北区,West,75_北区_5_12,-4.000000004117453,-3.7828407073448034e-11
38,1999,2023,1,24,50,2,1,北区,West,50_北区_2_24,-2.113523578373133e-9,-2.00468530664466e-11
37,1996,2023,1,27,70,4,1,北区,West,70_北区_4_27,-5.021412619043986e-9,-4.834910249940094e-11
39,1996,2023,1,27,70,5,1,北区,West,70_北区_5_27,-3.332196740757354e-9,-2.986544345162656e-11
61,2012,2023,1,11,60,4,1,北区,West,60_北区_4_11,-9.556870850246924e-10,-1.3747225580118538e-11
21,2010,2023,1,13,25,3,1,北区,West,25_北区_3_13,-3.5639615703075833e-9,-3.1484370666134964e-11
74,2010,2023,1,13,85,7,1,北区,West,85_北区_7_13,-3.3165719059979892e-9,-3.03395086831415e-11
53,2007,2023,1,16,60,4,1,北区,West,60_北区_4_16,-2.323737646747759e-9,-2.2228441309835034e-11
40,1997,2023,1,26,60,7,1,北区,West,60_北区_7_26,-1.0628866675688187e-9,-1.4051870778075681e-11
65,2013,2023,1,10,70,3,1,北区,West,70_北区_3_10,-4.477456627682841e-9,-4.245959139836941e-11
52,2016,2023,1,7,55,4,1,北区,West,55_北区_4_7,-2.0020749502691615e-9,-1.9965362696439115e-11
15,1992,2023,1,31,25,5,1,北区,West,25_北区_5_31,-4.5085002398082e-9,-4.0220493602305396e-11
64,2002,2023,1,21,75,2,1,北区,West,75_北区_2_21,-4.291507593734423e-9,-4.025024757936535e-11
48,2006,2023,1,17,65,4,1,北区,West,65_北区_4_17,-1.765556589816697e-9,-1.6981971384666394e-11
39,2012,2023,1,11,45,5,1,北区,West,45_北区_5_11,-8.944454066295293e-10,-1.0532907879223785e-11
34,1994,2023,1,29,55,7,1,北区,West,55_北区_7_29,-4.8273420816258295e-9,-4.591949043231125e-11
54,2010,2023,1,13,65,4,1,北区,West,65_北区_4_13,-3.354614364070585e-9,-2.958344680337177e-11
59,2005,2023,1,18,75,11,1,北区,West,75_北区_11_18,-2.7179822836842504e-9,-2.5616841980991012e-11
72,2014,2023,1,9,75,10,1,北区,West,75_北区_10_9,-1.9859953681589104e-9,-1.999422849507937e-11
26,1985,2023,1,38,45,3,1,北区,West,45_北区_3_38,-2.150692068880744e-9,-2.0913271114864074e-11
37,1985,2023,1,38,60,3,1,北区,West,60_北区_3_38,-4.231793582221144e-9,-3.846634122339765e-11
45,1975,2023,1,48,75,8,1,北区,West,75_北区_8_48,-2.482835270711803e-9,-2.3815838190444083e-11
27,1980,2023,1,43,65,5,1,北区,West,65_北区_5_43,-1.1319620796257368e-9,-1.3787193609005044e-11
28,2007,2023,1,16,35,2,1,北区,West,35_北区_2_16,-2.80535772390067e-9,-2.5923263535787555e-11
64,1999,2023,1,24,70,4,1,北区,West,70_北区_4_24,-5.222830168349901e-9,-5.004241465655923e-11
32,1982,2023,1,41,65,10,1,北区,West,65_北区_10_41,-2.6295836619283364e-9,-2.5478730236727642e-11
23,1987,2023,1,36,45,7,1,北区,West,45_北区_7_36,-1.9870647349762294e-9,-1.907807245515869e-11
70,2012,2023,1,11,70,2,1,北区,West,70_北区_2_11,-3.6224605537427124e-9,-3.193423303571308e-11
54,2009,2023,1,14,55,1,1,北区,West,55_北区_1_14,-7.803038215570268e-10,-1.0055067889425118e-11
74,2018,2023,1,5,70,7,1,北区,West,70_北区_7_5,14.999999995498328,0.6666666666240573
82,2018,2023,1,5,80,7,1,北区,West,80_北区_7_5,-3.946041715607862e-9,-3.5892844252316536e-11
76,2018,2023,1,5,75,6,1,北区,West,75_北区_6_5,-4.25757207267452e-9,-3.930411551777979e-11
38,1984,2023,1,39,60,3,1,北区,West,60_北区_3_39,-2.6666666697973085,-2.6587398949118324e-11
46,1984,2023,1,39,60,3,1,北区,West,60_北区_3_39,5.3333333302026915,-2.6587398949118324e-11
23,2014,2023,1,9,30,6,1,北区,West,30_北区_6_9,-1.061884802311397e-9,-1.421462947348573e-11
38,1984,2023,1,39,60,3,1,北区,West,60_北区_3_39,-2.6666666697973085,-2.6587398949118324e-11
70,2018,2023,1,5,65,6,1,北区,West,65_北区_6_5,-4.357787020126125e-9,-4.050315638437496e-11
43,1995,2023,1,28,60,5,1,北区,West,60_北区_5_28,-2.199094240040722e-9,-2.1693979945780484e-11
76,2013,2023,1,10,75,4,1,北区,West,75_北区_4_10,-3.953203986384324e-9,-3.5203395754024314e-11
65,2001,2023,1,22,80,3,1,北区,West,80_北区_3_22,-3.3039384561561747e-9,-2.8564706155975728e-11
45,2001,2023,1,22,55,3,1,北区,West,55_北区_3_22,-5.9236029414933e-9,-5.149169979290491e-11
52,1995,2023,1,28,60,7,1,北区,West,60_北区_7_28,-4.668713415867387e-9,-4.390798835629539e-11
46,1995,2023,1,28,55,7,1,北区,West,55_北区_7_28,9.208633855450898e-11,7.781331134992797e-12
54,2007,2023,1,16,65,3,1,北区,West,65_北区_3_16,-4.5442618556990055e-9,-4.247135976243044e-11
40,1997,2023,1,26,65,8,1,北区,West,65_北区_8_26,-5.586869633589231e-9,-5.086420173938677e-11
58,2007,2023,1,16,70,3,1,北区,West,70_北区_3_16,6.666666662089568,-4.154854238436201e-11
35,2005,2023,1,18,60,7,1,北区,West,60_北区_7_18,-2.520245345749572e-9,-2.3719692876511544e-11
70,2007,2023,1,16,80,11,1,北区,West,80_北区_11_16,-3.511274826450972e-9,-3.2059022103680945e-11
78,2016,2023,1,7,75,8,1,北区,West,75_北区_8_7,-2.5475799247942632e-09,-2.4936053222290866e-11
48,1996,2023,1,27,55,8,1,北区,West,55_北区_8_27,-5.0274877594347345e-9,-4.876787862428955e-11
63,2014,2023,1,9,55,6,1,北区,West,55_北区_6_9,-1.2087042478015064e-9,-1.4027223826929003e-11
44,1986,2023,1,37,60,10,1,北区,West,60_北区_10_37,-5.9366129789850675e-9,-5.2365667357889834e-11
18,2009,2021,1,12,25,3,0,荒川区,East,25_荒川区_3_12,-6.989608891672106e-10,-8.588907363105136e-12
50,2016,2021,1,5,70,1,0,荒川区,East,70_荒川区_1_5,-2.1922801352047827e-9,-2.1650681247820103e-11
12,1989,2021,1,32,45,3,0,荒川区,East,45_荒川区_3_32,-6.252733442124736e-9,-4.561506727895903e-11
47,2014,2021,1,7,65,9,0,荒川区,East,65_荒川区_9_7,-3.8150176351336995e-9,-3.363398448641419e-11
26,1987,2021,1,34,55,3,0,荒川区,East,55_荒川区_3_34,-1.3821228606047953e-9,-1.5349499449257564e-11
45,2014,2021,1,7,75,11,0,荒川区,East,75_荒川区_11_7,-3.2212597034231294e-9,-2.8002045127095698e-11
36,1995,2021,1,26,65,10,0,荒川区,East,65_荒川区_10_26,-2.338211402275192e-9,-2.1668444816214105e-11
54,2016,2021,1,5,70,8,0,荒川区,East,70_荒川区_8_5,-2.3537864990430535e-9,-2.190869707874299e-11
16,2009,2021,1,12,30,13,0,荒川区,East,30_荒川区_13_12,-2.522703823615302e-9,-2.3751889344225674e-11
14,1989,2021,1,32,30,13,0,荒川区,East,30_荒川区_13_32,-1.3781509267118963e-9,-1.5335732683752212e-11
44,2002,2021,1,19,65,1,0,荒川区,East,65_荒川区_1_19,-3.0098874503892148e-9,-2.656341813178642e-11
29,1979,2021,1,42,65,2,0,荒川区,East,65_荒川区_2_42,-8.370619752895436e-10,-9.967138225874805e-12
17,1997,2021,1,24,80,12,0,荒川区,East,80_荒川区_12_24,-3.3425635592720937e-9,-3.041189522434706e-11
37,1997,2021,1,24,70,3,0,荒川区,East,70_荒川区_3_24,-3.3859279824355326e-9,-2.963984613302273e-11
58,1988,2021,1,33,85,2,0,荒川区,East,85_荒川区_2_33,-3.756184696612763e-9,-3.3614666605785715e-11
45,2002,2021,1,19,75,7,0,荒川区,East,75_荒川区_7_19,-3.59906948688149e-9,-3.192979214361458e-11
29,1992,2021,1,29,40,3,0,荒川区,East,40_荒川区_3_29,-6.093124227390945e-9,-5.116462808985034e-11
42,2015,2021,1,6,60,2,0,荒川区,East,60_荒川区_2_6,-4.4829491230302665e-9,-4.258216002028803e-11
27,1991,2021,1,30,50,6,0,荒川区,East,50_荒川区_6_30,-1.7841230715021084e-9,-1.7571499810742353e-11
50,2008,2021,1,13,80,7,0,荒川区,East,80_荒川区_7_13,-3.3729321557984804e-9,-2.963940204381288e-11
44,2000,2021,1,21,80,10,0,荒川区,East,80_荒川区_10_21,-3.303824769318453e-9,-3.0859315103271e-11
37,2001,2021,1,20,55,7,0,荒川区,East,55_荒川区_7_20,-4.8923425310931634e-9,-4.6480597148956804e-11
30,1985,2021,1,36,65,9,0,荒川区,East,65_荒川区_9_36,-3.0000000043274113,-0.5000000000403308
76,2016,2021,1,5,70,4,0,荒川区,East,70_荒川区_4_5,-2.7730777674150886e-9,-2.557754008591928e-11
29,2002,2021,1,19,35,6,0,荒川区,East,35_荒川区_6_19,2.318500946785207e-11,1.1637135699515966e-11
59,2014,2021,1,7,65,1,0,荒川区,East,65_荒川区_1_7,-0.500000005767987,-5.165534666673466e-11
68,2014,2021,1,7,75,1,0,荒川区,East,75_荒川区_1_7,-4.2165027025475865e-9,-3.854583319196081e-11
40,2004,2021,1,17,70,5,0,荒川区,East,70_荒川区_5_17,-2.9829436698491918e-9,-2.6007196396449217e-11
60,2014,2021,1,7,65,1,0,荒川区,East,65_荒川区_1_7,0.499999994232013,-5.165534666673466e-11
45,2014,2021,1,7,55,1,0,荒川区,East,55_荒川区_1_7,-4.4243790853215614e-9,-4.115241480917575e-11
71,2015,2021,1,6,75,5,0,荒川区,East,75_荒川区_5_6,-3.3192577575391624e-9,-2.8898661241782975e-11
35,2003,2021,1,18,65,7,0,荒川区,East,65_荒川区_7_18,-3.1122553423301724e-9,-2.6508795158974863e-11
66,1993,2021,1,28,80,6,0,荒川区,East,80_荒川区_6_28,-3.3159039958263747e-9,-2.8331115231594595e-11
45,2008,2021,1,13,65,3,0,荒川区,East,65_荒川区_3_13,-4.848743628826924e-9,-4.659428398667842e-11
44,1995,2021,1,26,65,2,0,荒川区,East,65_荒川区_2_26,-1.5979395584508893e-9,-1.6509238420781003e-11
28,2002,2021,1,19,35,9,0,荒川区,East,35_荒川区_9_19,-1.4790124680530425e-9,3.199129849917881e-11
83,2008,2021,1,13,80,1,0,荒川区,East,80_荒川区_1_13,-3.37465166921902e-9,-3.085087740828385e-11
40,2011,2021,1,10,55,7,0,荒川区,East,55_荒川区_7_10,-3.798930947596091e-9,-3.430766781775674e-11
100,2008,2021,1,13,85,1,0,荒川区,East,85_荒川区_1_13,-3.3156055678773555e-9,-3.046563001873892e-11
50,2012,2021,1,9,75,6,0,荒川区,East,75_荒川区_6_9,-4.381384144380718e-9,-4.047095991666083e-11
23,1979,2021,1,42,55,4,0,荒川区,East,55_荒川区_4_42,-4.692829236319085e-9,-4.462941127769682e-11
42,2012,2021,1,9,65,6,0,荒川区,East,65_荒川区_6_9,-2.732186032972095e-9,-2.550515354471372e-11
50,2008,2021,1,13,55,4,0,荒川区,East,55_荒川区_4_13,-2.5499389266769867e-9,-2.4516388918982557e-11
37,2002,2021,1,19,75,3,0,荒川区,East,75_荒川区_3_19,-3.0221301017263613e-9,-2.60567123433475e-11
51,2012,2021,1,9,80,6,0,荒川区,East,80_荒川区_6_9,-3.757868682896515e-9,-3.298072925872475e-11
50,2012,2021,1,9,75,6,0,荒川区,East,75_荒川区_6_9,-4.381384144380718e-9,-4.047095991666083e-11
39,2007,2021,1,14,70,12,0,荒川区,East,70_荒川区_12_14,-4.379913320917694e-9,-4.0594638761604074e-11
29,1987,2021,1,34,65,8,0,荒川区,East,65_荒川区_8_34,-5.510877087999688e-9,-5.008304881926051e-11
42,2015,2021,1,6,55,4,0,荒川区,East,55_荒川区_4_6,-4.8942467856250005e-9,-4.665645647605743e-11
57,2009,2021,1,12,85,14,0,荒川区,East,85_荒川区_14_12,-3.739664578006341e-9,-3.267763837300208e-11
23,1986,2021,1,35,55,7,0,荒川区,East,55_荒川区_7_35,-4.522078711488575e-9,-4.0643710619292506e-11
46,2007,2021,1,14,85,15,0,荒川区,East,85_荒川区_15_14,-3.832795414382417e-9,-3.366551482031355e-11
48,2005,2021,1,16,75,8,0,荒川区,East,75_荒川区_8_16,-3.30519611679847e-9,-3.086486621839413e-11
53,2015,2023,1,8,70,13,1,荒川区,East,70_荒川区_13_8,-2.50000000449068,-4.040123791071437e-11
20,2017,2023,1,6,30,3,1,荒川区,East,30_荒川区_3_6,-6.249418760262415e-9,-4.506017781125138e-11
41,1998,2023,1,25,75,7,1,荒川区,East,75_荒川区_7_25,-3.3948523991966795e-9,-3.0494495817379175e-11
15,1990,2023,1,33,25,14,1,荒川区,East,25_荒川区_14_33,-4.526860664100241e-9,-4.010769494300348e-11
58,2015,2023,1,8,70,13,1,荒川区,East,70_荒川区_13_8,2.49999999550932,-4.040123791071437e-11
43,2009,2023,1,14,60,3,1,荒川区,East,60_荒川区_3_14,-4.336783376857056e-9,-4.0311309845719734e-11
43,2014,2023,1,9,65,12,1,荒川区,East,65_荒川区_12_9,-6.605205271625891e-10,-8.024025888175856e-12
47,2013,2023,1,10,55,2,1,荒川区,East,55_荒川区_2_10,-6.062350621505175e-9,-5.1251891619585876e-11
40,2008,2023,1,15,55,12,1,荒川区,East,55_荒川区_12_15,-3.768619194488565e-9,-3.3427483003833913e-11
68,2015,2023,1,8,70,5,1,荒川区,East,70_荒川区_5_8,-4.483979409997119e-9,-4.079603321827108e-11
33,1995,2023,1,28,65,10,1,荒川区,East,65_荒川区_10_28,-0.5000000011763959,-1.4417134153177358e-11
26,1996,2023,1,27,55,15,1,荒川区,East,55_荒川区_15_27,-5.254847224023251e-9,-5.077538389741676e-11
17,1990,2023,1,33,35,5,1,荒川区,East,35_荒川区_5_33,-1.500000001121613,-1.3552048372389436e-11
30,1991,2023,1,32,75,14,1,荒川区,East,75_荒川区_14_32,-3.967244310842943e-9,-3.558153771621164e-11
12,1993,2023,1,30,30,7,1,荒川区,East,30_荒川区_7_30,-6.347551817498243e-9,-3.633315870388287e-11
34,1995,2023,1,28,65,10,1,荒川区,East,65_荒川区_10_28,0.49999999882360413,-1.4417134153177358e-11
20,1990,2023,1,33,35,5,1,荒川区,East,35_荒川区_5_33,1.499999998878387,-1.3552048372389436e-11
7.2,1988,2023,1,35,25,9,1,荒川区,East,25_荒川区_9_35,-3.286021232895564e-9,-2.8844482358181267e-11
11,1981,2023,1,42,30,3,1,荒川区,East,30_荒川区_3_42,-1.2722480846605322e-9,-1.5173862166761865e-11
33,1992,2023,1,31,60,4,1,荒川区,East,60_荒川区_4_31,-5.152664073193591e-9,-4.948752518885158e-11
14,1979,2023,1,44,30,7,1,荒川区,East,30_荒川区_7_44,-1.2633059043309913e-9,-1.4666934333718018e-11
45,2006,2023,1,17,55,3,1,荒川区,East,55_荒川区_3_17,-1.2917098501930013e-9,-1.475486399726833e-11
81,2006,2023,1,17,85,1,1,荒川区,East,85_荒川区_1_17,-3.637140366663516e-9,-3.235500756204601e-11
31,1985,2023,1,38,50,8,1,荒川区,East,50_荒川区_8_38,-4.233069006431833e-9,-3.751887689418254e-11
32,1994,2023,1,29,55,4,1,荒川区,East,55_荒川区_4_29,-3.33739080815576e-9,-3.000177883905053e-11
12,1992,2023,1,31,25,3,1,荒川区,East,25_荒川区_3_31,-1.4205170373315923e-10,-3.183453500810174e-12
38,1997,2023,1,26,60,5,1,荒川区,East,60_荒川区_5_26,-5.915246958920761e-9,-5.2704285380400506e-11
31,2007,2023,1,16,35,10,1,荒川区,East,35_荒川区_10_16,-6.36696029232553e-9,-3.508460189038942e-11
35,1979,2023,1,44,60,4,1,荒川区,East,60_荒川区_4_44,-4.484689952732879e-9,-4.0278225199585904e-11
39,1996,2023,1,27,60,1,1,荒川区,East,60_荒川区_1_27,-8.734346579331032e-10,-9.020117985869547e-12
34,1990,2023,1,33,60,15,1,荒川区,East,60_荒川区_15_33,-5.880345099740225e-9,-5.106537415144885e-11
52,1999,2023,1,24,90,10,1,荒川区,East,90_荒川区_10_24,-3.958589900321385e-9,-3.568811912657566e-11
47,2010,2023,1,13,85,7,1,荒川区,East,85_荒川区_7_13,-3.796323255755851e-9,-3.317768282329325e-11
42,2013,2023,1,10,60,3,1,荒川区,East,60_荒川区_3_10,-3.326015018956241e-9,-2.8132163265581767e-11
40,1983,2023,1,40,65,7,1,荒川区,East,65_荒川区_7_40,-3.8004515090506175e-9,-3.4332314768903416e-11
24,2018,2023,1,5,25,5,1,荒川区,East,25_荒川区_5_5,-3.0364972758434305e-9,-2.574296331658843e-11
94,2017,2023,1,6,75,7,1,荒川区,East,75_荒川区_7_6,-3.1904647812552867e-9,-2.7746027697617137e-11
46,1998,2023,1,25,75,5,1,荒川区,East,75_荒川区_5_25,-3.363126666044991e-9,-3.1087132867924083e-11
92,2016,2023,1,7,80,4,1,荒川区,East,80_荒川区_4_7,-3.169944307046535e-9,-2.6865176749879538e-11
23,2017,2023,1,6,30,8,1,荒川区,East,30_荒川区_8_6,-3.3568170465514413e-10,1.9573898057956285e-11
23,2017,2023,1,6,30,8,1,荒川区,East,30_荒川区_8_6,-3.3568170465514413e-10,1.9573898057956285e-11
33,2016,2023,1,7,45,10,1,荒川区,East,45_荒川区_10_7,-6.214193604137108e-9,-4.78688200189481e-11
58,2006,2023,1,17,65,8,1,荒川区,East,65_荒川区_8_17,-4.566302891362284e-9,-4.1489256474847025e-11
79,2014,2023,1,9,75,1,1,荒川区,East,75_荒川区_1_9,-3.3412703714930103e-9,-2.8980817745605236e-11
50,2017,2023,1,6,55,9,1,荒川区,East,55_荒川区_9_6,-4.246707874244748e-9,-3.918043667283655e-11
27,2011,2023,1,12,35,10,1,荒川区,East,35_荒川区_10_12,-2.809649402024661e-9,-2.5482060905801518e-11
75,2005,2023,1,18,60,5,1,荒川区,East,60_荒川区_5_18,-3.919495838999865e-9,-3.5355718353002885e-11
31,2007,2023,1,16,35,2,1,荒川区,East,35_荒川区_2_16,-1.744027144923166e-9,3.6056491126146284e-11
35,2007,2023,1,16,45,6,1,荒川区,East,45_荒川区_6_16,-4.484967064399825e-9,-4.20248280619262e-11
64,2011,2023,1,12,65,5,1,荒川区,East,65_荒川区_5_12,-4.563005973068357e-9,-4.1100012282413445e-11
40,2005,2023,1,18,55,6,1,荒川区,East,55_荒川区_6_18,-1.2269438798284682e-9,-1.4276579918259813e-11
49,2012,2023,1,11,60,9,1,荒川区,East,60_荒川区_9_11,-5.849720707828965e-9,-5.2554627316681035e-11
55,2012,2023,1,11,55,3,1,荒川区,East,55_荒川区_3_11,-2.1050396981081576e-9,-2.0032864256336325e-11
69,2007,2023,1,16,75,6,1,荒川区,East,75_荒川区_6_16,-4.218463800498284e-9,-3.841482687505504e-11
48,2014,2023,1,9,60,5,1,荒川区,East,60_荒川区_5_9,-1.3832988088324782e-9,-1.532951543481431e-11
110,2009,2023,1,14,70,1,1,荒川区,East,70_荒川区_1_14,-3.700236561599013e-9,-3.341971144266154e-11
37,2007,2023,1,16,45,7,1,荒川区,East,45_荒川区_7_16,-6.287173448527028e-9,-3.876210463715779e-11
58,2011,2023,1,12,75,4,1,荒川区,East,75_荒川区_4_12,-3.328082698317303e-9,-2.998046255697773e-11
22,2011,2023,1,12,30,4,1,荒川区,East,30_荒川区_4_12,-6.177302225296444e-9,-5.185696316800659e-11
22,2014,2023,1,9,30,10,1,荒川区,East,30_荒川区_10_9,-2.384261676979804e-10,8.757439218243235e-13
36,1987,2023,1,36,65,9,1,荒川区,East,65_荒川区_9_36,2.9999999956725887,0.49999999995966915
59,2015,2023,1,8,75,4,1,荒川区,East,75_荒川区_4_8,-2.930569564796315e-9,-2.5959900895600185e-11
57,2009,2023,1,14,80,15,1,荒川区,East,80_荒川区_15_14,-3.3246863040403696e-9,-3.038036489044771e-11
58,2006,2023,1,17,80,8,1,荒川区,East,80_荒川区_8_17,-3.3800873211475846e-9,-2.963207457185035e-11
45,2013,2023,1,10,55,9,1,荒川区,East,55_荒川区_9_10,-1.927006110236107e-9,-1.9016122010384606e-11
87,2010,2023,1,13,75,1,1,荒川区,East,75_荒川区_1_13,-3.794497160924948e-9,-3.274847060197317e-11
70,2017,2023,1,6,65,4,1,荒川区,East,65_荒川区_4_6,-6.136929187050555e-9,-5.1022741587303244e-11
70,2005,2023,1,18,90,9,1,荒川区,East,90_荒川区_9_18,-1.9266224171587965e-9,-1.5565326805244695e-11
42,2012,2021,1,9,70,4,0,板橋区,West,70_板橋区_4_9,-8.00000000350726,-3.1994629168252686e-11
53,2012,2021,1,9,75,9,0,板橋区,West,75_板橋区_9_9,-4.130434660964966e-9,-3.6699532302009175e-11
15,1991,2021,1,30,35,6,0,板橋区,West,35_板橋区_6_30,-5.968047389615094e-9,-5.308620210087156e-11
27,1981,2021,1,40,65,8,0,板橋区,West,65_板橋区_8_40,-4.000000004768985,-4.5601966647268455e-11
60,2015,2021,1,6,75,8,0,板橋区,West,75_板橋区_8_6,-2.717492009196576e-9,-2.524602749076621e-11
29,2011,2021,1,10,40,7,0,板橋区,West,40_板橋区_7_10,-9.98717553102324e-10,-1.1355805185075951e-11
32,1989,2021,1,32,90,5,0,板橋区,West,90_板橋区_5_32,-3.5219684946241614e-9,-3.1359137508957247e-11
38,2014,2021,1,7,45,1,0,板橋区,West,45_板橋区_1_7,-9.100631359615363e-11,3.445688179226636e-12
32,1989,2021,1,32,65,4,0,板橋区,West,65_板橋区_4_32,-7.589093797832902e-10,-9.050760141349201e-12
19,1998,2021,1,23,30,4,0,板橋区,West,30_板橋区_4_23,-4.5568526729766745e-9,-4.1493253277735676e-11
51,2002,2021,1,19,65,1,0,板橋区,West,65_板橋区_1_19,-1.9910544324375223e-9,-1.9948265261859888e-11
16,2007,2021,1,14,25,6,0,板橋区,West,25_板橋区_6_14,-6.4031340230030764e-9,-2.5622837185323988e-11
35,2005,2021,1,16,70,7,0,板橋区,West,70_板橋区_7_16,-4.577572099151439e-9,-4.107758577731602e-11
21,1973,2021,1,48,60,5,0,板橋区,West,60_板橋区_5_48,-4.870031489190296e-9,-4.6677106624315456e-11
35,1981,2021,1,40,65,8,0,板橋区,West,65_板橋区_8_40,3.999999995231015,-4.5601966647268455e-11
30,1996,2021,1,25,60,4,0,板橋区,West,60_板橋区_4_25,-3.0209719170670724e-9,-2.5841995210384994e-11
21,1990,2021,1,31,35,9,0,板橋区,West,35_板橋区_9_31,-7.652474209862703e-10,-1.0527134719495734e-11
38,2000,2021,1,21,70,2,0,板橋区,West,70_板橋区_2_21,-7.79962761043862e-10,-8.869571743730376e-12
17,1983,2021,1,38,40,1,0,板橋区,West,40_板橋区_1_38,-6.213461745119275e-9,-4.846212320330778e-11
52,2009,2021,1,12,75,6,0,板橋区,West,75_板橋区_6_12,-2.6214408421765256e-9,-2.5762725286426758e-11
41,2000,2021,1,21,80,6,0,板橋区,West,80_板橋区_6_21,-3.316415586596122e-9,-2.99704705497561e-11
51,2011,2021,1,10,80,3,0,板橋区,West,80_板橋区_3_10,-3.004380744187074e-9,-2.5514479418120573e-11
38,2004,2021,1,17,55,4,0,板橋区,West,55_板橋区_4_17,-3.3387550502084196e-9,-2.8737012769397552e-11
36,1984,2021,1,37,70,6,0,板橋区,West,70_板橋区_6_37,-1.3641638929584587e-9,-1.535283011833144e-11
19,2009,2021,1,12,25,2,0,板橋区,West,25_板橋区_2_12,-2.7433912919150316e-9,-2.4945379095697717e-11
41,2006,2021,1,15,70,5,0,板橋区,West,70_板橋区_5_15,-3.5000000041422794,-3.70350417000509e-11
24,2006,2021,1,15,40,8,0,板橋区,West,40_板橋区_8_15,1.0153655694011832e-10,1.3387291275535063e-11
38,1998,2021,1,23,70,3,0,板橋区,West,70_板橋区_3_23,-1.2189644849058823e-9,-1.4039658324804805e-11
47,2006,2021,1,15,75,5,0,板橋区,West,75_板橋区_5_15,-3.3577620683900022e-9,-3.0821123431223896e-11
48,2006,2021,1,15,70,5,0,板橋区,West,70_板橋区_5_15,3.4999999958577206,-3.70350417000509e-11
15,1979,2021,1,42,60,4,0,板橋区,West,60_板橋区_4_42,-4.86080864448013e-9,-4.6453729751760875e-11
29,2009,2021,1,12,45,3,0,板橋区,West,45_板橋区_3_12,-5.913772582744059e-9,-5.188494078822714e-11
30,1985,2021,1,36,65,7,0,板橋区,West,65_板橋区_7_36,-8.99277097232698e-10,-9.549472324010821e-12
37,2004,2021,1,17,65,5,0,板橋区,West,65_板橋区_5_17,-1.651066838803672e-9,-1.734279386766957e-11
12,1990,2021,1,31,30,13,0,板橋区,West,30_板橋区_13_31,1.1499999965856347,-0.50000000002942
11,1973,2021,1,48,50,9,0,板橋区,West,50_板橋区_9_48,-5.26954124779877e-9,-5.048672591101422e-11
19,1989,2021,1,32,35,6,0,板橋区,West,35_板橋区_6_32,-2.617319694309117e-10,1.6359802401666457e-11
17,1972,2021,1,49,80,5,0,板橋区,West,80_板橋区_5_49,-3.7849758882657625e-9,-3.426725569966038e-11
9.1,1988,2021,1,33,30,6,0,板橋区,West,30_板橋区_6_33,-6.517511863535219e-9,-1.548605688128646e-11
26,1983,2021,1,38,70,1,0,板橋区,West,70_板橋区_1_38,-2.9541666890509077e-9,-2.5054180952110983e-11
44,2016,2021,1,5,80,9,0,板橋区,West,80_板橋区_9_5,-3.292747408067953e-9,-2.8503199800411494e-11
22,1972,2021,1,49,60,10,0,板橋区,West,60_板橋区_10_49,-1.0339107348045218e-10,2.794875442191369e-12
42,1996,2021,1,25,80,1,0,板橋区,West,80_板橋区_1_25,-4.187683089185157e-9,-3.8116176881430874e-11
21,1972,2021,1,49,65,3,0,板橋区,West,65_板橋区_3_49,-1.2069634180988942e-9,-1.386379899770418e-11
37,2007,2021,1,14,65,7,0,板橋区,West,65_板橋区_7_14,-1.0000000018050983,-0.33333333335135773
35,2007,2021,1,14,65,7,0,板橋区,West,65_板橋区_7_14,-3.0000000018050983,-0.33333333335135773
6.3,1988,2021,1,33,25,9,0,板橋区,West,25_板橋区_9_33,6.425704413004496e-11,1.1620260309541663e-11
38,2003,2021,1,18,80,15,0,板橋区,West,80_板橋区_15_18,-4.103959838630544e-9,-3.642131041203811e-11
33,2003,2021,1,18,80,14,0,板橋区,West,80_板橋区_14_18,-2.892669215270871e-9,-2.5761170974192282e-11
52,2001,2021,1,20,90,5,0,板橋区,West,90_板橋区_5_20,-3.6742804354616965e-9,-3.213873611684903e-11
38,2013,2021,1,8,65,14,0,板橋区,West,65_板橋区_14_8,-1.3753407301919651e-9,-1.5336176772962062e-11
35,2012,2021,1,9,70,12,0,板橋区,West,70_板橋区_12_9,-2.040728475094511e-9,-1.9649837312840646e-11
39,2013,2021,1,8,70,10,0,板橋区,West,70_板橋区_10_8,-4.512934026479343e-9,-4.134959041834918e-11
30,2011,2021,1,10,55,11,0,板橋区,West,55_板橋区_11_10,-3.348610277953412e-9,-2.8768987192506756e-11
30,1975,2021,1,46,65,12,0,板橋区,West,65_板橋区_12_46,-4.1399630390515085e-9,-3.604494480669018e-11
28,2016,2021,1,5,35,7,0,板橋区,West,35_板橋区_7_5,-3.78830122826912e-9,-3.348832322558337e-11
40,2011,2021,1,10,70,6,0,板橋区,West,70_板橋区_6_10,-4.671711906212295e-9,-4.3924863746269693e-11
27,2008,2021,1,13,40,5,0,板橋区,West,40_板橋区_5_13,-4.843627721129451e-10,-6.213252135012226e-12
15,2007,2021,1,14,25,11,0,板橋区,West,25_板橋区_11_14,-6.924807394170784e-10,2.282796174313262e-11
58,2012,2021,1,9,70,4,0,板橋区,West,70_板橋区_4_9,7.99999999649274,-3.1994629168252686e-11
41,2007,2021,1,14,70,7,0,板橋区,West,70_板橋区_7_14,-9.69976099440828e-10,-1.3304468637898026e-11
25,2010,2021,1,11,35,7,0,板橋区,West,35_板橋区_7_11,-3.200234743871988e-9,-2.6830315746906308e-11
50,2012,2021,1,9,60,4,0,板橋区,West,60_板橋区_4_9,-2.5365878286720545e-9,-2.4523050257130308e-11
58,2012,2021,1,9,75,4,0,板橋区,West,75_板橋区_4_9,-4.500023464970582e-9,-4.157163502327421e-11
13,1979,2021,1,42,45,15,0,板橋区,West,45_板橋区_15_42,-1.468496435563793e-9,-1.6579182471332388e-11
40,2001,2021,1,20,80,7,0,板橋区,West,80_板橋区_7_20,-3.750272981051239e-9,-3.261346748217875e-11
34,2006,2021,1,15,60,9,0,板橋区,West,60_板橋区_9_15,-4.4089389916734945e-9,-4.063105407681178e-11
50,2005,2021,1,16,75,5,0,板橋区,West,75_板橋区_5_16,-2.7729498697226518e-9,-2.4803936682360472e-11
47,2011,2021,1,10,75,8,0,板橋区,West,75_板橋区_8_10,-4.203847936423699e-9,-3.8403502600203865e-11
29,1980,2021,1,41,90,6,0,板橋区,West,90_板橋区_6_41,-3.821348570909322e-9,-3.386246838488205e-11
34,2004,2021,1,17,70,9,0,板橋区,West,70_板橋区_9_17,-3.431239292694954e-9,-3.097699874388127e-11
18,1978,2021,1,43,45,9,0,板橋区,West,45_板橋区_9_43,-1.1802754329437448e-9,-1.3436363133223495e-11
8.3,1973,2021,1,48,30,6,0,板橋区,West,30_板橋区_6_48,-6.142894193317261e-9,-4.048072987927753e-11
25,1977,2021,1,44,50,6,0,板橋区,West,50_板橋区_6_44,-1.3821299660321529e-9,-1.5346390824788614e-11
50,2015,2021,1,6,70,5,0,板橋区,West,70_板橋区_5_6,-1.484686151798087e-9,-1.6675771874474776e-11
60,2013,2021,1,8,70,9,0,板橋区,West,70_板橋区_9_8,-3.774388801502937e-9,-3.3749669725580134e-11
50,2003,2021,1,18,75,7,0,板橋区,West,75_板橋区_7_18,-3.357961020356015e-9,-3.097344603020247e-11
66,2016,2021,1,5,75,9,0,板橋区,West,75_板橋区_9_5,0.4999999961088122,-3.503730638954039e-11
65,2016,2021,1,5,75,9,0,板橋区,West,75_板橋区_9_5,-0.5000000038911878,-3.503730638954039e-11
30,1981,2021,1,40,55,10,0,板橋区,West,55_板橋区_10_40,-3.024791084271783e-9,-2.610001104130788e-11
38,2000,2021,1,21,70,13,0,板橋区,West,70_板橋区_13_21,-2.3383606162497017e-9,-2.187605652181901e-11
49,1995,2021,1,26,75,6,0,板橋区,West,75_板橋区_6_26,-3.4902214451904e-9,-3.1485258844554664e-11
40,1996,2021,1,25,65,8,0,板橋区,West,65_板橋区_8_25,-2.3408190941154317e-9,-2.1660895299646654e-11
42,2012,2021,1,9,75,6,0,板橋区,West,75_板橋区_6_9,-0.5000000045524331,-4.108691165072287e-11
38,2009,2021,1,12,65,8,0,板橋区,West,65_板橋区_8_12,-2.8552804565151746e-9,-2.5803359449128038e-11
20,1986,2021,1,35,55,5,0,板橋区,West,55_板橋区_5_35,-3.3082372397075233e-9,-3.0354163627066555e-11
43,2012,2021,1,9,75,6,0,板橋区,West,75_板橋区_6_9,0.4999999954475669,-4.108691165072287e-11
37,2006,2021,1,15,75,8,0,板橋区,West,75_板橋区_8_15,-2.7654252221509523e-9,-2.4805935083804798e-11
35,2007,2021,1,14,70,8,0,板橋区,West,70_板橋区_8_14,-3.3535698662490177e-9,-2.8566482512815128e-11
47,1996,2021,1,25,70,10,0,板橋区,West,70_板橋区_10_25,-2.596536319288134e-9,-2.5181412510733026e-11
35,2005,2021,1,16,85,10,0,板橋区,West,85_板橋区_10_16,-3.6558702731781523e-9,-3.2826408258301853e-11
26,1999,2021,1,22,70,12,0,板橋区,West,70_板橋区_12_22,-10.666666670496987,-0.3333333333677895
28,1978,2021,1,43,75,10,0,板橋区,West,75_板橋区_10_43,-3.970882289650035e-9,-3.481614996303506e-11
42,2002,2021,1,19,85,7,0,板橋区,West,85_板橋区_7_19,-3.5145362176081107e-9,-3.1659563859420814e-11
22,1975,2021,1,46,60,12,0,板橋区,West,60_板橋区_12_46,-9.722569416226179e-10,-1.3802958775954721e-11
22,1975,2021,1,46,55,3,0,板橋区,West,55_板橋区_3_46,-4.144084186918917e-9,-3.5997427261236226e-11
29,1991,2021,1,30,75,6,0,板橋区,West,75_板橋区_6_30,-2.8845796862242423e-9,-2.5729196551083078e-11
25,1995,2021,1,26,70,5,0,板橋区,West,70_板橋区_5_26,-1.7039774036220479e-9,-1.716582431754432e-11
15,1975,2021,1,46,40,8,0,板橋区,West,40_板橋区_8_46,-6.3975420516726444e-9,-2.159228351672482e-11
33,1997,2021,1,24,75,10,0,板橋区,West,75_板橋区_10_24,-4.387310070796957e-9,-4.0637937459564455e-11
21,1974,2021,1,47,50,8,0,板橋区,West,50_板橋区_8_47,-1.926366621773923e-9,-1.8675727631034533e-11
41,2007,2021,1,14,65,8,0,板橋区,West,65_板橋区_8_14,-4.6346571025424055e-9,-4.374767215153952e-11
35,1983,2021,1,38,55,7,0,板橋区,West,55_板橋区_7_38,-2.5377318024766282e-9,-2.4668489473356203e-11
38,2002,2021,1,19,60,8,0,板橋区,West,60_板橋区_8_19,-1.2737189081235556e-9,-1.5164980382564863e-11
18,1980,2021,1,41,55,7,0,板橋区,West,55_板橋区_7_41,-3.516827717930937e-9,-3.1871394412519294e-11
54,2009,2021,1,12,75,8,0,板橋区,West,75_板橋区_8_12,1.9999999976247338,-0.5000000000229556
32,1999,2021,1,22,70,12,0,板橋区,West,70_板橋区_12_22,-4.666666670496987,-0.3333333333677895
24,1985,2021,1,36,60,14,0,板橋区,West,60_板橋区_14_36,-5.898748156596412e-9,-5.2229776059675714e-11
25,1980,2021,1,41,70,5,0,板橋区,West,70_板橋区_5_41,-1.6875674191396683e-9,-1.669842042417713e-11
52,2005,2021,1,16,85,9,0,板橋区,West,85_板橋区_9_16,-3.433470396885241e-9,-3.0910607407008683e-11
52,2009,2021,1,12,80,8,0,板橋区,West,80_板橋区_8_12,-3.7011176345913555e-9,-3.22741833258533e-11
22,1981,2023,1,42,65,8,1,板橋区,West,65_板橋区_8_42,-3.6121967639246577e-9,-3.200217868482014e-11
56,2015,2023,1,8,75,10,1,板橋区,West,75_板橋区_10_8,-1.0000000029888483,-2.6594282331871e-11
33,1990,2023,1,33,45,7,1,板橋区,West,45_板橋区_7_33,-8.047322808124591e-10,-9.377165710588997e-12
67,2015,2023,1,8,85,9,1,板橋区,West,85_板橋区_9_8,-3.756014166356181e-9,-3.290656636067979e-11
58,2015,2023,1,8,75,10,1,板橋区,West,75_板橋区_10_8,0.9999999970111517,-2.6594282331871e-11
75,2011,2023,1,12,90,5,1,板橋区,West,90_板橋区_5_12,-3.5871039472112898e-9,-3.1940672329255904e-11
57,2015,2023,1,8,75,9,1,板橋区,West,75_板橋区_9_8,-3.367773615536862e-9,-3.007905036156444e-11
53,2015,2023,1,8,75,11,1,板橋区,West,75_板橋区_11_8,-2.8333815293990483e-9,-2.5339508269439648e-11
75,2015,2023,1,8,90,9,1,板橋区,West,90_板橋区_9_8,-4.086956550963805e-9,-3.6872060960035924e-11
11,1982,2023,1,41,40,2,1,板橋区,West,40_板橋区_2_41,-6.2460117078444455e-9,-1.7786883077519633e-11
11,1979,2023,1,44,40,8,1,板橋区,West,40_板橋区_8_44,-4.702734202055581e-9,-4.497757721821927e-11
28,1985,2023,1,38,50,2,1,板橋区,West,50_板橋区_2_38,-3.3617482131376164e-9,-2.872013737942325e-11
35,2008,2023,1,15,40,5,1,板橋区,West,40_板橋区_5_15,-3.6209968357070466e-10,-5.3150817080904744e-12
35,2004,2023,1,19,35,1,1,板橋区,West,35_板橋区_1_19,-6.154628806598339e-9,-4.634004291403926e-11
25,1989,2023,1,34,50,9,1,板橋区,West,50_板橋区_9_34,-8.353318037279678e-10,-9.36539734652797e-12
33,1979,2023,1,44,55,7,1,板橋区,West,55_板橋区_7_44,-5.539604330806469e-10,-7.1460615203022826e-12
33,1979,2023,1,44,55,7,1,板橋区,West,55_板橋区_7_44,-5.539604330806469e-10,-7.1460615203022826e-12
30,1994,2023,1,29,50,5,1,板橋区,West,50_板橋区_5_29,6.538414254464442e-11,8.975931109489466e-12
53,2000,2023,1,23,65,10,1,板橋区,West,65_板橋区_10_23,3.499999999116703,-1.0065059896646744e-11
46,2000,2023,1,23,65,10,1,板橋区,West,65_板橋区_10_23,-3.500000000883297,-1.0065059896646744e-11
20,1986,2023,1,37,45,9,1,板橋区,West,45_板橋区_9_37,-1.963691431683401e-9,-1.9106050075379244e-11
20,1975,2023,1,48,40,4,1,板橋区,West,40_板橋区_4_48,-3.167770046275109e-9,-2.7225999232882714e-11
50,2006,2023,1,17,75,5,1,板橋区,West,75_板橋区_5_17,-3.097852641076315e-9,-2.6645130546398832e-11
11,1974,2023,1,49,35,7,1,板橋区,West,35_板橋区_7_49,-1.9710739707079483e-9,-1.9063417511233638e-11
42,2011,2023,1,12,55,2,1,板橋区,West,55_板橋区_2_12,-4.685105636781373e-10,-6.06292793747798e-12
53,2015,2023,1,8,70,3,1,板橋区,West,70_板橋区_3_8,-1.249333081432269e-9,-1.428923646074054e-11
6,1974,2023,1,49,35,8,1,板橋区,West,35_板橋区_8_49,-6.057312873508636e-9,-5.1449067228759304e-11
70,2015,2023,1,8,75,1,1,板橋区,West,75_板橋区_1_8,-4.477556103665847e-9,-4.156675004196586e-11
65,2002,2023,1,21,85,6,1,板橋区,West,85_板橋区_6_21,-3.4927438719023485e-9,-3.11981551703866e-11
35,2007,2023,1,16,40,6,1,板橋区,West,40_板橋区_6_16,-2.666681098162371e-9,-2.5514923507330423e-11
12,1982,2023,1,41,50,12,1,板橋区,West,50_板橋区_12_41,-6.0131171153443574e-9,-5.082623211194459e-11
24,1993,2023,1,30,50,5,1,板橋区,West,50_板橋区_5_30,-3.990628272276808e-9,-3.548072946557568e-11
24,1993,2023,1,30,45,2,1,板橋区,West,45_板橋区_2_30,-4.654701513118198e-9,-4.3321124465478533e-11
42,1994,2023,1,29,55,7,1,板橋区,West,55_板橋区_7_29,-3.3727332038324676e-9,-3.0786706517460516e-11
43,1991,2023,1,32,60,7,1,板橋区,West,60_板橋区_7_32,-4.4675445565189875e-9,-4.13000744714509e-11
29,1987,2023,1,36,55,13,1,板橋区,West,55_板橋区_13_36,-1.3009469057578826e-9,-1.4694467864728722e-11
31,1995,2023,1,28,60,4,1,板橋区,West,60_板橋区_4_28,-1.0368310654484958e-9,-1.3081979943763145e-11
55,2016,2023,1,7,65,3,1,板橋区,West,65_板橋区_3_7,-1.4883028143231058e-9,-1.681854655544157e-11
13,1979,2023,1,44,35,6,1,板橋区,West,35_板橋区_6_44,-5.88015325320157e-9,-5.156053362043167e-11
58,1997,2023,1,26,65,1,1,板橋区,West,65_板橋区_1_26,-8.990497235572548e-11,-7.4451556031363e-13
54,2009,2023,1,14,70,6,1,板橋区,West,70_板橋区_6_14,-3.78214082275008e-9,-3.432676365378029e-11
22,1981,2023,1,42,55,5,1,板橋区,West,55_板橋区_5_42,-5.133067304541328e-9,-4.9721782247047486e-11
6.9,1974,2023,1,49,35,6,1,板橋区,West,35_板橋区_6_49,-6.1204534773651176e-9,-5.083067300404309e-11
38,1999,2023,1,24,65,9,1,板橋区,West,65_板橋区_9_24,-5.495977006830799e-9,-4.9424686565657794e-11
14,1986,2023,1,37,40,14,1,板橋区,West,40_板橋区_14_37,-5.776389144784844e-9,-5.240297085151724e-11
45,2000,2023,1,23,75,10,1,板橋区,West,75_板橋区_10_23,-3.1065567895893764e-9,-2.6642910100349582e-11
51,2013,2023,1,10,65,14,1,板橋区,West,65_板橋区_14_10,0.4999999951287606,-4.634803651981656e-11
51,2002,2023,1,21,75,8,1,板橋区,West,75_板橋区_8_21,-4.289425703518646e-9,-4.033817724291566e-11
24,1980,2023,1,43,60,10,1,板橋区,West,60_板橋区_10_43,-1.0823413276739302e-9,-1.4064083231346558e-11
14,1982,2023,1,41,35,5,1,板橋区,West,35_板橋区_5_41,-5.9704490240619634e-9,-5.2366555536309534e-11
27,1981,2023,1,42,55,9,1,板橋区,West,55_板橋区_9_42,-4.57238513718039e-9,-4.0804692957863153e-11
22,1981,2023,1,42,45,9,1,板橋区,West,45_板橋区_9_42,-2.1867805344299995e-9,-2.1226576052413293e-11
24,1980,2023,1,43,40,5,1,板橋区,West,40_板橋区_5_43,-2.566213908039572e-9,-2.488720340920736e-11
36,2015,2023,1,8,60,3,1,板橋区,West,60_板橋区_3_8,-2.4054784830696008e-9,-2.2957857837013762e-11
42,2009,2023,1,14,65,7,1,板橋区,West,65_板橋区_7_14,3.9999999981949017,0.6666666666486423
50,2011,2023,1,12,75,8,1,板橋区,West,75_板橋区_8_12,-2.000000002375266,0.49999999997704436
42,2002,2023,1,21,60,3,1,板橋区,West,60_板橋区_3_21,-4.401300657264073e-9,-4.066591507978501e-11
19,1976,2023,1,47,50,15,1,板橋区,West,50_板橋区_15_47,-3.6445086948333483e-9,-3.213340704633083e-11
41,1996,2023,1,27,60,10,1,板橋区,West,60_板橋区_10_27,-3.903849687958427e-9,-3.459099673364108e-11
60,2012,2023,1,11,75,4,1,板橋区,West,75_板橋区_4_11,-3.329091669002082e-9,-2.8810731578232662e-11
15,2008,2023,1,15,25,5,1,板橋区,West,25_板橋区_5_15,-6.933611018666852e-9,-1.159761175983931e-11
61,2008,2023,1,15,75,4,1,板橋区,West,75_板橋区_4_15,-3.3600358051444346e-9,-3.107203383478918e-11
39,1984,2023,1,39,60,1,1,板橋区,West,60_板橋区_1_39,-4.062989944486617e-9,-3.747913090990096e-11
35,1985,2023,1,38,70,8,1,板橋区,West,70_板橋区_8_38,-4.3651127157318115e-9,-4.0472514228895307e-11
31,1985,2023,1,38,55,9,1,板橋区,West,55_板橋区_9_38,-5.732715635531349e-9,-5.1767257147616874e-11
20,1984,2023,1,39,35,1,1,板橋区,West,35_板橋区_1_39,-5.798447944016516e-9,-5.037370520710738e-11
79,2008,2023,1,15,85,4,1,板橋区,West,85_板橋区_4_15,-3.6593519325833768e-9,-3.292388583986394e-11
52,2018,2023,1,5,65,11,1,板橋区,West,65_板橋区_11_5,-1.076735145488783e-9,-1.315858533246228e-11
55,2005,2023,1,18,80,6,1,板橋区,West,80_板橋区_6_18,-3.273143533988332e-9,-3.0074831514070866e-11
7.5,1975,2023,1,48,30,5,1,板橋区,West,30_板橋区_5_48,-2.3764172851770127e-9,-2.272870780473113e-11
9.7,1992,2023,1,31,30,13,1,板橋区,West,30_板橋区_13_31,-1.150000003414366,0.49999999997058
63,2003,2023,1,20,75,11,1,板橋区,West,75_板橋区_11_20,-3.943043225262954e-9,-3.5628833217060674e-11
78,2016,2023,1,7,80,9,1,板橋区,West,80_板橋区_9_7,-4.4131951426606975e-9,-4.120659369277746e-11
75,2016,2023,1,7,75,9,1,板橋区,West,75_板橋区_9_7,-1.5000000043989132,-4.049338642175826e-11
73,2003,2023,1,20,90,8,1,板橋区,West,90_板橋区_8_20,-3.9453027511626715e-9,-3.522715452675129e-11
52,2003,2023,1,20,85,12,1,板橋区,West,85_板橋区_12_20,-3.3603555493755266e-9,-3.118616476172065e-11
78,2016,2023,1,7,75,9,1,板橋区,West,75_板橋区_9_7,1.4999999956010868,-4.049338642175826e-11
60,2013,2023,1,10,75,10,1,板橋区,West,75_板橋区_10_10,-4.666723896207259e-9,-4.388578389580289e-11
35,1993,2023,1,30,65,8,1,板橋区,West,65_板橋区_8_30,-5.3484257023228565e-9,-5.024847204992966e-11
50,2012,2023,1,11,55,10,1,板橋区,West,55_板橋区_10_11,-3.966576400671329e-9,-3.569056161722983e-11
50,2013,2023,1,10,65,14,1,板橋区,West,65_板橋区_14_10,-0.5000000048712394,-4.634803651981656e-11
45,1985,2023,1,38,80,10,1,板橋区,West,80_板橋区_10_38,-2.98511082519326e-9,-2.6537216868405267e-11
59,2009,2023,1,14,75,11,1,板橋区,West,75_板橋区_11_14,-3.19809601023735e-9,-2.7813751302119272e-11
52,2005,2023,1,18,75,13,1,板橋区,West,75_板橋区_13_18,-4.186475166534365e-9,-3.824318639544799e-11
42,2006,2023,1,17,70,8,1,板橋区,West,70_板橋区_8_17,-5.116802981319779e-9,-4.973932377083656e-11
38,2005,2023,1,18,85,11,1,板橋区,West,85_板橋区_11_18,-3.3154492484754883e-9,-3.0165203668275353e-11
43,2009,2023,1,14,55,1,1,板橋区,West,55_板橋区_1_14,-5.898215249544592e-9,-5.212985598745945e-11
23,1973,2023,1,50,55,8,1,板橋区,West,55_板橋区_8_50,-5.26652144117179e-9,-4.971090206140616e-11
22,2016,2023,1,7,30,9,1,板橋区,West,30_板橋区_9_7,-2.2070167915444472e-10,1.811373273596928e-11
32,1996,2023,1,27,70,11,1,板橋区,West,70_板橋区_11_27,-5.102279487800843e-9,-4.960587496327662e-11
34,1979,2023,1,44,85,12,1,板橋区,West,85_板橋区_12_44,-3.3349323302900302e-9,-3.080891097795302e-11
41,1978,2023,1,45,75,9,1,板橋区,West,75_板橋区_9_45,-3.755900479518459e-9,-3.356381839125788e-11
60,2017,2023,1,6,85,5,1,板橋区,West,85_板橋区_5_6,-3.3025173706846545e-9,-3.0522695482204654e-11
50,2001,2023,1,22,75,3,1,板橋区,West,75_板橋区_3_22,-4.2906549424515106e-9,-4.033218203858269e-11
57,2017,2023,1,6,80,5,1,板橋区,West,80_板橋区_5_6,-3.3971474522331846e-9,-2.965716561220688e-11
57,2015,2023,1,8,75,4,1,板橋区,West,75_板橋区_4_8,-2.6325892577006016e-9,-2.4845681068086378e-11
29,1991,2023,1,32,75,5,1,板橋区,West,75_板橋区_5_32,-2.55140975014001e-9,-2.4698243450416157e-11
24,1974,2023,1,49,50,11,1,板橋区,West,50_板橋区_11_49,-4.531578667865688e-9,-4.2157388691066444e-11
22,1974,2023,1,49,40,8,1,板橋区,West,40_板橋区_8_49,-2.6178774703566887e-9,-2.5225599387113107e-11
58,2012,2023,1,11,65,3,1,板橋区,West,65_板橋区_3_11,-3.28532223647926e-9,-2.830846668189224e-11
30,2017,2023,1,6,30,7,1,板橋区,West,30_板橋区_7_6,-2.803311360821681e-9,-2.5030422179384004e-11
60,2014,2023,1,9,75,11,1,板橋区,West,75_板橋区_11_9,-4.0748560081738106e-9,-3.714584195790849e-11
8.7,1988,2023,1,35,25,11,1,板橋区,West,25_板橋区_11_35,-3.559286199106282e-10,-5.317746243349575e-12
42,1998,2023,1,25,60,9,1,板橋区,West,60_板橋区_9_25,-2.327560366666148e-9,-2.2462032234216167e-11
35,1988,2023,1,35,70,11,1,板橋区,West,70_板橋区_11_35,-3.7967637922520225e-9,-3.427258477017858e-11
21,1987,2023,1,36,55,14,1,板橋区,West,55_板橋区_14_36,-5.118135248949329e-9,-5.019584747856243e-11
56,2014,2023,1,9,75,10,1,板橋区,West,75_板橋区_10_9,-4.000000002499419,-2.4696689138181682e-11
64,2014,2023,1,9,75,10,1,板橋区,West,75_板橋区_10_9,3.9999999975005807,-2.4696689138181682e-11
59,2014,2023,1,9,70,8,1,板橋区,West,70_板橋区_8_9,-2.7401654278946808e-9,-2.589306546951775e-11
50,2001,2023,1,22,80,12,1,板橋区,West,80_板橋区_12_22,-3.3266829291278555e-9,-2.8769431281716606e-11
52,2001,2023,1,22,70,12,1,板橋区,West,70_板橋区_12_22,15.333333329503013,0.6666666666322105
40,2011,2023,1,12,70,11,1,板橋区,West,70_板橋区_11_12,-4.6701842393304105e-9,-4.331801584100958e-11
39,2001,2023,1,22,65,12,1,板橋区,West,65_板橋区_12_22,-1.594614218447532e-9,-1.6325163443298152e-11
53,2005,2023,1,18,75,11,1,板橋区,West,75_板橋区_11_18,-4.48234516170487e-9,-4.0257130962118026e-11
24,1988,2023,1,35,45,10,1,板橋区,West,45_板橋区_10_35,-1.2237144630944385e-9,-1.4024337247064977e-11
59,2014,2023,1,9,70,10,1,板橋区,West,70_板橋区_10_9,-4.705242417912814e-9,-4.416489396419365e-11
68,2014,2023,1,9,80,10,1,板橋区,West,80_板橋区_10_9,-4.348308380031085e-9,-4.02498034901555e-11
33,1983,2023,1,40,65,15,1,板橋区,West,65_板橋区_15_40,-4.822311439056648e-10,-5.812905712332395e-12
13,1978,2023,1,45,55,12,1,板橋区,West,55_板橋区_12_45,-4.514639329045167e-9,-4.0539571699582666e-11
46,2012,2023,1,11,65,4,1,板橋区,West,65_板橋区_4_11,-1.122877790749044e-9,-1.4379608614945028e-11
22,2007,2021,1,14,35,10,0,練馬区,West,35_練馬区_10_14,-4.017596921812583e-9,-3.613354060405527e-11
37,2003,2021,1,18,70,13,0,練馬区,West,70_練馬区_13_18,-2.550557098857098e-9,-2.4649171592727726e-11
59,2012,2021,1,9,65,2,0,練馬区,West,65_練馬区_2_9,-4.198881242700736e-9,-3.760969313759688e-11
15,2006,2021,1,15,25,3,0,練馬区,West,25_練馬区_3_15,-3.7989735801602365e-9,-3.429811989974496e-11
28,1984,2021,1,37,50,8,0,練馬区,West,50_練馬区_8_37,-6.062165880393877e-9,-5.093925281585143e-11
20,2002,2021,1,19,25,5,0,練馬区,West,25_練馬区_5_19,-6.0850062766348856e-9,-5.165423644371003e-11
18,2012,2021,1,9,25,9,0,練馬区,West,25_練馬区_9_9,-5.924789547862019e-9,-5.1956217106408076e-11
41,1993,2021,1,28,60,8,0,練馬区,West,60_練馬区_8_28,3.977618234785041e-11,9.939604694864101e-12
62,2005,2021,1,16,90,9,0,練馬区,West,90_練馬区_9_16,-4.616268256540934e-9,-4.0460967909439205e-11
34,1995,2021,1,26,60,12,0,練馬区,West,60_練馬区_12_26,-6.494431659120892e-10,-8.010259122670504e-12
15,2005,2021,1,16,25,6,0,練馬区,West,25_練馬区_6_16,-5.1610129503387725e-9,-5.049027862469302e-11
40,2000,2021,1,21,70,15,0,練馬区,West,70_練馬区_15_21,-4.000412445748225e-9,-3.6159741867436423e-11
31,1998,2021,1,23,75,13,0,練馬区,West,75_練馬区_13_23,-3.4152201067172427e-9,-3.005728999028179e-11
43,2004,2021,1,17,75,9,0,練馬区,West,75_練馬区_9_17,-8.000000003308998,-2.849942504212777e-11
49,2000,2021,1,21,85,2,0,練馬区,West,85_練馬区_2_21,-3.7072780401103955e-9,-3.2559066553972116e-11
35,1996,2021,1,25,80,12,0,練馬区,West,80_練馬区_12_25,-3.78584275040339e-9,-3.427147454715396e-11
35,1996,2021,1,25,80,12,0,練馬区,West,80_練馬区_12_25,-3.78584275040339e-9,-3.427147454715396e-11
48,2006,2021,1,15,80,4,0,練馬区,West,80_練馬区_4_15,-4.005748621693783e-9,-3.609823551187219e-11
38,2000,2021,1,21,75,12,0,練馬区,West,75_練馬区_12_21,-3.3303635404990928e-9,-2.9229729747726196e-11
16,2011,2021,1,10,25,7,0,練馬区,West,25_練馬区_7_10,-2.9808120416419115e-9,-2.55404586368968e-11
46,2007,2021,1,14,75,3,0,練馬区,West,75_練馬区_3_14,-4.402167519401701e-9,-4.0345726759483114e-11
25,1974,2021,1,47,75,15,0,練馬区,West,75_練馬区_15_47,-4.134527387122944e-9,-3.703348738781642e-11
32,1974,2021,1,47,70,9,0,練馬区,West,70_練馬区_9_47,-3.5990765923088475e-9,-3.196909403868631e-11
46,2008,2021,1,13,65,10,0,練馬区,West,65_練馬区_10_13,-3.4315377206439734e-9,-3.096922718270889e-11
34,2011,2021,1,10,70,12,0,練馬区,West,70_練馬区_12_10,-8.800284945209569e-10,-9.650724663856636e-12
36,2009,2021,1,12,70,12,0,練馬区,West,70_練馬区_12_12,-8.333333339143444,-0.33333333338464954
27,1985,2021,1,36,65,12,0,練馬区,West,65_練馬区_12_36,-3.3534846011207264e-9,-2.8896884884943574e-11
36,2006,2021,1,15,80,14,0,練馬区,West,80_練馬区_14_15,-3.4019009831354197e-9,-3.0506486226045126e-11
37,2009,2021,1,12,70,12,0,練馬区,West,70_練馬区_12_12,-7.333333339143444,-0.33333333338464954
42,2005,2021,1,16,70,3,0,練馬区,West,70_練馬区_3_16,-3.5418068478065834e-9,-3.1606273154238806e-11
45,2001,2021,1,20,85,12,0,練馬区,West,85_練馬区_12_20,-3.668304771053954e-9,-3.359112987766366e-11
40,2010,2021,1,11,60,13,0,練馬区,West,60_練馬区_13_11,-3.535937764809205e-9,-3.203726173239829e-11
59,2004,2021,1,17,75,9,0,練馬区,West,75_練馬区_9_17,7.9999999966910025,-2.849942504212777e-11
45,2002,2021,1,19,80,12,0,練馬区,West,80_練馬区_12_19,-3.028276296390686e-9,-2.57054377783561e-11
40,1998,2021,1,23,90,10,0,練馬区,West,90_練馬区_10_23,-3.4233806900374475e-9,-2.934585907610199e-11
57,2004,2021,1,17,80,7,0,練馬区,West,80_練馬区_7_17,-3.2664502214174718e-9,-2.8277380437202737e-11
44,2004,2021,1,17,75,7,0,練馬区,West,75_練馬区_7_17,-2.493678152859502e-9,-2.440447843810034e-11
27,1973,2021,1,48,55,3,0,練馬区,West,55_練馬区_3_48,-6.858726919745095e-10,-9.691136781952991e-12
54,2005,2021,1,16,80,5,0,練馬区,West,80_練馬区_5_16,-3.485347122023086e-9,-3.139799531481913e-11
60,2015,2021,1,6,70,3,0,練馬区,West,70_練馬区_3_6,-2.0344117501736037e-09,-1.978017749593164e-11
48,1999,2021,1,22,75,3,0,練馬区,West,75_練馬区_3_22,-4.565087863284134e-9,-4.295763744721626e-11
9,1991,2021,1,30,25,8,0,練馬区,West,25_練馬区_8_30,-6.153157983135316e-9,-2.0303536629739938e-11
32,1988,2021,1,33,60,6,0,練馬区,West,60_練馬区_6_33,-6.067367053219641e-9,-5.113642842502486e-11
42,1993,2021,1,28,65,10,0,練馬区,West,65_練馬区_10_28,-8.163425491147791e-10,-9.068301665138279e-12
32,1994,2021,1,27,65,10,0,練馬区,West,65_練馬区_10_27,-1.1113883147118031e-9,-1.3247847263642143e-11
56,2015,2021,1,6,80,11,0,練馬区,West,80_練馬区_11_6,-3.3359270901200944e-9,-2.887601269208062e-11
48,2015,2021,1,6,70,11,0,練馬区,West,70_練馬区_11_6,-3.291290795459645e-9,-2.8495872328448968e-11
28,2016,2021,1,5,40,9,0,練馬区,West,40_練馬区_9_5,-1.6342980302397336e-9,-1.6512347045249953e-11
33,1997,2021,1,24,65,8,0,練馬区,West,65_練馬区_8_24,-3.4563285566946433e-9,-2.976707769164477e-11
23,1986,2021,1,35,75,11,0,練馬区,West,75_練馬区_11_35,-3.734641040864517e-9,-3.337707887851593e-11
47,2000,2021,1,21,60,2,0,練馬区,West,60_練馬区_2_21,-9.734861805554829e-10,-1.2501111257279263e-11
21,2015,2021,1,6,30,4,0,練馬区,West,30_練馬区_4_6,-6.285436171538095e-9,-4.430300570845702e-11
40,2004,2021,1,17,55,1,0,練馬区,West,55_練馬区_1_17,-2.5708146722536185e-9,-2.5203394926620604e-11
50,1992,2021,1,29,85,6,0,練馬区,West,85_練馬区_6_29,-3.62193475211825e-9,-3.147970772943154e-11
20,2015,2021,1,6,30,5,0,練馬区,West,30_練馬区_5_6,-6.3085181523092615e-9,-1.6304069205830274e-11
40,1985,2021,1,36,65,6,0,練馬区,West,65_練馬区_6_36,-3.193662223566207e-9,-2.7468693986065773e-11
47,2012,2021,1,9,60,7,0,練馬区,West,60_練馬区_7_9,-4.767741756950272e-10,-6.068257007996181e-12
39,2005,2021,1,16,50,3,0,練馬区,West,50_練馬区_3_16,-5.283524728838529e-9,-4.978728540550037e-11
49,2010,2021,1,11,75,6,0,練馬区,West,75_練馬区_6_11,-3.228464606763737e-9,-2.777666985309679e-11
10,1990,2021,1,31,25,4,0,練馬区,West,25_練馬区_4_31,-5.8338400776847266e-9,-5.1761039898678973e-11
70,2012,2021,1,9,75,2,0,練馬区,West,75_練馬区_2_9,-4.498446060097194e-9,-4.0363934417086966e-11
12,1978,2021,1,43,40,3,0,練馬区,West,40_練馬区_3_43,4.162004074714787e-11,1.4122925051651691e-11
35,1991,2021,1,30,75,7,0,練馬区,West,75_練馬区_7_30,-3.3003573207679437e-9,-2.8701041543399697e-11
35,1991,2021,1,30,75,8,0,練馬区,West,75_練馬区_8_30,-3.96826038695508e-9,-3.56281670832459e-11
40,2007,2021,1,14,65,8,0,練馬区,West,65_練馬区_8_14,-4.537291431461199e-9,-4.1428860342307416e-11
40,2004,2021,1,17,65,9,0,練馬区,West,65_練馬区_9_17,-2.727766457155667e-9,-2.520228470359598e-11
12,1972,2021,1,49,45,5,0,練馬区,West,45_練馬区_5_49,-5.948020742607696e-9,-5.2943871509114615e-11
7.6,1972,2021,1,49,25,10,0,練馬区,West,25_練馬区_10_49,-4.65780480851663e-9,-4.256373031807925e-11
46,2011,2021,1,10,75,7,0,練馬区,West,75_練馬区_7_10,-4.40773817445006e-9,-4.063505087970043e-11
20,1974,2021,1,47,40,8,0,練馬区,West,40_練馬区_8_47,-9.329923500445148e-10,-9.886313989682094e-12
19,2009,2021,1,12,25,7,0,練馬区,West,25_練馬区_7_12,-1.0848282272490906e-9,-1.339950372880594e-11
17,1979,2021,1,42,40,2,0,練馬区,West,40_練馬区_2_42,8.58300097661413e-11,7.182254790905063e-12
48,2014,2021,1,7,70,11,0,練馬区,West,70_練馬区_11_7,-2.981565216941817e-9,-2.57107668488743e-11
96,2015,2021,1,6,85,1,0,練馬区,West,85_練馬区_1_6,-3.6055780583410524e-9,-3.2025493368337266e-11
64,2010,2021,1,11,75,2,0,練馬区,West,75_練馬区_2_11,-3.2200091482081916e-9,-2.7750246545110713e-11
47,2005,2021,1,16,80,11,0,練馬区,West,80_練馬区_11_16,-1.0000000041972825,-3.834643713673813e-11
49,2005,2021,1,16,80,11,0,練馬区,West,80_練馬区_11_16,0.9999999958027175,-3.834643713673813e-11
56,2010,2021,1,11,60,2,0,練馬区,West,60_練馬区_2_11,-3.4248728297825437e-9,-3.119304814447332e-11
65,2015,2021,1,6,55,1,0,練馬区,West,55_練馬区_1_6,-1.240749725184287e-9,-1.4724221841788676e-11
60,2015,2021,1,6,70,5,0,練馬区,West,70_練馬区_5_6,-1.2217427070027043e-9,-1.4340306719873297e-11
37,1983,2021,1,38,75,10,0,練馬区,West,75_練馬区_10_38,-3.4185561048616364e-9,-2.966360490574971e-11
37,1983,2021,1,38,80,10,0,練馬区,West,80_練馬区_10_38,-3.455333796864579e-9,-2.990030445459979e-11
39,1986,2021,1,35,75,3,0,練馬区,West,75_練馬区_3_35,-3.3319196290904074e-9,-2.9002800161492814e-11
39,1985,2021,1,36,80,6,0,練馬区,West,80_練馬区_6_36,-2.0000000033415972,-2.9998448169976655e-11
44,1988,2021,1,33,65,8,0,練馬区,West,65_練馬区_8_33,0.9999999989563548,-1.3629097850298422e-11
42,1988,2021,1,33,65,8,0,練馬区,West,65_練馬区_8_33,-1.0000000010436452,-1.3629097850298422e-11
42,1985,2021,1,36,80,6,0,練馬区,West,80_練馬区_6_36,0.9999999966584028,-2.9998448169976655e-11
38,1984,2021,1,37,70,6,0,練馬区,West,70_練馬区_6_37,-4.411063514453417e-9,-4.053357649524969e-11
42,1985,2021,1,36,80,6,0,練馬区,West,80_練馬区_6_36,0.9999999966584028,-2.9998448169976655e-11
49,2010,2021,1,11,60,6,0,練馬区,West,60_練馬区_6_11,-3.695411976423202e-9,-3.232880629866486e-11
17,1981,2021,1,40,45,4,0,練馬区,West,45_練馬区_4_40,-9.593179584044265e-10,-1.1652900866465643e-11
17,1975,2021,1,46,45,5,0,練馬区,West,45_練馬区_5_46,-2.3574031615680724e-10,1.609468114338597e-11
28,2015,2021,1,6,35,2,0,練馬区,West,35_練馬区_2_6,-6.626422077715688e-9,-1.5704326727927764e-11
53,2003,2021,1,18,65,1,0,練馬区,West,65_練馬区_1_18,-5.141771453054389e-9,-5.031997041271552e-11
47,2000,2021,1,21,70,2,0,練馬区,West,70_練馬区_2_21,-5.000000004509147,-4.065303649269936e-11
57,2000,2021,1,21,70,2,0,練馬区,West,70_練馬区_2_21,4.999999995490853,-4.065303649269936e-11
46,2007,2021,1,14,85,8,0,練馬区,West,85_練馬区_8_14,-3.6590179774975695e-9,-3.292144334920977e-11
50,2006,2021,1,15,70,10,0,練馬区,West,70_練馬区_10_15,-4.295209521387733e-9,-3.948064097869519e-11
49,2009,2021,1,12,75,11,0,練馬区,West,75_練馬区_11_12,-2.5000000045087276,-4.189204538818103e-11
54,2009,2021,1,12,75,11,0,練馬区,West,75_練馬区_11_12,2.4999999954912724,-4.189204538818103e-11
48,2015,2021,1,6,65,9,0,練馬区,West,65_練馬区_9_6,-3.37237082703723e-9,-3.039946072647126e-11
50,2015,2021,1,6,70,12,0,練馬区,West,70_練馬区_12_6,2.4999999951654104,-0.5000000000464093
48,2011,2021,1,10,70,13,0,練馬区,West,70_練馬区_13_10,-4.5606114440488454e-9,-4.112066243067147e-11
45,2003,2021,1,18,65,8,0,練馬区,West,65_練馬区_8_18,-1.4435741491070075e-9,-1.6104229061397746e-11
50,2008,2021,1,13,60,2,0,練馬区,West,60_練馬区_2_13,-4.4144954358671384e-9,-4.068145820212976e-11
44,2006,2021,1,15,80,9,0,練馬区,West,80_練馬区_9_15,-3.57427865083082e-9,-3.144662308329771e-11
35,1991,2021,1,30,65,14,0,練馬区,West,65_練馬区_14_30,-4.008853693449055e-9,-3.583333629819663e-11
45,2007,2021,1,14,70,9,0,練馬区,West,70_練馬区_9_14,-4.565379185805796e-9,-4.173350554026456e-11
12,1979,2021,1,42,40,10,0,練馬区,West,40_練馬区_10_42,4.815348120246199e-11,5.432321259490891e-12
22,1979,2021,1,42,55,10,0,練馬区,West,55_練馬区_10_42,-6.785612072235381e-10,-8.128608897095546e-12
49,2015,2021,1,6,75,15,0,練馬区,West,75_練馬区_15_6,-3.3468623428234423e-9,-2.890465644611595e-11
39,2005,2021,1,16,70,13,0,練馬区,West,70_練馬区_13_16,-3.041350282728672e-9,-2.6489921367556235e-11
16,2001,2023,1,22,25,3,1,練馬区,West,25_練馬区_3_22,-5.480892184550612e-9,-5.0466297807361116e-11
33,2010,2023,1,13,30,3,1,練馬区,West,30_練馬区_3_13,-9.440270787308691e-11,3.9683811792201595e-12
52,2009,2023,1,14,60,7,1,練馬区,West,60_練馬区_7_14,-7.718981009929848e-10,-9.339640172356667e-12
67,2011,2023,1,12,75,10,1,練馬区,West,75_練馬区_10_12,-3.4168294860137394e-9,-3.004507753701091e-11
19,2012,2023,1,11,25,10,1,練馬区,West,25_練馬区_10_11,8.79865069691732e-11,1.0441647546599597e-11
74,2009,2023,1,14,80,7,1,練馬区,West,80_練馬区_7_14,-3.614346155700332e-9,-3.202660359136189e-11
55,2003,2023,1,20,65,7,1,練馬区,West,65_練馬区_7_20,-4.817252374778036e-9,-4.608380343995577e-11
73,2016,2023,1,7,75,10,1,練馬区,West,75_練馬区_10_7,-3.1880063033895567e-9,-2.7797097956749894e-11
49,1997,2023,1,26,90,11,1,練馬区,West,90_練馬区_11_26,-4.082252758053073e-9,-3.551203775487011e-11
68,2005,2023,1,18,90,9,1,練馬区,West,90_練馬区_9_18,-4.536715891845233e-9,-4.0860870242909186e-11
48,2003,2023,1,20,70,13,1,練馬区,West,70_練馬区_13_20,-1.909910452013719e-9,-1.8899104503589115e-11
61,2017,2023,1,6,75,10,1,練馬区,West,75_練馬区_10_6,-4.357467275895033e-9,-4.036881939839532e-11
22,2006,2023,1,17,35,13,1,練馬区,West,35_練馬区_13_17,-2.6228157423702214e-9,-2.5456303731630214e-11
50,2007,2023,1,16,85,14,1,練馬区,West,85_練馬区_14_16,-3.756092326057114e-9,-3.345279608879537e-11
52,2017,2023,1,6,75,11,1,練馬区,West,75_練馬区_11_6,-3.097234468896204e-9,-2.662647879958513e-11
51,2016,2023,1,7,65,14,1,練馬区,West,65_練馬区_14_7,-2.1760584445473796e-9,-2.1690427232101683e-11
62,2004,2023,1,19,90,9,1,練馬区,West,90_練馬区_9_19,-4.563432298709813e-9,-4.0953906932372774e-11
14,2007,2023,1,16,25,7,1,練馬区,West,25_練馬区_7_16,-3.83089115985058e-10,-5.530464974867755e-12
26,1983,2023,1,40,50,8,1,練馬区,West,50_練馬区_8_40,-5.539430247836208e-9,-5.10835818090527e-11
31,1998,2023,1,25,60,9,1,練馬区,West,60_練馬区_9_25,-2.6368667249698774e-9,-2.5620172650064887e-11
26,1973,2023,1,50,55,3,1,練馬区,West,55_練馬区_3_50,-1.1961347468059103e-9,-1.4719780949690175e-11
52,2000,2023,1,23,70,12,1,練馬区,West,70_練馬区_12_23,-1.5744276993245876e-9,-1.6239232181192165e-11
37,2000,2023,1,23,60,2,1,練馬区,West,60_練馬区_2_23,-2.1259864979583654e-9,-2.0161428082587918e-11
45,2017,2023,1,6,70,12,1,練馬区,West,70_練馬区_12_6,-2.5000000048345896,0.4999999999535907
27,1974,2023,1,49,65,14,1,練馬区,West,65_練馬区_14_49,-3.989228503087361e-9,-3.56343843321838e-11
32,1974,2023,1,49,85,10,1,練馬区,West,85_練馬区_10_49,-3.6520049206956173e-9,-3.232747403103531e-11
26,1985,2023,1,38,60,10,1,練馬区,West,60_練馬区_10_38,-4.8333248514609295e-9,-4.6193715519393663e-11
49,2008,2023,1,15,75,8,1,練馬区,West,75_練馬区_8_15,-2.69579913947382e-9,-2.4984903035374373e-11
48,2004,2023,1,19,75,9,1,練馬区,West,75_練馬区_9_19,-4.500000004521951,-4.1023628938319234e-11
27,1982,2023,1,41,50,12,1,練馬区,West,50_練馬区_12_41,-2.7317312856212084e-9,-2.5630164657286514e-11
35,1984,2023,1,39,75,7,1,練馬区,West,75_練馬区_7_39,-4.152134636115079e-9,-3.699640593879394e-11
50,2004,2023,1,19,70,9,1,練馬区,West,70_練馬区_9_19,-3.3525608955642383e-9,-2.933142617678186e-11
18,1973,2023,1,50,35,11,1,練馬区,West,35_練馬区_11_50,-2.0312995729909744e-10,2.1946888750790094e-12
60,2011,2023,1,12,70,12,1,練馬区,West,70_練馬区_12_12,15.666666660856556,0.6666666666153505
45,2015,2023,1,8,55,13,1,練馬区,West,55_練馬区_13_8,-5.952593085112312e-9,-5.2555071405890885e-11
48,2013,2023,1,10,70,14,1,練馬区,West,70_練馬区_14_10,-4.399240083330369e-9,-3.9857672717857895e-11
35,1989,2023,1,34,60,13,1,練馬区,West,60_練馬区_13_34,-2.513502295187209e-9,-2.4463764347615324e-11
59,2015,2023,1,8,70,14,1,練馬区,West,70_練馬区_14_8,-4.6678323428750446e-9,-4.4000358911944204e-11
57,2014,2023,1,9,70,3,1,練馬区,West,70_練馬区_3_9,-1.7332624224764004e-9,-1.6744161612791686e-11
70,2018,2023,1,5,85,11,1,練馬区,West,85_練馬区_11_5,-3.527603098518739e-9,-3.1193492233683173e-11
9,1991,2023,1,32,25,8,1,練馬区,West,25_練馬区_8_32,-6.250278516972685e-9,-4.2741810091229127e-11
63,1999,2023,1,24,75,3,1,練馬区,West,75_練馬区_3_24,-3.29411875554797e-9,-2.825584211052501e-11
48,2005,2023,1,18,75,9,1,練馬区,West,75_練馬区_9_18,-3.5449545521260006e-9,-3.188094233053107e-11
55,2013,2023,1,10,80,13,1,練馬区,West,80_練馬区_13_10,-2.9780551358271623e-9,-2.5480062504357193e-11
45,1995,2023,1,28,70,10,1,練馬区,West,70_練馬区_10_28,-1.6272281300189206e-9,-1.6554313475580784e-11
49,1999,2023,1,24,85,6,1,練馬区,West,85_練馬区_6_24,-3.5998226621813956e-9,-3.258837644182222e-11
25,2006,2023,1,17,35,5,1,練馬区,West,35_練馬区_5_17,-3.0410944873437984e-9,-2.613043115218261e-11
33,1999,2023,1,24,70,13,1,練馬区,West,70_練馬区_13_24,-3.63935015457173e-9,-3.2635005808856477e-11
20,1987,2023,1,36,45,14,1,練馬区,West,45_練馬区_14_36,-4.580577694923704e-9,-4.1668002381811675e-11
63,2015,2023,1,8,85,9,1,練馬区,West,85_練馬区_9_8,-3.6900047462040675e-9,-3.22670778984957e-11
36,1986,2023,1,37,75,8,1,練馬区,West,75_練馬区_8_37,-2.602682513952459e-9,-2.5125013181082068e-11
51,2012,2023,1,11,80,10,1,練馬区,West,80_練馬区_10_11,-3.548812799181178e-9,-3.161426676001611e-11
23,2017,2023,1,6,30,6,1,練馬区,West,30_練馬区_6_6,-6.857227674572641e-9,-1.589306464211404e-11
42,2003,2023,1,20,75,8,1,練馬区,West,75_練馬区_8_20,-3.2910350000747712e-9,-2.8231861293193106e-11
51,1999,2023,1,24,80,4,1,練馬区,West,80_練馬区_4_24,-3.2389380066888407e-9,-2.755595751580131e-11
39,2012,2023,1,11,55,9,1,練馬区,West,55_練馬区_9_11,-1.2205418897792697e-9,-1.344413469439587e-11
57,2009,2023,1,14,65,5,1,練馬区,West,65_練馬区_5_14,-3.737525844371703e-9,-3.3657521214536246e-11
60,2012,2023,1,11,55,3,1,練馬区,West,55_練馬区_3_11,-6.146009923213569e-9,-4.0924819089127595e-11
58,2002,2023,1,21,75,2,1,練馬区,West,75_練馬区_2_21,-3.446274376983638e-9,-2.9689140035316086e-11
16,1973,2023,1,50,40,4,1,練馬区,West,40_練馬区_4_50,-8.18587864159781e-10,-9.434009129449805e-12
58,2012,2023,1,11,60,3,1,練馬区,West,60_練馬区_3_11,-9.144613954958913e-10,-1.2285061856687207e-11
33,1985,2023,1,38,55,1,1,練馬区,West,55_練馬区_1_38,9.541878398522385e-11,5.431211036466266e-12
100,2012,2023,1,11,90,3,1,練馬区,West,90_練馬区_3_11,-3.3290490364379366e-9,-2.966116241509553e-11
84,2012,2023,1,11,75,3,1,練馬区,West,75_練馬区_3_11,-4.12914857861324e-9,-3.6065372910343285e-11
42,1986,2023,1,37,60,7,1,練馬区,West,60_練馬区_7_37,-4.313982060466515e-9,-4.020161981088677e-11
62,2018,2023,1,5,60,3,1,練馬区,West,60_練馬区_3_5,-5.370253575165407e-9,-4.893196958732915e-11
38,1993,2023,1,30,80,14,1,練馬区,West,80_練馬区_14_30,-3.3026807955138793e-9,-2.8563595932951102e-11
50,1997,2023,1,26,70,8,1,練馬区,West,70_練馬区_8_26,-1.7585790601515328e-9,-1.6974865957308793e-11
11,1976,2023,1,47,30,10,1,練馬区,West,30_練馬区_10_47,-3.946119875308796e-9,-3.508016099829092e-11
42,1975,2023,1,48,70,4,1,練馬区,West,70_練馬区_4_48,-1.8023058601102093e-9,-1.8097745524414677e-11
48,2006,2023,1,17,65,8,1,練馬区,West,65_練馬区_8_17,-3.359865274887852e-9,-2.8944180385792606e-11
50,2001,2023,1,22,65,5,1,練馬区,West,65_練馬区_5_22,-4.156063937443832e-9,-3.706035478501235e-11
49,2004,2023,1,19,65,5,1,練馬区,West,65_練馬区_5_19,-3.0955362717577373e-9,-2.6619595416832453e-11
34,1974,2023,1,49,60,1,1,練馬区,West,60_練馬区_1_49,-6.506724048449541e-10,-8.08197953006129e-12
63,2015,2023,1,8,70,13,1,練馬区,West,70_練馬区_13_8,-2.369255014400551e-9,-2.2714941039225778e-11
73,2016,2023,1,7,75,6,1,練馬区,West,75_練馬区_6_7,-3.887748789566103e-9,-3.524114333686157e-11
43,1996,2023,1,27,60,4,1,練馬区,West,60_練馬区_4_27,-4.306329515202378e-9,-4.009148568684395e-11
30,1984,2023,1,39,75,14,1,練馬区,West,75_練馬区_14_39,-3.3235529883768322e-9,-3.027134098942952e-11
56,2005,2023,1,18,80,12,1,練馬区,West,80_練馬区_12_18,-3.3737279636625317e-9,-3.10189651742121e-11
45,2002,2023,1,21,80,12,1,練馬区,West,80_練馬区_12_21,-3.762743006063829e-9,-3.427036432412933e-11
34,1987,2023,1,36,65,7,1,練馬区,West,65_練馬区_7_36,-4.21501056280249e-9,-3.8470115981681374e-11
40,1988,2023,1,35,70,9,1,練馬区,West,70_練馬区_9_35,-3.937472570214595e-9,-3.494493583389158e-11
50,1990,2023,1,33,90,4,1,練馬区,West,90_練馬区_4_33,-3.950411553432787e-9,-3.6873393227665474e-11
39,1987,2023,1,36,70,7,1,練馬区,West,70_練馬区_7_36,-4.262922459474794e-9,-3.946110105346179e-11
25,1991,2023,1,32,50,3,1,練馬区,West,50_練馬区_3_32,-1.6225598642449768e-9,-1.6225021326476963e-11
43,1985,2023,1,38,80,6,1,練馬区,West,80_練馬区_6_38,-3.0954083740653004e-9,-2.6488145010716835e-11
68,1984,2023,1,39,90,5,1,練馬区,West,90_練馬区_5_39,-3.2314488862539292e-9,-2.8348434710778747e-11
57,1989,2023,1,34,75,2,1,練馬区,West,75_練馬区_2_34,-4.363357675174484e-9,-4.0462744266278605e-11
49,1988,2023,1,35,60,9,1,練馬区,West,60_練馬区_9_35,-4.63005278561468e-9,-4.3236081381792246e-11
17,1992,2023,1,31,30,4,1,練馬区,West,30_練馬区_4_31,-4.792227059624565e-9,-4.5139447735209615e-11
59,2016,2023,1,7,70,9,1,練馬区,West,70_練馬区_9_7,-2.4983677349155187e-9,-2.4694024602922582e-11
50,1994,2023,1,29,60,3,1,練馬区,West,60_練馬区_3_29,-3.7853666867704305e-9,-3.447331309303081e-11
46,1999,2023,1,24,70,2,1,練馬区,West,70_練馬区_2_24,-2.885599315050058e-9,-2.5792479263486712e-11
55,2001,2023,1,22,80,2,1,練馬区,West,80_練馬区_2_22,-3.380421276233392e-9,-2.962430301067798e-11
47,2000,2023,1,23,65,2,1,練馬区,West,65_練馬区_2_23,-5.077708919998258e-9,-4.9847015404225203e-11
58,2014,2023,1,9,70,8,1,練馬区,West,70_練馬区_8_9,-4.663455399622762e-9,-4.3890002743296463e-11
39,2003,2023,1,20,45,1,1,練馬区,West,45_練馬区_1_20,-2.343178095998155e-9,-2.2456259074488116e-11
8.9,1976,2023,1,47,35,3,1,練馬区,West,35_練馬区_3_47,-6.161078758282201e-9,-1.5988543822231804e-11
53,2004,2023,1,19,70,2,1,練馬区,West,70_練馬区_2_19,-2.9738487228314625e-9,-2.564237711055739e-11
53,2014,2023,1,9,75,8,1,練馬区,West,75_練馬区_8_9,-3.350947963554063e-9,-3.068745257905903e-11
62,2009,2023,1,14,75,9,1,練馬区,West,75_練馬区_9_14,-3.318518793093972e-9,-3.027844641678712e-11
43,2001,2023,1,22,70,11,1,練馬区,West,70_練馬区_11_22,-3.3867451065816567e-9,-3.0036861886628685e-11
60,2015,2023,1,8,70,9,1,練馬区,West,70_練馬区_9_8,-1.8263222045789007e-9,-1.8105072996377203e-11
52,2011,2023,1,12,70,13,1,練馬区,West,70_練馬区_13_12,-1.7895303017212427e-9,-1.7645884753392238e-11
48,1996,2023,1,27,80,9,1,練馬区,West,80_練馬区_9_27,-4.094829364476027e-9,-3.616174026888075e-11
57,2004,2023,1,19,75,9,1,練馬区,West,75_練馬区_9_19,4.499999995478049,-4.1023628938319234e-11
38,1986,2023,1,37,45,5,1,練馬区,West,45_練馬区_5_37,-5.911303446737293e-9,-5.2912563219820186e-11
12,1990,2023,1,33,25,5,1,練馬区,West,25_練馬区_5_33,-6.278732200826198e-9,-3.804756509850904e-11
54,2018,2023,1,5,65,11,1,練馬区,West,65_練馬区_11_5,-3.4837839280044136e-9,-3.1145086509809516e-11
47,2006,2023,1,17,70,8,1,練馬区,West,70_練馬区_8_17,-4.185402247003367e-9,-3.824784933215142e-11
17,2007,2023,1,16,25,8,1,練馬区,West,25_練馬区_8_16,-6.373845451435045e-9,-3.096789491507934e-11
66,2012,2023,1,11,90,12,1,練馬区,West,90_練馬区_12_11,-3.265142822783673e-9,-2.826383571630231e-11
67,2006,2023,1,17,80,9,1,練馬区,West,80_練馬区_9_17,-3.597520503717533e-9,-3.1533442523823396e-11
45,2003,2023,1,20,60,5,1,練馬区,West,60_練馬区_5_20,-4.784581619787787e-9,-4.5308423679557563e-11
49,2013,2023,1,10,75,13,1,練馬区,West,75_練馬区_13_10,-3.9162202369880106e-9,-3.5328850955806956e-11
50,2012,2023,1,11,70,15,1,練馬区,West,70_練馬区_15_11,1.499999997237019,-2.4880542071059608e-11
47,2012,2023,1,11,70,15,1,練馬区,West,70_練馬区_15_11,-1.500000002762981,-2.4880542071059608e-11
21,1998,2021,1,23,50,6,0,足立区,East,50_足立区_6_23,-3.298218587133306e-9,-2.851674452131192e-11
45,2001,2021,1,20,80,1,0,足立区,East,80_足立区_1_20,-3.7321754575714294e-9,-3.2614577705203374e-11
25,1992,2021,1,29,50,4,0,足立区,East,50_足立区_4_29,-5.898257882108737e-9,-5.262013047513392e-11
17,1988,2021,1,33,55,10,0,足立区,East,55_足立区_10_33,1.0539480399529566e-10,1.1045830916600607e-11
39,2003,2021,1,18,85,12,0,足立区,East,85_足立区_12_18,-3.610075793858414e-9,-3.256928060579867e-11
22,1985,2021,1,36,55,8,0,足立区,East,55_足立区_8_36,-7.346443453570828e-10,-9.60720392129133e-12
36,1999,2021,1,22,85,8,0,足立区,East,85_足立区_8_22,-3.6992986451878096e-9,-3.3266944754473116e-11
31,2003,2021,1,18,70,12,0,足立区,East,70_足立区_12_18,-2.2935786603284214e-9,-2.2154278411790074e-11
27,2008,2021,1,13,70,14,0,足立区,East,70_足立区_14_13,-3.5839420320371573e-9,-3.1451286020001135e-11
32,2015,2021,1,6,75,13,0,足立区,East,75_足立区_13_6,-3.486498201255017e-9,-3.1347147100291295e-11
49,2016,2021,1,5,55,6,0,足立区,East,55_足立区_6_5,-1.797005211301439e-9,-1.8030466009122392e-11
33,2016,2021,1,5,35,5,0,足立区,East,35_足立区_5_5,-2.233463192169438e-9,-2.162003909234045e-11
48,2005,2021,1,16,85,5,0,足立区,East,85_足立区_5_16,-3.64956775911196e-9,-3.221334310410384e-11
16,1977,2021,1,44,70,14,0,足立区,East,70_足立区_14_44,-1.9826451591598016e-9,-1.9693136010801027e-11
17,1992,2021,1,29,55,13,0,足立区,East,55_足立区_13_29,-4.166434308672251e-9,-3.6925129620613006e-11
34,2007,2021,1,14,75,5,0,足立区,East,75_足立区_5_14,-3.321417807455873e-9,-2.920019781527117e-11
34,2015,2021,1,6,70,10,0,足立区,East,70_足立区_10_6,-2.519428221603448e-9,-2.366040696699656e-11
17,2016,2021,1,5,30,6,0,足立区,East,30_足立区_6_5,-6.457746337673598e-9,-2.294719969597736e-11
17,2016,2021,1,5,30,6,0,足立区,East,30_足立区_6_5,-6.457746337673598e-9,-2.294719969597736e-11
24,1982,2021,1,39,65,8,0,足立区,East,65_足立区_8_39,-3.395463465949433e-9,-3.122724301363178e-11
33,2016,2021,1,5,70,6,0,足立区,East,70_足立区_6_5,-2.5797675107241957e-9,-2.5189850205720177e-11
18,1983,2021,1,38,60,3,0,足立区,East,60_足立区_3_38,-4.566420130913684e-9,-4.0891734442993766e-11
35,2015,2021,1,6,70,2,0,足立区,East,70_足立区_2_6,-2.5745734433257894e-9,-2.5082602661541387e-11
6.5,1992,2021,1,29,25,9,0,足立区,East,25_足立区_9_29,-8.535288031907839e-10,2.4576340962312315e-11
37,2006,2021,1,15,65,8,0,足立区,East,65_足立区_8_15,-2.5786661694837676e-9,-2.474243032679624e-11
27,2007,2021,1,14,65,11,0,足立区,East,65_足立区_11_14,-3.55458240619555e-9,-3.158828754123988e-11
28,1995,2021,1,26,65,4,0,足立区,East,65_足立区_4_26,-5.548628223550622e-9,-5.1103565823495956e-11
30,1986,2021,1,35,75,9,0,足立区,East,75_足立区_9_35,-3.1751525852996565e-9,-2.6845636824646135e-11
30,2004,2021,1,17,75,12,0,足立区,East,75_足立区_12_17,-3.3115128417193773e-9,-3.087730071626993e-11
30,2007,2021,1,14,65,13,0,足立区,East,65_足立区_13_14,-2.0128467781432846e-9,-1.9632961922866343e-11
29,2008,2021,1,13,65,13,0,足立区,East,65_足立区_13_13,-1.6021388660192315e-9,-1.6294077198608647e-11
20,1981,2021,1,40,75,13,0,足立区,East,75_足立区_13_40,-4.564835620612939e-9,-4.296074607168521e-11
15,1980,2021,1,41,50,7,0,足立区,East,50_足立区_7_41,-9.283276369842497e-10,-1.0395906357985041e-11
30,2005,2021,1,16,75,4,0,足立区,East,75_足立区_4_16,-3.2987728104671987e-9,-2.8506752514090294e-11
15,2007,2021,1,14,35,7,0,足立区,East,35_足立区_7_14,-2.329862525130011e-9,-2.2160939749937825e-11
22,1992,2021,1,29,60,8,0,足立区,East,60_足立区_8_29,-3.4271963045284792e-9,-3.090105948899691e-11
25,1989,2021,1,32,70,6,0,足立区,East,70_足立区_6_32,-3.3893527984218963e-9,-3.038880258543486e-11
23,1996,2021,1,25,65,7,0,足立区,East,65_足立区_7_25,-3.952287386255193e-9,-3.553513039378231e-11
35,2007,2021,1,14,70,7,0,足立区,East,70_足立区_7_14,-3.1067912686921773e-9,-2.6523006013690065e-11
22,1992,2021,1,29,60,10,0,足立区,East,60_足立区_10_29,-3.3218192641015776e-9,-2.9054758599045272e-11
29,2008,2021,1,13,70,5,0,足立区,East,70_足立区_5_13,-1.9977477450083825e-9,-1.9760637570698236e-11
38,2002,2021,1,19,85,8,0,足立区,East,85_足立区_8_19,-3.5179752444491896e-9,-3.1775249098586755e-11
29,1997,2021,1,24,70,8,0,足立区,East,70_足立区_8_24,-3.899408795859927e-9,-3.503064505139264e-11
36,2000,2021,1,21,65,6,0,足立区,East,65_足立区_6_21,-4.957300347996352e-9,-4.665312580698355e-11
17,1973,2021,1,48,50,6,0,足立区,East,50_足立区_6_48,-4.860666535932978e-9,-4.665223762856385e-11
29,2004,2021,1,17,60,9,0,足立区,East,60_足立区_9_17,-1.3486811667462462e-10,-0.49999999999738765
50,2005,2021,1,16,85,6,0,足立区,East,85_足立区_6_16,-3.584837315884215e-9,-3.236344525703316e-11
29,2003,2021,1,18,70,5,0,足立区,East,70_足立区_5_18,-1.6519692280780873e-9,-1.7318146916522892e-11
39,2005,2021,1,16,75,6,0,足立区,East,75_足立区_6_16,-4.137632458878215e-9,-3.693223504797061e-11
5.5,1974,2021,1,47,30,11,0,足立区,East,30_足立区_11_47,-6.333067403829773e-9,-2.0314860904591114e-11
28,2008,2021,1,13,60,11,0,足立区,East,60_足立区_11_13,-1.093617640890443e-9,-1.351296852192263e-11
26,2001,2021,1,20,75,10,0,足立区,East,75_足立区_10_20,-3.310038465542675e-9,-2.850075730975732e-11
37,2006,2021,1,15,80,5,0,足立区,East,80_足立区_5_15,-1.5000000041151296,-3.801980952289341e-11
41,2004,2021,1,17,80,5,0,足立区,East,80_足立区_5_17,-16.000000003944074,-0.6666666667023236
78,2004,2021,1,17,80,3,0,足立区,East,80_足立区_3_17,-4.107874929104582e-9,-3.7120528872947034e-11
46,2005,2021,1,16,70,9,0,足立区,East,70_足立区_9_16,-2.222193984380283e-9,-2.1852963882906806e-11
43,1999,2021,1,22,55,2,0,足立区,East,55_足立区_2_22,-1.1720331372089277e-9,-1.2970513552090779e-11
73,2004,2021,1,17,65,3,0,足立区,East,65_足立区_3_17,-2.7789610612671822e-9,-2.4933388687031766e-11
41,2006,2021,1,15,65,7,0,足立区,East,65_足立区_7_15,-4.712759960057156e-9,-4.423461597014011e-11
45,1990,2021,1,31,90,13,0,足立区,East,90_足立区_13_31,-4.102204798073217e-9,-3.585731711552853e-11
15,1991,2021,1,30,45,3,0,足立区,East,45_足立区_3_30,-1.5992682733667607e-9,-1.627475931798017e-11
28,2016,2021,1,5,40,3,0,足立区,East,40_足立区_3_5,-2.2010837597008504e-9,-2.159805667645287e-11
48,2014,2021,1,7,70,1,0,足立区,East,70_足立区_1_7,-3.381970259397349e-9,-3.05044878246008e-11
66,2014,2021,1,7,90,4,0,足立区,East,90_足立区_4_7,-1.2260272796993377e-8,-1.1499756702448849e-10
15,1984,2021,1,37,50,5,0,足立区,East,50_足立区_5_37,-1.475726207900152e-9,-1.658717607710969e-11
24,2009,2021,1,12,60,2,0,足立区,East,60_足立区_2_12,-4.6585739710280905e-9,-4.332356695613271e-11
15,1993,2021,1,28,55,10,0,足立区,East,55_足立区_10_28,-4.69722749585344e-9,-4.464051350794307e-11
23,2004,2021,1,17,60,14,0,足立区,East,60_足立区_14_17,-2.5075195253521088e-9,-2.4056978631392667e-11
21,1974,2021,1,47,60,4,0,足立区,East,60_足立区_4_47,-9.600853445590474e-11,-1.1579626146840383e-12
36,2003,2021,1,18,70,1,0,足立区,East,70_足立区_1_18,-2.4681483523636416e-9,-2.3407720206591875e-11
38,2006,2021,1,15,85,6,0,足立区,East,85_足立区_6_15,-3.5926603914049338e-9,-3.148015181864139e-11
38,2000,2021,1,21,75,5,0,足立区,East,75_足立区_5_21,-3.195587794380117e-9,-2.7725599593964034e-11
39,2006,2021,1,15,80,6,0,足立区,East,80_足立区_6_15,-3.303789242181665e-9,-3.0349722734968054e-11
27,2006,2021,1,15,75,6,0,足立区,East,75_足立区_6_15,-3.357712330398499e-9,-2.9991342742619054e-11
5,1981,2021,1,40,35,2,0,足立区,East,35_足立区_2_40,-6.1647540405829204e-9,-4.831601785326711e-11
43,2004,2021,1,17,75,10,0,足立区,East,75_足立区_10_17,-4.5169628037911025e-9,-4.143663190347979e-11
41,2004,2021,1,17,70,10,0,足立区,East,70_足立区_10_17,-4.347953108663205e-9,-4.0310865756509884e-11
45,2009,2021,1,12,80,11,0,足立区,East,80_足立区_11_12,-3.6141614145890344e-9,-3.207056842313705e-11
39,2000,2021,1,21,80,12,0,足立区,East,80_足立区_12_21,-3.732573361503455e-9,-3.255884450936719e-11
36,2000,2021,1,21,70,12,0,足立区,East,70_足立区_12_21,9.49999999818468,-1.8062440432231597e-11
24,1990,2021,1,31,60,11,0,足立区,East,60_足立区_11_31,-1.7422756570795173e-9,-1.6686874104721028e-11
16,1978,2021,1,43,60,10,0,足立区,East,60_足立区_10_43,-3.760206368497165e-9,-3.3441693858549115e-11
40,2006,2021,1,15,80,5,0,足立区,East,80_足立区_5_15,1.4999999958848704,-3.801980952289341e-11
34,1995,2021,1,26,80,13,0,足立区,East,80_足立区_13_26,-3.353655131377309e-9,-2.8790081429974634e-11
32,2001,2021,1,20,70,7,0,足立区,East,70_足立区_7_20,-2.7522091272658145e-9,-2.5188517938090627e-11
17,2000,2021,1,21,70,12,0,足立区,East,70_足立区_12_21,-9.50000000181532,-1.8062440432231597e-11
34,2001,2021,1,20,75,7,0,足立区,East,75_足立区_7_20,-3.303327389403421e-9,-3.0857316701826676e-11
37,2013,2021,1,8,75,13,0,足立区,East,75_足立区_13_8,-1.5000000046536854,-0.500000000044438
14,1980,2021,1,41,40,5,0,足立区,East,40_足立区_5_41,-6.019639897658635e-9,-5.1016080249155493e-11
50,2014,2021,1,7,70,4,0,足立区,East,70_足立区_4_7,-1.2046825759171043e-9,-1.4600987086055284e-11
54,2008,2021,1,13,90,3,0,足立区,East,90_足立区_3_13,-5.150582182977814e-10,1.1035616864774056e-13
59,2006,2021,1,15,80,4,0,足立区,East,80_足立区_4_15,-3.4668019566197472e-9,-3.152922367632982e-11
40,2012,2021,1,9,85,10,0,足立区,East,85_足立区_10_9,-3.83068510245721e-9,-3.395883574341951e-11
21,1987,2021,1,34,60,8,0,足立区,East,60_足立区_8_34,-3.3928024834040116e-9,-3.1020075397236724e-11
31,2012,2021,1,9,85,14,0,足立区,East,85_足立区_14_9,-3.852729690834167e-9,-3.398081815930709e-11
63,2013,2023,1,10,80,3,1,足立区,East,80_足立区_3_10,-4.153477561885666e-9,-3.7065017721715776e-11
28,1995,2023,1,28,60,10,1,足立区,East,60_足立区_10_28,-5.547761361412995e-9,-5.1038728798857846e-11
28,1987,2023,1,36,70,11,1,足立区,East,70_足立区_11_36,-3.3735858551153797e-9,-3.11901615646093e-11
37,1998,2023,1,25,75,6,1,足立区,East,75_足立区_6_25,-3.1948843570717145e-9,-2.7711388739248832e-11
43,2003,2023,1,20,85,15,1,足立区,East,85_足立区_15_20,-3.334740483751375e-9,-3.0506486226045126e-11
40,2003,2023,1,20,85,12,1,足立区,East,85_足立区_12_20,-3.539426529641787e-9,-3.122702096902685e-11
25,1978,2023,1,45,60,3,1,足立区,East,60_足立区_3_45,2.1529444893531036e-11,1.1718848114128377e-11
17,2007,2023,1,16,25,7,1,足立区,East,25_足立区_7_16,-6.985828804317862e-9,-3.6193270602780103e-12
26,1999,2023,1,24,70,11,1,足立区,East,70_足立区_11_24,-3.760028732813225e-9,-3.271671822346889e-11
29,1999,2023,1,24,65,11,1,足立区,East,65_足立区_11_24,-1.5949268572512665e-9,-1.6823209492144997e-11
40,2015,2023,1,8,75,13,1,足立区,East,75_足立区_13_8,1.4999999953463146,0.499999999955562
47,2014,2023,1,9,65,10,1,足立区,East,65_足立区_10_9,-1.3826522149429366e-9,-1.5542900300147267e-11
30,1999,2023,1,24,70,14,1,足立区,East,70_足立区_14_24,-1.4446115415012173e-9,-1.6185053297590457e-11
55,2017,2023,1,6,70,5,1,足立区,East,70_足立区_5_6,-3.783512170230097e-9,-3.433031636745909e-11
49,2005,2023,1,18,80,7,1,足立区,East,80_足立区_7_18,-3.938417592053156e-9,-3.562328210193755e-11
56,2017,2023,1,6,60,5,1,足立区,East,60_足立区_5_6,-4.659924002226035e-9,-4.3753223266662644e-11
36,2008,2023,1,15,75,11,1,足立区,East,75_足立区_11_15,-3.500000003122679,-2.642441820910335e-11
7.5,1990,2023,1,33,25,8,1,足立区,East,25_足立区_8_33,4.710898338089464e-11,1.1867617999428148e-11
35,2006,2023,1,17,85,12,1,足立区,East,85_足立区_12_17,-3.3433309454267146e-9,-3.097722078848619e-11
5,1991,2023,1,32,25,12,1,足立区,East,25_足立区_12_32,-1.8152483960420795e-9,-1.80748749301074e-11
24,1998,2023,1,25,65,6,1,足立区,East,65_足立区_6_25,-3.432813144854663e-9,-2.950217847796921e-11
25,1999,2023,1,24,65,5,1,足立区,East,65_足立区_5_24,-4.5710635276918765e-9,-4.150479959719178e-11
22,1994,2023,1,29,55,9,1,足立区,East,55_足立区_9_29,-2.7116051626308035e-9,-2.5320856522625945e-11
33,1978,2023,1,45,75,2,1,足立区,East,75_足立区_2_45,-2.5741755393937638e-9,-2.5111246415576716e-11
28,2007,2023,1,16,70,14,1,足立区,East,70_足立区_14_16,-3.745505239294289e-9,-3.2307490016592055e-11
24,1983,2023,1,40,60,3,1,足立区,East,60_足立区_3_40,-1.500000004548923,-4.338396308867232e-11
27,1983,2023,1,40,60,11,1,足立区,East,60_足立区_11_40,-2.0327810545950342e-9,-1.9847234966619e-11
46,2015,2023,1,8,75,2,1,足立区,East,75_足立区_2_8,-3.2915110637077305e-9,-2.8538948981804424e-11
27,1983,2023,1,40,60,3,1,足立区,East,60_足立区_3_40,1.499999995451077,-4.338396308867232e-11
30,1994,2023,1,29,60,7,1,足立区,East,60_足立区_7_29,-8.978275900517474e-10,-9.595879646440153e-12
44,2017,2023,1,6,70,12,1,足立区,East,70_足立区_12_6,-4.246487605996663e-9,-3.913624979645647e-11
38,2016,2023,1,7,70,8,1,足立区,East,70_足立区_8_7,-4.673040621128166e-9,-4.466405023606512e-11
40,2007,2023,1,16,70,1,1,足立区,East,70_足立区_1_16,-3.4888429922830255e-9,-3.1383340370894075e-11
41,2017,2023,1,6,75,15,1,足立区,East,75_足立区_15_6,-2.4890596250770614e-9,-2.4040547330628215e-11
37,2007,2023,1,16,80,14,1,足立区,East,80_足立区_14_16,0.9999999962978876,-3.2268632210730175e-11
40,2017,2023,1,6,70,15,1,足立区,East,70_足立区_15_6,-1.0000000034876635,-3.144307036961891e-11
42,2017,2023,1,6,70,15,1,足立区,East,70_足立区_15_6,0.9999999965123365,-3.144307036961891e-11
40,2004,2023,1,19,75,5,1,足立区,East,75_足立区_5_19,-3.5050859992225014e-9,-3.017608385391668e-11
15,1991,2023,1,32,30,10,1,足立区,East,30_足立区_10_32,-2.8413182917574886e-9,-2.5546897930439627e-11
24,1986,2023,1,37,65,14,1,足立区,East,65_足立区_14_37,-4.81780304539825e-9,-4.567635158991834e-11
35,2008,2023,1,15,65,13,1,足立区,East,65_足立区_13_15,-4.651425911106344e-9,-4.3292924800653054e-11
36,2015,2023,1,8,75,11,1,足立区,East,75_足立区_11_8,-3.3998759363385034e-9,-3.107847312833201e-11
30,1988,2023,1,35,80,12,1,足立区,East,80_足立区_12_35,-3.3447236091888044e-9,-2.8651969685711265e-11
5.8,1989,2023,1,34,25,11,1,足立区,East,25_足立区_11_34,-6.29741681024143e-9,-1.5718981671852816e-11
36,1994,2023,1,29,70,9,1,足立区,East,70_足立区_9_29,-4.50325643441829e-9,-4.27380353329454e-11
37,2005,2023,1,18,75,5,1,足立区,East,75_足立区_5_18,-3.92549281968968e-9,-3.5327962777387256e-11
15,1992,2023,1,31,55,13,1,足立区,East,55_足立区_13_31,-6.809415253883344e-10,-8.82738326879462e-12
24,1998,2023,1,25,65,8,1,足立区,East,65_足立区_8_25,-5.10717512725023e-9,-4.954148202784836e-11
46,2017,2023,1,6,70,4,1,足立区,East,70_足立区_4_6,-4.1493137814541114e-9,-3.705857842817295e-11
13,1985,2023,1,38,50,6,1,足立区,East,50_足立区_6_38,-6.374726524427388e-9,-3.642708357176616e-11
36,2004,2023,1,19,65,4,1,足立区,East,65_足立区_4_19,-3.893525502007833e-9,-3.523470404331874e-11
9.3,1994,2023,1,29,30,11,1,足立区,East,30_足立区_11_29,-0.10000000490323302,-4.728439861878542e-11
9.5,1994,2023,1,29,30,11,1,足立区,East,30_足立区_11_29,0.09999999509676627,-4.728439861878542e-11
27,1999,2023,1,24,60,10,1,足立区,East,60_足立区_10_24,-4.274600229337011e-9,-3.944933268940076e-11
64,2009,2023,1,14,90,5,1,足立区,East,90_足立区_5_14,-2.658211428752111e-9,-2.1362689395232337e-11
25,1974,2023,1,49,85,7,1,足立区,East,85_足立区_7_49,-3.4830591744139383e-9,-3.104783097285235e-11
53,2009,2023,1,14,80,2,1,足立区,East,80_足立区_2_14,-4.175255696736713e-9,-3.7303715672010185e-11
38,2011,2023,1,12,65,8,1,足立区,East,65_足立区_8_12,-3.210686827515019e-9,-2.7798874313589295e-11
30,1982,2023,1,41,75,6,1,足立区,East,75_足立区_6_41,-4.2669014987950504e-9,-3.931810432789007e-11
63,2009,2023,1,14,90,2,1,足立区,East,90_足立区_2_14,-4.517772822509869e-9,-4.194444791494334e-11
58,2009,2023,1,14,80,8,1,足立区,East,80_足立区_8_14,-3.862389519326825e-9,-3.480882249107253e-11
33,2000,2023,1,23,70,6,1,足立区,East,70_足立区_6_23,-4.348933657638554e-9,-4.0773384668568724e-11
29,2006,2023,1,17,60,9,1,足立区,East,60_足立区_9_17,-1.3486811667462462e-10,0.5000000000026124
29,1997,2023,1,26,60,7,1,足立区,East,60_足立区_7_26,-3.672369075502502e-10,-5.4505289170947435e-12
47,2011,2023,1,12,75,8,1,足立区,East,75_足立区_8_12,-3.7184264556344715e-9,-3.3308467095594096e-11
46,2016,2023,1,7,60,11,1,足立区,East,60_足立区_11_7,-6.10104677889467e-9,-5.066147501509022e-11
44,2006,2023,1,17,60,7,1,足立区,East,60_足立区_7_17,-4.726416591438465e-9,-4.5319525909803815e-11
51,2009,2023,1,14,75,14,1,足立区,East,75_足立区_14_14,-3.34633654119898e-9,-2.8947733099471407e-11
62,2009,2023,1,14,80,5,1,足立区,East,80_足立区_5_14,-3.5635352446661273e-9,-3.216826804930406e-11
51,2015,2023,1,8,80,3,1,足立区,East,80_足立区_3_8,-3.390340452824603e-9,-3.043609808628389e-11
52,2012,2023,1,11,80,4,1,足立区,East,80_足立区_4_11,-3.662982805963111e-9,-3.221067856884474e-11
35,2002,2023,1,21,60,1,1,足立区,East,60_足立区_1_21,-5.6954192473313014e-9,-5.129408009452163e-11
52,2015,2023,1,8,75,3,1,足立区,East,75_足立区_3_8,-3.3385276765329763e-9,-2.878364213643181e-11
53,2014,2023,1,9,70,1,1,足立区,East,70_足立区_1_9,-1.490775503043551e-9,-1.68365321684405e-11
53,2012,2023,1,11,75,4,1,足立区,East,75_足立区_4_11,-3.608683130096324e-9,-3.179145835474628e-11
49,2015,2023,1,8,75,4,1,足立区,East,75_足立区_4_8,-4.507938911046949e-9,-4.1584957699569713e-11
60,2014,2023,1,9,75,5,1,足立区,East,75_足立区_5_9,-2.7850290962305735e-9,-2.4972690582103496e-11
35,2007,2023,1,16,80,14,1,足立区,East,80_足立区_14_16,-1.0000000037021124,-3.2268632210730175e-11
24,2002,2023,1,21,65,13,1,足立区,East,65_足立区_13_21,-3.1107916242945066e-9,-2.6610047498820677e-11
25,1974,2023,1,49,70,4,1,足立区,East,70_足立区_4_49,-3.947334903386945e-9,-3.596900555180582e-11
29,1999,2023,1,24,65,7,1,足立区,East,65_足立区_7_24,-1.0841354480817245e-9,-1.3457679415296298e-11
38,2000,2023,1,23,75,6,1,足立区,East,75_足立区_6_23,-3.3212330663445755e-9,-2.9207525287233693e-11
27,1996,2023,1,27,55,2,1,足立区,East,55_足立区_2_27,-1.4983143614699657e-9,-1.6360024446271382e-11
28,1994,2023,1,29,50,6,1,足立区,East,50_足立区_6_29,-1.9174279941580608e-9,-1.8658186107245456e-11
42,1996,2023,1,27,65,12,1,足立区,East,65_足立区_12_27,-3.7166429933677136e-9,-3.2521541015739786e-11
47,2006,2023,1,17,65,11,1,足立区,East,65_足立区_11_17,-4.710173584498989e-9,-4.4209969018993434e-11
41,2011,2023,1,12,60,10,1,足立区,East,60_足立区_10_12,-0.5000000012763408,-1.5246692797177275e-11
35,1997,2023,1,26,65,12,1,足立区,East,65_足立区_12_26,-5.674934300259338e-9,-5.118594437192314e-11
42,2011,2023,1,12,60,10,1,足立区,East,60_足立区_10_12,0.4999999987236592,-1.5246692797177275e-11
38,1997,2023,1,26,65,11,1,足立区,East,65_足立区_11_26,-1.8163888171329745e-9,-1.809574712297035e-11
35,1999,2023,1,24,70,10,1,足立区,East,70_足立区_10_24,-3.290608674433315e-9,-2.850342184501642e-11
37,2014,2023,1,9,70,13,1,足立区,East,70_足立区_13_9,-1.0000000039300687,-3.4936054049694576e-11
39,2014,2023,1,9,70,13,1,足立区,East,70_足立区_13_9,0.9999999960699313,-3.4936054049694576e-11
43,2008,2023,1,15,75,11,1,足立区,East,75_足立区_11_15,3.499999996877321,-2.642441820910335e-11
24,1978,2023,1,45,55,4,1,足立区,East,55_足立区_4_45,-5.815358861127606e-9,-5.103717448662337e-11
44,2006,2023,1,17,70,5,1,足立区,East,70_足立区_5_17,-3.2912979008870025e-9,-2.8560265263877227e-11
60,2008,2023,1,15,90,3,1,足立区,East,90_足立区_3_15,-2.5000000012569856,-7.747802399649117e-12
66,2006,2023,1,17,80,5,1,足立区,East,80_足立区_5_17,8.999999996055926,0.33333333329767645
65,2007,2023,1,16,80,5,1,足立区,East,80_足立区_5_16,-3.540350235198275e-9,-3.161582107225058e-11
64,2006,2023,1,17,80,5,1,足立区,East,80_足立区_5_17,6.9999999960559265,0.33333333329767645
65,2008,2023,1,15,90,3,1,足立区,East,90_足立区_3_15,2.4999999987430144,-7.747802399649117e-12
20,1996,2023,1,27,65,15,1,足立区,East,65_足立区_15_27,-1.0323333299311344e-9,-1.1660006293823244e-11
40,2003,2023,1,20,80,15,1,足立区,East,80_足立区_15_20,-3.310056229111069e-9,-2.8725244405336525e-11
23,1985,2023,1,38,60,14,1,足立区,East,60_足立区_14_38,-4.849326273870247e-9,-4.613931459118703e-11
43,2014,2023,1,9,75,10,1,足立区,East,75_足立区_10_9,-3.194344344592537e-9,-2.7705837624125706e-11
42,2012,2023,1,11,75,10,1,足立区,East,75_足立区_10_11,-3.3373623864463298e-9,-2.959188449835892e-11
35,2012,2023,1,11,75,14,1,足立区,East,75_足立区_14_11,-3.015436789155501e-9,-2.64239741198935e-11
40,2012,2023,1,11,90,14,1,足立区,East,90_足立区_14_11,-1.7883365899251658e-9,-1.3632206474767372e-11
38,2008,2023,1,15,65,1,1,足立区,East,65_足立区_1_15,-4.665182018470659e-9,-4.4159786938280376e-11
42,2016,2021,1,5,80,12,0,葛飾区,East,80_葛飾区_12_5,-4.255760188698332e-9,-3.8750780362306614e-11
35,2010,2021,1,11,70,15,0,葛飾区,East,70_葛飾区_15_11,-1.5767085415063775e-9,-1.6972423466654618e-11
40,2013,2021,1,8,70,13,0,葛飾区,East,70_葛飾区_13_8,-2.657515096871066e-9,-2.5624835586768313e-11
8,1975,2021,1,46,45,13,0,葛飾区,East,45_葛飾区_13_46,-1.043346742335416e-9,-1.3840928403396902e-11
32,2002,2021,1,19,70,6,0,葛飾区,East,70_葛飾区_6_19,-3.992909114458598e-9,-3.582645291544395e-11
12,1987,2021,1,34,30,12,0,葛飾区,East,30_葛飾区_12_34,-5.8654876511354814e-9,-5.118194756903449e-11
13,1991,2021,1,30,35,12,0,葛飾区,East,35_葛飾区_12_30,-3.915797464060233e-9,-3.552580452037546e-11
40,2005,2021,1,16,70,4,0,葛飾区,East,70_葛飾区_4_16,-1.6577672568018897e-9,-1.671129901126278e-11
28,1993,2021,1,28,60,9,0,葛飾区,East,60_葛飾区_9_28,-2.4010304855437425e-10,-3.998135156280114e-12
30,2012,2021,1,9,65,12,0,葛飾区,East,65_葛飾区_12_9,-5.537273750633176e-9,-5.1625148600464854e-11
18,1980,2021,1,41,55,1,0,葛飾区,East,55_葛飾区_1_41,-1.9395329786675575e-9,-1.8954171565610523e-11
27,2012,2021,1,9,60,12,0,葛飾区,East,60_葛飾区_12_9,-3.4359857181698317e-9,-2.96112023789874e-11
33,2007,2021,1,14,75,14,0,葛飾区,East,75_葛飾区_14_14,1.4999999956767809,-4.0313086202559134e-11
48,2003,2021,1,18,75,3,0,葛飾区,East,75_葛飾区_3_18,-4.347882054389629e-9,-4.0177638993554865e-11
22,1988,2021,1,33,65,13,0,葛飾区,East,65_葛飾区_13_33,-1.3008261134928034e-9,-1.490230161493855e-11
30,2007,2021,1,14,75,14,0,葛飾区,East,75_葛飾区_14_14,-1.5000000043232191,-4.0313086202559134e-11
43,2015,2021,1,6,75,14,0,葛飾区,East,75_葛飾区_14_6,-2.9812952107022284e-9,-2.6053381674273624e-11
34,2016,2021,1,5,65,14,0,葛飾区,East,65_葛飾区_14_5,-5.4856030828887015e-9,-5.087219534516407e-11
44,2005,2021,1,16,65,5,0,葛飾区,East,65_葛飾区_5_16,-4.874038950219983e-9,-4.685118959457668e-11
53,2012,2021,1,9,70,4,0,葛飾区,East,70_葛飾区_4_9,-2.0082140395061288e-9,-2.0022428159904848e-11
12,1976,2021,1,45,50,14,0,葛飾区,East,50_葛飾区_14_45,-5.328139707216906e-9,-5.068012676190392e-11
31,2006,2021,1,15,65,8,0,葛飾区,East,65_葛飾区_8_15,-5.650356627029396e-9,-5.0708992560544175e-11
21,1992,2021,1,29,60,7,0,葛飾区,East,60_葛飾区_7_29,-5.823117987802107e-9,-5.115330381499916e-11
35,2000,2021,1,21,65,9,0,葛飾区,East,65_葛飾区_9_21,-3.990734853687172e-9,-3.571876128205531e-11
20,1983,2021,1,38,40,3,0,葛飾区,East,40_葛飾区_3_38,-3.44730466395049e-9,-2.962496914449275e-11
36,2002,2021,1,19,75,4,0,葛飾区,East,75_葛飾区_4_19,-3.734896836249391e-9,-3.338507248429323e-11
38,2002,2021,1,19,80,10,0,葛飾区,East,80_葛飾区_10_19,-3.435587814237806e-9,-2.984168467889958e-11
17,1978,2021,1,43,50,12,0,葛飾区,East,50_葛飾区_12_43,-9.462439720664406e-10,-1.3059331394060791e-11
11,1979,2021,1,42,50,13,0,葛飾区,East,50_葛飾区_13_42,-6.378151340413751e-9,-3.577649287933582e-11
19,1987,2021,1,34,45,4,0,葛飾区,East,45_葛飾区_4_34,-6.231815063983959e-9,-4.4390935372007334e-11
25,1981,2021,1,40,65,12,0,葛飾区,East,65_葛飾区_12_40,-1.0228511371224158e-9,-1.1425083101812561e-11
42,2016,2021,1,5,70,12,0,葛飾区,East,70_葛飾区_12_5,-5.571428574093403,-2.4935165043871166e-11
47,2016,2021,1,5,70,12,0,葛飾区,East,70_葛飾区_12_5,-0.5714285740934031,-2.4935165043871166e-11
50,2016,2021,1,5,70,12,0,葛飾区,East,70_葛飾区_12_5,2.428571425906597,-2.4935165043871166e-11
34,2015,2021,1,6,70,15,0,葛飾区,East,70_葛飾区_15_6,0.49999999547681284,-4.1904035796846983e-11
45,2015,2021,1,6,85,11,0,葛飾区,East,85_葛飾区_11_6,-3.315278718218906e-9,-3.009237303785994e-11
46,2016,2021,1,5,70,12,0,葛飾区,East,70_葛飾区_12_5,-1.571428574093403,-2.4935165043871166e-11
63,2016,2021,1,5,85,12,0,葛飾区,East,85_葛飾区_12_5,-3.5435334666544804e-9,-3.1885161178024646e-11
35,2015,2021,1,6,65,15,0,葛飾区,East,65_葛飾区_15_6,-1.2752465750054398e-9,-1.5124568264468508e-11
33,2015,2021,1,6,70,15,0,葛飾区,East,70_葛飾区_15_6,-0.5000000045231872,-4.1904035796846983e-11
54,2016,2021,1,5,70,12,0,葛飾区,East,70_葛飾区_12_5,6.428571425906597,-2.4935165043871166e-11
45,2016,2021,1,5,70,12,0,葛飾区,East,70_葛飾区_12_5,-2.571428574093403,-2.4935165043871166e-11
49,2016,2021,1,5,70,12,0,葛飾区,East,70_葛飾区_12_5,1.428571425906597,-2.4935165043871166e-11
22,1999,2021,1,22,70,8,0,葛飾区,East,70_葛飾区_8_22,-4.380197538011998e-9,-4.057509883637067e-11
17,1994,2021,1,27,55,12,0,葛飾区,East,55_葛飾区_12_27,-5.345086151464784e-9,-5.068501174321227e-11
46,2000,2021,1,21,90,7,0,葛飾区,East,90_葛飾区_7_21,-3.1053133398017962e-9,-2.6989077639427705e-11
21,1989,2021,1,32,60,4,0,葛飾区,East,60_葛飾区_4_32,-3.353669342232024e-9,-2.843147939302071e-11
45,2001,2021,1,20,85,3,0,葛飾区,East,85_葛飾区_3_20,-3.6063596553503885e-9,-3.204081444607709e-11
31,2007,2021,1,14,60,3,0,葛飾区,East,60_葛飾区_3_14,-4.263860375885997e-9,-3.930566983001427e-11
52,2005,2021,1,16,85,5,0,葛飾区,East,85_葛飾区_5_16,-3.583984664601303e-9,-3.139288828890585e-11
29,1998,2021,1,23,55,1,0,葛飾区,East,55_葛飾区_1_23,-3.938719572715854e-9,-3.5557334854274814e-11
32,2011,2021,1,10,55,11,0,葛飾区,East,55_葛飾区_11_10,-1.2724754583359754e-9,-1.4723777752578826e-11
25,1982,2021,1,39,55,7,0,葛飾区,East,55_葛飾区_7_39,-3.337234488753893e-9,-2.9933167056128696e-11
17,1980,2021,1,41,45,12,0,葛飾区,East,45_葛飾区_12_41,8.876099855115172e-11,7.154055126079584e-12
5.7,1988,2021,1,33,30,15,0,葛飾区,East,30_葛飾区_15_33,-5.749927645126718e-9,-5.10640418838193e-11
6.3,1988,2021,1,33,30,14,0,葛飾区,East,30_葛飾区_14_33,-2.832721612833211e-9,-2.582423164199099e-11
33,2000,2021,1,21,65,8,0,葛飾区,East,65_葛飾区_8_21,-1.1414300615797401e-9,-1.4019008176546777e-11
11,1979,2021,1,42,45,3,0,葛飾区,East,45_葛飾区_3_42,-2.7593358709054883e-9,-2.5165203254573498e-11
45,2010,2021,1,11,80,7,0,葛飾区,East,80_葛飾区_7_11,-3.452257146818738e-9,-2.9897861963945616e-11
46,2010,2021,1,11,75,7,0,葛飾区,East,75_葛飾区_7_11,-3.3616061045904644e-9,-3.1236346842433704e-11
19,1989,2021,1,32,60,10,0,葛飾区,East,60_葛飾区_10_32,-4.783053952905902e-10,-6.110667527536862e-12
24,1979,2021,1,42,65,3,0,葛飾区,East,65_葛飾区_3_42,-1.1822933743133035e-9,-1.4370504786143101e-11
29,1996,2021,1,25,70,11,0,葛飾区,East,70_葛飾区_11_25,-3.118906022336887e-9,-2.6419311183190075e-11
18,1995,2021,1,26,60,12,0,葛飾区,East,60_葛飾区_12_26,-4.259604224898794e-9,-3.930611391922412e-11
24,1997,2021,1,24,60,5,0,葛飾区,East,60_葛飾区_5_24,-1.0497274161025416e-9,-1.3347545291253482e-11
25,2008,2021,1,13,60,15,0,葛飾区,East,60_葛飾区_15_13,-5.120487145404695e-9,-5.0113690974740166e-11
38,2012,2021,1,9,70,12,0,葛飾区,East,70_葛飾区_12_9,-2.52904897024564e-9,-2.449884739519348e-11
20,1988,2021,1,33,55,13,0,葛飾区,East,55_葛飾区_13_33,-1.1401795063648024e-9,-1.379896197306607e-11
22,1994,2021,1,27,55,13,0,葛飾区,East,55_葛飾区_13_27,-9.304557124778512e-11,1.5751622228776796e-11
38,2015,2021,1,6,55,10,0,葛飾区,East,55_葛飾区_10_6,-3.971166506744339e-9,-3.6430414240840037e-11
32,2011,2021,1,10,65,11,0,葛飾区,East,65_葛飾区_11_10,-3.6849669982075284e-9,-3.251021674088861e-11
28,2000,2021,1,21,65,5,0,葛飾区,East,65_葛飾区_5_21,-8.547793584057217e-10,-9.610978679575055e-12
18,1992,2021,1,29,50,11,0,葛飾区,East,50_葛飾区_11_29,-4.858975444221869e-9,-4.673283982015164e-11
16,1984,2021,1,37,55,12,0,葛飾区,East,55_葛飾区_12_37,-1.317502551501093e-9,-1.5054180124707273e-11
25,1995,2021,1,26,65,10,0,葛飾区,East,65_葛飾区_10_26,-8.219274150178535e-10,-9.925171795543974e-12
14,1990,2021,1,31,50,14,0,葛飾区,East,50_葛飾区_14_31,-4.914966211799765e-10,-6.158851206805593e-12
38,2005,2021,1,16,85,12,0,葛飾区,East,85_葛飾区_12_16,-3.817035576503258e-9,-3.3693714485139026e-11
34,2005,2021,1,16,80,12,0,葛飾区,East,80_葛飾区_12_16,-4.115598528642295e-9,-3.704081485977895e-11
34,2008,2023,1,15,60,8,1,葛飾区,East,60_葛飾区_8_15,-4.9360409093424096e-9,-4.744959980484964e-11
33,2010,2023,1,13,75,15,1,葛飾区,East,75_葛飾区_15_13,-2.5000000027692266,-2.48210341169397e-11
37,2013,2023,1,10,70,13,1,葛飾区,East,70_葛飾区_13_10,-4.925112762066419e-9,-4.6631587480305825e-11
20,1980,2023,1,43,60,10,1,葛飾区,East,60_葛飾区_10_43,-4.857110269540499e-9,-4.6412651499849744e-11
25,1989,2023,1,34,80,14,1,葛飾区,East,80_葛飾区_14_34,-3.785682878287844e-9,-3.428879402633811e-11
38,2010,2023,1,13,75,15,1,葛飾区,East,75_葛飾区_15_13,2.4999999972307734,-2.48210341169397e-11
16,1991,2023,1,32,35,12,1,葛飾区,East,35_葛飾区_12_32,-2.3389361558656674e-9,-2.1948665107629495e-11
31,1999,2023,1,24,85,15,1,葛飾区,East,85_葛飾区_15_24,-3.7168064181969385e-9,-3.3370639584973105e-11
57,2014,2023,1,9,70,2,1,葛飾区,East,70_葛飾区_2_9,-3.327009778786305e-9,-2.8488766901091367e-11
22,1978,2023,1,45,45,3,1,葛飾区,East,45_葛飾区_3_45,-5.071683517599013e-9,-4.903011330270601e-11
55,2004,2023,1,19,85,5,1,葛飾区,East,85_葛飾区_5_19,-3.544201376826095e-9,-3.164424278168099e-11
17,1984,2023,1,39,25,2,1,葛飾区,East,25_葛飾区_2_39,-2.155164935402354e-9,-2.0899726393963647e-11
32,1984,2023,1,39,60,8,1,葛飾区,East,60_葛飾区_8_39,-3.3947671340683883e-9,-3.113376223495834e-11
20,1984,2023,1,39,45,7,1,葛飾区,East,45_葛飾区_7_39,-4.164743216961142e-9,-3.7987835099784206e-11
35,1974,2023,1,49,70,7,1,葛飾区,East,70_葛飾区_7_49,-1.0779217518575024e-9,-1.4028334049953628e-11
46,2012,2023,1,11,60,7,1,葛飾区,East,60_葛飾区_7_11,-1.8133050616597757e-9,-1.7884360659081722e-11
50,1995,2023,1,28,75,13,1,葛飾区,East,75_葛飾区_13_28,-3.489972755232884e-9,-3.147193616825916e-11
59,1997,2023,1,26,75,8,1,葛飾区,East,75_葛飾区_8_26,-2.7152609050062892e-9,-2.5011548387965377e-11
29,2005,2023,1,18,40,9,1,葛飾区,East,40_葛飾区_9_18,-5.873619812746256e-9,-5.237876798958041e-11
55,2000,2023,1,23,85,14,1,葛飾区,East,85_葛飾区_14_23,-3.6581084827957966e-9,-3.2828628704351104e-11
59,2009,2023,1,14,70,3,1,葛飾区,East,70_葛飾区_3_14,-2.8234268256710493e-9,-2.5268676040468563e-11
42,2001,2023,1,22,65,2,1,葛飾区,East,65_葛飾区_2_22,-1.9951968965870037e-9,-1.974886920663721e-11
37,2004,2023,1,19,75,9,1,葛飾区,East,75_葛飾区_9_19,-3.257632386066689e-9,-2.7948976466518616e-11
45,2002,2023,1,21,80,9,1,葛飾区,East,80_葛飾区_9_21,-3.743068077710632e-9,-3.339151177783606e-11
27,2006,2023,1,17,60,10,1,葛飾区,East,60_葛飾区_10_17,-3.893184441494668e-9,-3.522937497280054e-11
20,1986,2023,1,37,45,7,1,葛飾区,East,45_葛飾区_7_37,-6.090523640978063e-9,-5.130229574490386e-11
21,1976,2023,1,47,50,15,1,葛飾区,East,50_葛飾区_15_47,-2.3343957877841603e-9,-2.172950708256849e-11
32,2006,2023,1,17,65,12,1,葛飾区,East,65_葛飾区_12_17,-1.1304166491754586e-9,-1.3158363287857355e-11
34,2007,2023,1,16,65,8,1,葛飾区,East,65_葛飾区_8_16,-2.065270621187665e-9,-1.9845236565174673e-11
19,1979,2023,1,44,50,7,1,葛飾区,East,50_葛飾区_7_44,-4.575898771008724e-9,-4.057953972846917e-11
43,2002,2023,1,21,85,10,1,葛飾区,East,85_葛飾区_10_21,-3.359708955485985e-9,-3.097877510072067e-11
38,2002,2023,1,21,75,10,1,葛飾区,East,75_葛飾区_10_21,-4.403368336625135e-9,-4.0559333669420994e-11
13,1983,2023,1,40,25,3,1,葛飾区,East,25_葛飾区_3_40,-3.2120297532856057e-9,-2.757838402089874e-11
45,2018,2023,1,5,70,9,1,葛飾区,East,70_葛飾区_9_5,-2.193289105889562e-9,-2.1148194306874757e-11
40,2014,2023,1,9,70,6,1,葛飾区,East,70_葛飾区_6_9,-2.374633822910255e-9,-2.2731150295385305e-11
49,2015,2023,1,8,75,10,1,葛飾区,East,75_葛飾区_10_8,-2.9292976932993042e-9,-2.596145520783466e-11
36,2004,2023,1,19,75,14,1,葛飾区,East,75_葛飾区_14_19,-3.7026666177553125e-9,-3.228906031438328e-11
33,2008,2023,1,15,70,8,1,葛飾区,East,70_葛飾区_8_15,-4.154109944920492e-9,-3.70528052684449e-11
46,2002,2023,1,21,80,5,1,葛飾区,East,80_葛飾区_5_21,-3.5832101730193244e-9,-3.2455815812681976e-11
35,2003,2023,1,20,75,13,1,葛飾区,East,75_葛飾区_13_20,-3.0415776564041153e-9,-2.6164626021341064e-11
16,1978,2023,1,45,50,12,1,葛飾区,East,50_葛飾区_12_45,-2.262083853565855e-10,1.3027356970951587e-12
28,1998,2023,1,25,70,5,1,葛飾区,East,70_葛飾区_5_25,-5.1018176350225986e-9,-4.953570886812031e-11
17,1977,2023,1,46,45,1,1,葛飾区,East,45_葛飾区_1_46,1.0793854698931682e-10,1.301780905293981e-11
57,2016,2023,1,7,70,12,1,葛飾区,East,70_葛飾区_12_7,5.833333330716897,-2.5816460080818615e-11
45,2016,2023,1,7,70,12,1,葛飾区,East,70_葛飾区_12_7,-6.166666669283103,-2.5816460080818615e-11
48,2016,2023,1,7,70,12,1,葛飾区,East,70_葛飾区_12_7,-3.166666669283103,-2.5816460080818615e-11
49,2016,2023,1,7,70,12,1,葛飾区,East,70_葛飾区_12_7,-2.166666669283103,-2.5816460080818615e-11
53,2015,2023,1,8,75,13,1,葛飾区,East,75_葛飾区_13_8,-2.8015207931275654e-9,-2.556777012330258e-11
47,2016,2023,1,7,70,12,1,葛飾区,East,70_葛飾区_12_7,-4.166666669283103,-2.5816460080818615e-11
61,2016,2023,1,7,70,12,1,葛飾区,East,70_葛飾区_12_7,9.833333330716897,-2.5816460080818615e-11
42,1999,2023,1,24,65,4,1,葛飾区,East,65_葛飾区_4_24,-1.5595276181556983e-9,-1.7429613308195258e-11
60,2006,2023,1,17,75,3,1,葛飾区,East,75_葛飾区_3_17,-4.2838550484702864e-9,-4.0005110335528116e-11
60,2006,2023,1,17,75,3,1,葛飾区,East,75_葛飾区_3_17,-4.2838550484702864e-9,-4.0005110335528116e-11
51,1995,2023,1,28,70,10,1,葛飾区,East,70_葛飾区_10_28,-4.1099568193203595e-9,-3.771760681559044e-11
18,1979,2023,1,44,45,4,1,葛飾区,East,45_葛飾区_4_44,-5.130164737465748e-9,-4.9256154710519695e-11
23,1991,2023,1,32,60,14,1,葛飾区,East,60_葛飾区_14_32,-3.6704363992612343e-9,-3.2616798151252624e-11
25,1992,2023,1,31,60,10,1,葛飾区,East,60_葛飾区_10_31,-4.710685175268736e-10,-6.049383216577553e-12
42,2017,2023,1,6,70,12,1,葛飾区,East,70_葛飾区_12_6,-4.285254817659734e-9,-3.9870107215733697e-11
35,2000,2023,1,23,75,9,1,葛飾区,East,75_葛飾区_9_23,-3.879520704686001e-9,-3.5180969248926885e-11
42,2017,2023,1,6,55,6,1,葛飾区,East,55_葛飾区_6_6,-8.548468599656189e-10,-9.667155964621088e-12
29,1998,2023,1,25,55,4,1,葛飾区,East,55_葛飾区_4_25,-6.0801284007538925e-9,-5.0673243379151245e-11
52,2009,2023,1,14,70,5,1,葛飾区,East,70_葛飾区_5_14,-2.492981820978457e-9,-2.4236168627567167e-11
50,2017,2023,1,6,75,6,1,葛飾区,East,75_葛飾区_6_6,-3.2043203646026086e-9,-2.773159479829701e-11
50,2006,2023,1,17,80,6,1,葛飾区,East,80_葛飾区_6_17,0.49999999666634665,-2.8955282616038858e-11
49,2006,2023,1,17,80,6,1,葛飾区,East,80_葛飾区_6_17,-0.5000000033336534,-2.8955282616038858e-11
43,2005,2023,1,18,70,6,1,葛飾区,East,70_葛飾区_6_18,-2.9857787353648746e-9,-2.616751260120509e-11
36,2006,2023,1,17,70,9,1,葛飾区,East,70_葛飾区_9_17,-3.785054047966696e-9,-3.426192662914218e-11
14,1992,2023,1,31,45,3,1,葛飾区,East,45_葛飾区_3_31,-7.905995857981907e-10,-9.333644968023691e-12
29,1995,2023,1,28,60,10,1,葛飾区,East,60_葛飾区_10_28,-4.520458674051042e-9,-4.1183056964655407e-11
12,1980,2023,1,43,55,10,1,葛飾区,East,55_葛飾区_10_43,-4.144173004760887e-9,-3.6911362855107654e-11
43,2016,2023,1,7,65,11,1,葛飾区,East,65_葛飾区_11_7,-3.392294445347943e-9,-3.1215696694175676e-11
24,1999,2023,1,24,65,9,1,葛飾区,East,65_葛飾区_9_24,-3.567990347619343e-9,-3.2088554036135974e-11
40,2017,2023,1,6,55,7,1,葛飾区,East,55_葛飾区_7_6,-5.965773652860662e-9,-5.272249303800436e-11
59,2010,2023,1,13,85,8,1,葛飾区,East,85_葛飾区_8_13,-3.628663591825898e-9,-3.2298164143185204e-11
51,2010,2023,1,13,75,7,1,葛飾区,East,75_葛飾区_7_13,-3.327656372675847e-9,-2.8881341762598822e-11
51,2010,2023,1,13,75,8,1,葛飾区,East,75_葛飾区_8_13,-1.5000000043043755,-4.019806709720797e-11
54,2010,2023,1,13,75,8,1,葛飾区,East,75_葛飾区_8_13,1.4999999956956245,-4.019806709720797e-11
42,2003,2023,1,20,85,8,1,葛飾区,East,85_葛飾区_8_20,-3.905846313045913e-9,-3.4930724979176375e-11
38,2016,2023,1,7,55,6,1,葛飾区,East,55_葛飾区_6_7,-1.7356711623506271e-9,-1.6997514507011147e-11
26,1991,2023,1,32,85,11,1,葛飾区,East,85_葛飾区_11_32,-3.2873259669941035e-9,-3.0639268899790295e-11
13,1974,2023,1,49,40,5,1,葛飾区,East,40_葛飾区_5_49,-2.8608866387003218e-9,-2.58828514176912e-11
38,2016,2023,1,7,65,5,1,葛飾区,East,65_葛飾区_5_7,-5.885553377993347e-9,-5.30173682733448e-11
39,2009,2023,1,14,75,8,1,葛飾区,East,75_葛飾区_8_14,-3.310589136162889e-9,-2.9252600342033475e-11
26,1995,2023,1,28,55,11,1,葛飾区,East,55_葛飾区_11_28,-2.80905965155398e-10,-4.438449607846451e-12
39,2011,2023,1,12,75,11,1,葛飾区,East,75_葛飾区_11_12,-3.5121558994433144e-9,-3.2055913479211995e-11
32,2004,2023,1,19,60,10,1,葛飾区,East,60_葛飾区_10_19,-1.5910046613498707e-9,-1.6245005340920216e-11
30,2003,2023,1,20,75,10,1,葛飾区,East,75_葛飾区_10_20,-3.452342411947029e-9,-3.098010736835022e-11
32,2004,2023,1,19,65,4,1,葛飾区,East,65_葛飾区_4_19,-3.499266654216626e-9,-3.112310409392194e-11
23,1988,2023,1,35,60,15,1,葛飾区,East,60_葛飾区_15_35,-1.4689938154788251e-9,-1.652677994457008e-11
29,1988,2023,1,35,70,15,1,葛飾区,East,70_葛飾区_15_35,-4.528175168161397e-9,-4.20088408503716e-11
39,2018,2023,1,5,60,8,1,葛飾区,East,60_葛飾区_8_5,-9.81799530563876e-10,-1.252042913790774e-11
30,2008,2023,1,15,70,14,1,葛飾区,East,70_葛飾区_14_15,-2.884640082356782e-9,-2.574029878132933e-11
30,2002,2021,1,19,65,6,0,江戸川区,East,65_江戸川区_6_19,-5.432223559864724e-9,-5.0672799289941395e-11
39,2008,2021,1,13,75,10,0,江戸川区,East,75_江戸川区_10_13,-3.243243895667547e-9,-2.7829294424464024e-11
44,2014,2021,1,7,70,10,0,江戸川区,East,70_江戸川区_10_7,-7.000000002330069,-0.5000000000224396
28,2009,2021,1,12,35,3,0,江戸川区,East,35_江戸川区_3_12,-5.526448632053871e-9,-5.143530046325395e-11
9,1977,2021,1,44,25,8,0,江戸川区,East,25_江戸川区_8_44,-5.027395388879086e-9,-4.85633755431536e-11
34,1997,2021,1,24,80,13,0,江戸川区,East,80_江戸川区_13_24,-4.370207307147211e-9,-3.977929097231936e-11
58,2009,2021,1,12,80,3,0,江戸川区,East,80_江戸川区_3_12,-3.3592399972803832e-9,-2.941091814534502e-11
11,1976,2021,1,45,35,12,0,江戸川区,East,35_江戸川区_12_45,-6.087187642833669e-9,-4.822231502998875e-11
26,1978,2021,1,43,55,2,0,江戸川区,East,55_江戸川区_2_43,-2.5000000043329322,-4.0224490405194047e-11
30,1984,2021,1,37,65,8,0,江戸川区,East,65_江戸川区_8_37,-2.997381898239837e-9,-2.5478730236727642e-11
21,1973,2021,1,48,65,7,0,江戸川区,East,65_江戸川区_7_48,-4.5966359607518825e-9,-4.300937384016379e-11
20,1980,2021,1,41,70,13,0,江戸川区,East,70_江戸川区_13_41,-3.611589249885583e-9,-3.1808777833930435e-11
42,2010,2021,1,11,70,6,0,江戸川区,East,70_江戸川区_6_11,-4.625114513601147e-9,-4.359823613242497e-11
35,2003,2021,1,18,75,13,0,江戸川区,East,75_江戸川区_13_18,-3.1943301337378216e-9,-2.772493346014926e-11
38,1997,2021,1,24,90,6,0,江戸川区,East,90_江戸川区_6_24,-3.394362124709005e-9,-2.9544366952904966e-11
33,1994,2021,1,27,70,11,0,江戸川区,East,70_江戸川区_11_27,-4.169550038568559e-9,-3.7282177345332457e-11
21,2010,2021,1,11,35,3,0,江戸川区,East,35_江戸川区_3_11,1.2294876228224894e-10,7.972955629043099e-12
35,2014,2021,1,7,70,5,0,江戸川区,East,70_江戸川区_5_7,-2.56284238275839e-9,-2.4651836127986826e-11
41,2013,2021,1,8,70,9,0,江戸川区,East,70_江戸川区_9_8,0.49999999784355964,-0.5000000000209202
15,1973,2021,1,48,55,8,0,江戸川区,East,55_江戸川区_8_48,-1.109164315948874e-9,-1.3234968676556491e-11
25,1994,2021,1,27,60,3,0,江戸川区,East,60_江戸川区_3_27,-3.7556446841335855e-9,-3.4017677563724646e-11
43,2003,2021,1,18,90,15,0,江戸川区,East,90_江戸川区_15_18,-3.398312742319831e-9,-2.9469315876440305e-11
62,2008,2021,1,13,85,9,0,江戸川区,East,85_江戸川区_9_13,-3.4889353628386743e-9,-3.1454838733679935e-11
44,2008,2021,1,13,75,9,0,江戸川区,East,75_江戸川区_9_13,-3.358707090228563e-9,-2.9293678593944605e-11
49,2003,2021,1,18,85,6,0,江戸川区,East,85_江戸川区_6_18,-3.3023894729922176e-9,-3.0346614110499104e-11
40,2015,2021,1,6,65,8,0,江戸川区,East,65_江戸川区_8_6,-1.6165841998372343e-9,-1.6975754135728494e-11
16,1974,2021,1,47,35,6,0,江戸川区,East,35_江戸川区_6_47,-6.108770378432382e-9,-5.172307027123679e-11
51,2008,2021,1,13,75,11,0,江戸川区,East,75_江戸川区_11_13,-2.845069957402302e-9,-2.5822233240546666e-11
30,1997,2021,1,24,60,6,0,江戸川区,East,60_江戸川区_6_24,-3.7563125943052e-9,-3.334998943671508e-11
54,1999,2021,1,22,90,2,0,江戸川区,East,90_江戸川区_2_22,-3.5580143276092713e-9,-3.1051827775741003e-11
51,2012,2021,1,9,80,4,0,江戸川区,East,80_江戸川区_4_9,-3.445954632752546e-9,-2.97895041967422e-11
32,2006,2021,1,15,75,14,0,江戸川区,East,75_江戸川区_14_15,-4.248981610999181e-9,-3.931210912355709e-11
29,1983,2021,1,38,80,8,0,江戸川区,East,80_江戸川区_8_38,-3.440327134285326e-9,-2.984124058968973e-11
18,1979,2021,1,42,60,9,0,江戸川区,East,60_江戸川区_9_42,-2.652953412507486e-9,-2.610223148735713e-11
31,1996,2021,1,25,75,11,0,江戸川区,East,75_江戸川区_11_25,-3.000000004195357,-0.6666666667050909
54,2016,2021,1,5,75,8,0,江戸川区,East,75_江戸川区_8_5,-2.0000000044037307,-4.065259240348951e-11
42,1986,2021,1,35,85,4,0,江戸川区,East,85_江戸川区_4_35,-3.6716443219120265e-9,-3.2515767856011735e-11
30,1981,2021,1,40,80,6,0,江戸川区,East,80_江戸川区_6_40,-3.8820289205432346e-9,-3.527111935852645e-11
42,1995,2021,1,26,75,7,0,江戸川区,East,75_江戸川区_7_26,-4.498332373259473e-9,-4.2736036931501076e-11
57,2016,2021,1,5,75,6,0,江戸川区,East,75_江戸川区_6_5,-3.296186434909032e-9,-2.8278490660227362e-11
31,1980,2021,1,41,70,8,0,江戸川区,East,70_江戸川区_8_41,-4.514507878639051e-9,-4.0544012591681167e-11
22,1979,2021,1,42,60,4,0,江戸川区,East,60_江戸川区_4_42,-3.4963072437221854e-9,-3.132827330887267e-11
55,2015,2021,1,6,75,7,0,江戸川区,East,75_江戸川区_7_6,-2.7802542490462656e-9,-2.5096147382441814e-11
40,2004,2021,1,17,70,9,0,江戸川区,East,70_江戸川区_9_17,-2.228262019343674e-9,-2.170619239905136e-11
30,2009,2021,1,12,40,3,0,江戸川区,East,40_江戸川区_3_12,-3.469367015895841e-9,-3.115219193716712e-11
32,1997,2021,1,24,80,9,0,江戸川区,East,80_江戸川区_9_24,-3.500000004138215,-3.703481965544597e-11
14,1979,2021,1,42,45,2,0,江戸川区,East,45_江戸川区_2_42,-8.351364044756338e-10,-9.585887639218527e-12
31,1977,2021,1,44,70,3,0,江戸川区,East,70_江戸川区_3_44,-3.6294878213993798e-9,-3.201594545032549e-11
58,2016,2021,1,5,75,8,0,江戸川区,East,75_江戸川区_8_5,1.9999999955962693,-4.065259240348951e-11
37,2005,2021,1,16,70,6,0,江戸川区,East,70_江戸川区_6_16,-1.1459846405159624e-9,-1.362110424452112e-11
47,2004,2021,1,17,85,7,0,江戸川区,East,85_江戸川区_7_17,-3.4684006777752074e-9,-3.1056712757049354e-11
50,2015,2021,1,6,70,7,0,江戸川区,East,70_江戸川区_7_6,1.4999999956367702,-0.5000000000403935
47,2005,2021,1,16,85,6,0,江戸川区,East,85_江戸川区_6_16,-3.304094775558042e-9,-3.063194142782777e-11
28,1976,2021,1,45,65,4,0,江戸川区,East,65_江戸川区_4_45,-1.6092798205136205e-9,-1.6964207816272392e-11
30,1979,2021,1,42,70,6,0,江戸川区,East,70_江戸川区_6_42,-4.499234762533888e-9,-4.2738257377550326e-11
42,2010,2021,1,11,70,4,0,江戸川区,East,70_江戸川区_4_11,-1.7689885112304182e-9,-1.6933343616187813e-11
40,2012,2021,1,9,60,3,0,江戸川区,East,60_江戸川区_3_9,-2.597339232579543e-9,-2.507039020827051e-11
33,1978,2021,1,43,60,3,0,江戸川区,East,60_江戸川区_3_43,-1.3759375860900036e-9,-1.534750104781324e-11
36,2009,2021,1,12,70,15,0,江戸川区,East,70_江戸川区_15_12,-5.2511950343614444e-09,-5.0328186063097746e-11
31,1978,2021,1,43,55,2,0,江戸川区,East,55_江戸川区_2_43,2.4999999956670678,-4.0224490405194047e-11
40,1999,2021,1,22,80,4,0,江戸川区,East,80_江戸川区_4_22,-3.1297275882025133e-9,-2.6431301591856027e-11
43,2011,2021,1,10,80,15,0,江戸川区,East,80_江戸川区_15_10,-4.295166888823587e-9,-4.028777311759768e-11
24,1981,2021,1,40,60,2,0,江戸川区,East,60_江戸川区_2_40,-3.212413446362916e-9,-2.775890628470279e-11
30,1992,2021,1,29,60,8,0,江戸川区,East,60_江戸川区_8_29,-2.123591968938854e-9,-1.997002563314254e-11
38,1997,2021,1,24,65,5,0,江戸川区,East,65_江戸川区_5_24,-5.827658355883614e-9,-5.129430213912656e-11
47,2014,2021,1,7,70,4,0,江戸川区,East,70_江戸川区_4_7,-4.1411567508475855e-9,-3.617506294517625e-11
27,1998,2021,1,23,65,15,0,江戸川区,East,65_江戸川区_15_23,-4.606043546573346e-9,-4.3612446987140174e-11
39,1997,2021,1,24,80,9,0,江戸川区,East,80_江戸川区_9_24,3.499999995861785,-3.703481965544597e-11
44,2005,2021,1,16,75,4,0,江戸川区,East,75_江戸川区_4_16,-2.6341382408645586e-9,-2.489608519340436e-11
48,2004,2021,1,17,80,2,0,江戸川区,East,80_江戸川区_2_17,-3.277307314419886e-9,-2.8498758908312993e-11
35,2004,2021,1,17,60,2,0,江戸川区,East,60_江戸川区_2_17,-2.5163231498481764e-9,-2.3652635405824185e-11
18,2007,2021,1,14,25,6,0,江戸川区,East,25_江戸川区_6_14,-6.584556899724703e-9,-1.50739420945456e-11
45,2004,2021,1,17,75,2,0,江戸川区,East,75_江戸川区_2_17,-3.1979325854081253e-9,-2.748534733143515e-11
22,1980,2021,1,41,40,6,0,江戸川区,East,40_江戸川区_6_41,-8.214229296754638e-10,-9.102940623506584e-12
32,1994,2021,1,27,60,10,0,江戸川区,East,60_江戸川区_10_27,-4.160021660482016e-9,-3.6417979742964235e-11
40,2014,2021,1,7,70,11,0,江戸川区,East,70_江戸川区_11_7,-3.7186751455919875e-9,-3.2332136967738734e-11
39,1998,2021,1,23,75,7,0,江戸川区,East,75_江戸川区_7_23,-2.5902409106492996e-9,-2.5083712884566012e-11
38,1997,2021,1,24,80,6,0,江戸川区,East,80_江戸川区_6_24,-3.882703936142207e-9,-3.526379188656392e-11
36,1999,2021,1,22,65,7,0,江戸川区,East,65_江戸川区_7_22,-3.5000000048771227,-4.6777248741136646e-11
19,2007,2021,1,14,30,3,0,江戸川区,East,30_江戸川区_3_14,-1.9307719867356354e-9,-1.8832047032901755e-11
44,2010,2021,1,11,70,13,0,江戸川区,East,70_江戸川区_13_11,-1.0416982831884525e-9,-1.3798739928461146e-11
43,1999,2021,1,22,65,7,0,江戸川区,East,65_江戸川区_7_22,3.4999999951228773,-4.6777248741136646e-11
38,1997,2021,1,24,70,7,0,江戸川区,East,70_江戸川区_7_24,-5.053720997238997e-9,-4.90973928179983e-11
43,2010,2021,1,11,75,11,0,江戸川区,East,75_江戸川区_11_11,-3.203297183063114e-9,-2.8000490814861223e-11
31,1998,2023,1,25,75,11,1,江戸川区,East,75_江戸川区_11_25,-3.000000004195357,0.3333333332949091
34,1996,2023,1,27,75,6,1,江戸川区,East,75_江戸川区_6_27,-3.1203342132357648e-9,-2.6646240769423457e-11
41,2018,2023,1,5,60,9,1,江戸川区,East,60_江戸川区_9_5,-1.1284413403700455e-9,-1.2800871473928055e-11
44,2003,2023,1,20,80,5,1,江戸川区,East,80_江戸川区_5_20,-3.937564940770244e-9,-3.508837664867315e-11
50,2003,2023,1,20,70,3,1,江戸川区,East,70_江戸川区_3_20,-4.4580872327060206e-09,-4.136735398674318e-11
40,1998,2023,1,25,75,11,1,江戸川区,East,75_江戸川区_11_25,5.999999995804643,0.3333333332949091
55,2009,2023,1,14,75,3,1,江戸川区,East,75_江戸川区_3_14,-4.2164671754107985e-9,-3.892020039586441e-11
36,1981,2023,1,42,75,10,1,江戸川区,East,75_江戸川区_10_42,-2.972377899368439e-9,-2.5913493573170854e-11
29,1977,2023,1,46,65,8,1,江戸川区,East,65_江戸川区_8_46,-1.630802159979794e-9,-1.6784351686283117e-11
8.2,1976,2023,1,47,25,8,1,江戸川区,East,25_江戸川区_8_47,-0.2666666673016742,-8.488543201679022e-12
8.2,1976,2023,1,47,25,8,1,江戸川区,East,25_江戸川区_8_47,-0.2666666673016742,-8.488543201679022e-12
9,1976,2023,1,47,25,8,1,江戸川区,East,25_江戸川区_8_47,0.5333333326983265,-8.488543201679022e-12
10,1977,2023,1,46,25,8,1,江戸川区,East,25_江戸川区_8_46,-5.37522026888837e-9,-4.939271214254859e-11
25,1978,2023,1,45,55,2,1,江戸川区,East,55_江戸川区_2_45,-7.08141101313231e-10,-9.372724818490497e-12
8,1978,2023,1,45,25,8,1,江戸川区,East,25_江戸川区_8_45,-2.0299850689298182e-9,3.714695218093311e-11
51,2007,2023,1,16,75,3,1,江戸川区,East,75_江戸川区_3_16,-4.401186970426352e-9,-4.127942432319287e-11
63,2015,2023,1,8,75,2,1,江戸川区,East,75_江戸川区_2_8,-2.7719195827557996e-9,-2.493227846400714e-11
23,1973,2023,1,50,45,13,1,江戸川区,East,45_江戸川区_13_50,-2.1766695113001333e-9,-2.095190687612103e-11
44,2011,2023,1,12,70,13,1,江戸川区,East,70_江戸川区_13_12,-4.416449428390479e-9,-4.126965436057617e-11
37,1994,2023,1,29,70,14,1,江戸川区,East,70_江戸川区_14_29,-4.403581499445863e-9,-4.0672798462537685e-11
46,2011,2023,1,12,70,7,1,江戸川区,East,70_江戸川区_7_12,-3.1134845812630374e-9,-2.6633806271547655e-11
40,2014,2023,1,9,65,7,1,江戸川区,East,65_江戸川区_7_9,-4.557108468361548e-9,-4.2491121732268766e-11
28,1975,2023,1,48,85,15,1,江戸川区,East,85_江戸川区_15_48,-3.526551495269814e-9,-3.196132247751393e-11
32,1999,2023,1,24,80,12,1,江戸川区,East,80_江戸川区_12_24,-3.190102404460049e-9,-2.7359003951232808e-11
43,1999,2023,1,24,70,8,1,江戸川区,East,70_江戸川区_8_24,-4.6253774144133786e-9,-4.217048932275702e-11
40,2000,2023,1,23,85,6,1,江戸川区,East,85_江戸川区_6_23,-3.301103390640492e-9,-2.90709678552048e-11
34,2000,2023,1,23,75,6,1,江戸川区,East,75_江戸川区_6_23,-2.7590871809479722e-9,-2.5545787707415002e-11
50,2013,2023,1,10,70,10,1,江戸川区,East,70_江戸川区_10_10,-2.5637802991695935e-9,-2.4700685941070333e-11
44,1999,2023,1,24,75,12,1,江戸川区,East,75_江戸川区_12_24,-2.6510420525482914e-9,-2.563038670189144e-11
27,1979,2023,1,44,65,13,1,江戸川区,East,65_江戸川区_13_44,-1.2120651149416517e-9,-1.386868397901253e-11
45,1999,2023,1,24,70,12,1,江戸川区,East,70_江戸川区_12_24,-4.2697507751654484e-9,-3.931677206026052e-11
19,1979,2023,1,44,50,3,1,江戸川区,East,50_江戸川区_3_44,-6.25535889753337e-9,-4.1140646445114726e-11
46,2016,2023,1,7,75,9,1,江戸川区,East,75_江戸川区_9_7,-3.484402100184525e-9,-3.143885152212533e-11
31,1994,2023,1,29,75,11,1,江戸川区,East,75_江戸川区_11_29,-2.8404301133377885e-9,-2.5720536811491e-11
53,2001,2023,1,22,85,15,1,江戸川区,East,85_江戸川区_15_22,6.4999999960001205,-3.666622561127042e-11
39,1988,2023,1,35,65,1,1,江戸川区,East,65_江戸川区_1_35,-1.6092087662400445e-9,-1.66777702759191e-11
40,2001,2023,1,22,85,15,1,江戸川区,East,85_江戸川区_15_22,-6.5000000039998795,-3.666622561127042e-11
48,2003,2023,1,20,90,15,1,江戸川区,East,90_江戸川区_15_20,-4.13548661981622e-9,-3.659650360532396e-11
40,2015,2023,1,8,70,9,1,江戸川区,East,70_江戸川区_9_8,-0.5000000021564404,0.49999999997907985
57,2016,2023,1,7,80,3,1,江戸川区,East,80_江戸川区_3_7,-3.843659612812189e-9,-3.473354937000295e-11
42,2002,2023,1,21,70,2,1,江戸川区,East,70_江戸川区_2_21,-2.192720671700954e-9,-2.1125989846382254e-11
42,2015,2023,1,8,65,8,1,江戸川区,East,65_江戸川区_8_8,-1.6343761899406672e-9,-1.736477628355715e-11
42,2016,2023,1,7,65,8,1,江戸川区,East,65_江戸川区_8_7,-1.1040270919693285e-9,-1.3572698520647464e-11
49,1999,2023,1,24,80,2,1,江戸川区,East,80_江戸川区_2_24,-3.3657698850220186e-9,-3.074052123963611e-11
43,2013,2023,1,10,75,14,1,江戸川区,East,75_江戸川区_14_10,-4.653074370253307e-9,-4.454792090768933e-11
42,2003,2023,1,20,85,11,1,江戸川区,East,85_江戸川区_11_20,-3.2733140642449143e-9,-3.023314931738241e-11
43,2017,2023,1,6,55,5,1,江戸川区,East,55_江戸川区_5_6,-3.4598741649460862e-9,-2.9577451599038795e-11
55,2005,2023,1,18,75,8,1,江戸川区,East,75_江戸川区_8_18,-4.488768468036142e-9,-4.124856012310829e-11
59,2016,2023,1,7,75,3,1,江戸川区,East,75_江戸川区_3_7,-3.354898581164889e-9,-2.9687363678476686e-11
47,2001,2023,1,22,75,5,1,江戸川区,East,75_江戸川区_5_22,-3.939732096114312e-9,-3.591993369411739e-11
37,1986,2023,1,37,75,5,1,江戸川区,East,75_江戸川区_5_37,-4.667143116421357e-9,-4.3893555456975264e-11
41,2004,2023,1,19,70,6,1,江戸川区,East,70_江戸川区_6_19,-4.086061267116747e-9,-3.714539786869864e-11
88,2016,2023,1,7,90,3,1,江戸川区,East,90_江戸川区_3_7,-3.683851446112385e-9,-3.250266722432116e-11
42,1980,2023,1,43,65,7,1,江戸川区,East,65_江戸川区_7_43,-4.833772493384458e-9,-4.619038485031979e-11
61,2012,2023,1,11,75,4,1,江戸川区,East,75_江戸川区_4_11,-4.500911643390282e-9,-4.043854140434178e-11
52,2011,2023,1,12,60,1,1,江戸川区,East,60_江戸川区_1_12,-1.7512817862552765e-9,-1.7199353052888e-11
57,2015,2023,1,8,75,3,1,江戸川区,East,75_江戸川区_3_8,-4.665487551847036e-9,-4.389466567999989e-11
28,1974,2023,1,49,65,12,1,江戸川区,East,65_江戸川区_12_49,-5.697920357761177e-9,-5.141043146750235e-11
35,1996,2023,1,27,75,14,1,江戸川区,East,75_江戸川区_14_27,-3.201357401394489e-9,-2.8098190441028237e-11
17,1986,2023,1,37,45,14,1,江戸川区,East,45_江戸川区_14_37,-2.5910793510774965e-9,-2.5133672920674144e-11
43,1983,2023,1,40,75,10,1,江戸川区,East,75_江戸川区_10_40,-3.365954626133316e-9,-2.9817481816962754e-11
36,1983,2023,1,40,80,8,1,江戸川区,East,80_江戸川区_8_40,-4.174268042334006e-9,-3.709299534193633e-11
17,1979,2023,1,44,45,10,1,江戸川区,East,45_江戸川区_10_44,-2.568008028447366e-9,-2.4757751404536066e-11
44,1997,2023,1,26,80,9,1,江戸川区,East,80_江戸川区_9_26,-4.1528380734234815e-9,-3.698663597617724e-11
58,2016,2023,1,7,70,8,1,江戸川区,East,70_江戸川区_8_7,-3.500000004521901,-4.357914029640142e-11
65,2016,2023,1,7,70,8,1,江戸川区,East,70_江戸川区_8_7,3.499999995478099,-4.357914029640142e-11
59,2015,2023,1,8,75,8,1,江戸川区,East,75_江戸川区_8_8,-1.0000000050784905,-4.954103793863851e-11
35,1979,2023,1,44,65,8,1,江戸川区,East,65_江戸川区_8_44,-4.087667093699565e-9,-3.669398118688605e-11
54,2015,2023,1,8,75,7,1,江戸川区,East,75_江戸川区_7_8,-5.5000000026121825,-2.4948043630956818e-11
65,2015,2023,1,8,75,7,1,江戸川区,East,75_江戸川区_7_8,5.4999999973878175,-2.4948043630956818e-11
48,1998,2023,1,25,70,3,1,江戸川区,East,70_江戸川区_3_25,-1.2751399935950758e-9,-1.520716885750062e-11
42,1987,2023,1,36,80,8,1,江戸川区,East,80_江戸川区_8_36,-3.3575275892872014e-9,-2.9387159372618044e-11
56,2015,2023,1,8,70,8,1,江戸川区,East,70_江戸川区_8_8,-1.500000005077986,-5.0080162239396486e-11
61,2015,2023,1,8,75,8,1,江戸川区,East,75_江戸川区_8_8,0.9999999949215095,-4.954103793863851e-11
68,2016,2023,1,7,75,8,1,江戸川区,East,75_江戸川区_8_7,-3.873950049637642e-9,-3.4927172265497575e-11
40,1983,2023,1,40,90,4,1,江戸川区,East,90_江戸川区_4_40,-3.5607712334240205e-9,-3.1427971336484006e-11
44,2017,2023,1,6,70,10,1,江戸川区,East,70_江戸川区_10_6,-4.599755243361869e-9,-4.374989259758877e-11
30,2012,2023,1,11,55,9,1,江戸川区,East,55_江戸川区_9_11,-9.322320693172514e-10,-9.818812429784884e-12
47,2017,2023,1,6,70,7,1,江戸川区,East,70_江戸川区_7_6,-1.5000000043632298,0.49999999995960653
37,1981,2023,1,42,60,2,1,江戸川区,East,60_江戸川区_2_42,-1.8174048932451115e-9,-1.80873094279832e-11
42,1998,2023,1,25,80,10,1,江戸川区,East,80_江戸川区_10_25,-3.939867099234107e-9,-3.563571659981335e-11
35,2001,2023,1,22,60,6,1,江戸川区,East,60_江戸川区_6_22,-9.73784608504502e-10,-1.233502189279534e-11
39,2011,2023,1,12,65,9,1,江戸川区,East,65_江戸川区_9_12,-4.26388169216807e-9,-3.912936641370379e-11
48,2014,2023,1,9,70,4,1,江戸川区,East,70_江戸川区_4_9,-2.2155006718094228e-9,-2.180988722955135e-11
52,2014,2023,1,9,75,6,1,江戸川区,East,75_江戸川区_6_9,-3.2994904586303164e-9,-2.8499202997522843e-11
59,2015,2023,1,8,70,8,1,江戸川区,East,70_江戸川区_8_8,1.499999994922014,-5.0080162239396486e-11
32,1996,2023,1,27,70,8,1,江戸川区,East,70_江戸川区_8_27,-2.6231177230329195e-9,-2.582556390962054e-11
43,2004,2023,1,19,75,14,1,江戸川区,East,75_江戸川区_14_19,-3.1868196970208373e-9,-2.755640160501116e-11
35,1996,2023,1,27,65,3,1,江戸川区,East,65_江戸川区_3_27,-1.0595897492748918e-9,-1.2513545755155064e-11
37,1998,2023,1,25,70,9,1,江戸川区,East,70_江戸川区_9_25,-3.212150545550685e-9,-2.7577717887083963e-11
57,2007,2023,1,16,75,2,1,江戸川区,East,75_江戸川区_2_16,-2.6470914349374652e-9,-2.542033250563236e-11
44,2004,2023,1,19,65,3,1,江戸川区,East,65_江戸川区_3_19,-3.781650548262405e-9,-3.3629765638920617e-11
24,1980,2023,1,43,55,13,1,江戸川区,East,55_江戸川区_13_43,-2.202462212608225e-9,-2.1125101667962554e-11
54,2014,2023,1,9,75,7,1,江戸川区,East,75_江戸川区_7_9,-3.031736639513838e-9,-2.6538771180639742e-11
54,2014,2023,1,9,70,3,1,江戸川区,East,70_江戸川区_3_9,-2.427292145057436e-9,-2.3350432698521217e-11
28,2000,2023,1,23,70,14,1,江戸川区,East,70_江戸川区_14_23,-2.1536408212341485e-9,-2.0922596988270925e-11
43,2010,2023,1,13,70,15,1,江戸川区,East,70_江戸川区_15_13,-3.000000004261082,-3.926126090902926e-11
49,2010,2023,1,13,70,15,1,江戸川区,East,70_江戸川区_15_13,2.999999995738918,-3.926126090902926e-11
56,2010,2023,1,13,90,15,1,江戸川区,East,90_江戸川区_15_13,-3.802156811616442e-9,-3.3864466786326375e-11
47,2010,2023,1,13,75,15,1,江戸川区,East,75_江戸川区_15_13,-2.8878375246677024e-9,-2.5806690118201914e-11
58,2016,2023,1,7,70,10,1,江戸川区,East,70_江戸川区_10_7,6.999999997669931,0.4999999999775604
47,2012,2023,1,11,75,10,1,江戸川区,East,75_江戸川区_10_11,-2.9836755288670247e-9,-2.5625723765188013e-11
30,2008,2023,1,15,40,5,1,江戸川区,East,40_江戸川区_5_15,7.103295729393722e-11,4.770850381419223e-12
39,2008,2023,1,15,65,5,1,江戸川区,East,65_江戸川区_5_15,-1.5871606251494086e-9,-1.6685319792486553e-11
