Price,BuildY,TradeY,TradeQ,Tenure,Size,Distance,D,District,Area
53,2015,2021,1,6,40,4,0,CBD,CBD
27,2006,2021,1,15,25,2,0,CBD,CBD
49,2013,2021,1,8,50,5,0,CBD,CBD
71,2005,2021,1,16,75,3,0,CBD,CBD
22,1980,2021,1,41,30,1,0,CBD,CBD
47,1981,2021,1,40,60,4,0,CBD,CBD
170,2014,2021,1,7,65,3,0,CBD,CBD
44,2012,2021,1,9,35,2,0,CBD,CBD
56,2003,2021,1,18,60,6,0,CBD,CBD
18,1982,2021,1,39,25,2,0,CBD,CBD
15,1982,2021,1,39,25,2,0,CBD,CBD
45,2007,2021,1,14,40,2,0,CBD,CBD
60,2006,2021,1,15,45,4,0,CBD,CBD
24,2005,2021,1,16,25,1,0,CBD,CBD
31,2000,2021,1,21,30,3,0,CBD,CBD
31,2005,2021,1,16,30,6,0,CBD,CBD
23,1977,2021,1,44,25,6,0,CBD,CBD
140,2004,2021,1,17,90,1,0,CBD,CBD
65,2004,2021,1,17,45,1,0,CBD,CBD
85,2012,2021,1,9,60,4,0,CBD,CBD
110,2013,2021,1,8,55,3,0,CBD,CBD
110,2013,2021,1,8,45,3,0,CBD,CBD
190,2013,2021,1,8,80,3,0,CBD,CBD
60,2002,2021,1,19,55,5,0,CBD,CBD
81,2008,2021,1,13,65,7,0,CBD,CBD
80,1998,2021,1,23,65,5,0,CBD,CBD
85,2013,2021,1,8,60,2,0,CBD,CBD
47,2012,2021,1,9,45,5,0,CBD,CBD
48,2015,2021,1,6,40,2,0,CBD,CBD
76,2015,2021,1,6,60,2,0,CBD,CBD
59,2005,2021,1,16,65,3,0,CBD,CBD
69,2012,2021,1,9,60,2,0,CBD,CBD
40,1985,2021,1,36,35,3,0,CBD,CBD
95,2003,2021,1,18,65,4,0,CBD,CBD
56,2012,2021,1,9,45,4,0,CBD,CBD
46,1984,2021,1,37,45,1,0,CBD,CBD
61,1981,2021,1,40,65,1,0,CBD,CBD
70,2010,2021,1,11,55,2,0,CBD,CBD
58,2016,2021,1,5,45,2,0,CBD,CBD
45,2004,2021,1,17,55,1,0,CBD,CBD
58,2016,2021,1,5,45,2,0,CBD,CBD
93,2010,2021,1,11,70,6,0,CBD,CBD
73,2004,2021,1,17,60,5,0,CBD,CBD
30,2014,2021,1,7,25,5,0,CBD,CBD
100,2013,2023,1,10,75,4,1,CBD,CBD
98,2013,2023,1,10,55,10,1,CBD,CBD
50,2013,2023,1,10,35,3,1,CBD,CBD
55,2015,2023,1,8,45,4,1,CBD,CBD
22,1980,2023,1,43,30,2,1,CBD,CBD
41,1973,2023,1,50,55,3,1,CBD,CBD
130,2017,2023,1,6,65,3,1,CBD,CBD
230,2009,2023,1,14,80,1,1,CBD,CBD
160,2014,2023,1,9,75,3,1,CBD,CBD
150,2009,2023,1,14,70,2,1,CBD,CBD
68,1980,2023,1,43,65,4,1,CBD,CBD
160,2003,2023,1,20,70,1,1,CBD,CBD
85,2018,2023,1,5,60,1,1,CBD,CBD
90,2018,2023,1,5,60,1,1,CBD,CBD
79,2018,2023,1,5,60,1,1,CBD,CBD
200,2017,2023,1,6,75,2,1,CBD,CBD
98,1981,2023,1,42,70,2,1,CBD,CBD
160,2015,2023,1,8,70,3,1,CBD,CBD
20,1982,2023,1,41,25,2,1,CBD,CBD
92,2001,2023,1,22,60,4,1,CBD,CBD
86,2015,2023,1,8,55,5,1,CBD,CBD
70,2003,2023,1,20,55,1,1,CBD,CBD
58,2018,2023,1,5,40,6,1,CBD,CBD
26,1985,2023,1,38,35,5,1,CBD,CBD
18,1981,2023,1,42,25,6,1,CBD,CBD
33,2001,2023,1,22,30,4,1,CBD,CBD
48,2012,2023,1,11,45,5,1,CBD,CBD
40,1984,2023,1,39,45,6,1,CBD,CBD
70,2005,2023,1,18,70,2,1,CBD,CBD
100,2018,2023,1,5,75,4,1,CBD,CBD
69,2006,2023,1,17,60,5,1,CBD,CBD
32,2007,2023,1,16,30,4,1,CBD,CBD
50,2013,2023,1,10,35,3,1,CBD,CBD
23,1977,2023,1,46,35,4,1,CBD,CBD
60,2007,2023,1,16,40,4,1,CBD,CBD
210,2003,2023,1,20,90,4,1,CBD,CBD
55,1982,2023,1,41,50,3,1,CBD,CBD
140,2003,2023,1,20,70,4,1,CBD,CBD
27,1982,2023,1,41,30,1,1,CBD,CBD
94,1982,2023,1,41,75,4,1,CBD,CBD
100,1982,2023,1,41,80,3,1,CBD,CBD
59,2000,2023,1,23,60,7,1,CBD,CBD
19,1980,2023,1,43,25,4,1,CBD,CBD
93,2018,2023,1,5,60,2,1,CBD,CBD
97,2016,2023,1,7,65,2,1,CBD,CBD
100,2014,2023,1,9,60,1,1,CBD,CBD
81,2004,2023,1,19,50,5,1,CBD,CBD
110,2016,2023,1,7,55,3,1,CBD,CBD
31,2009,2023,1,14,25,5,1,CBD,CBD
52,2013,2021,1,8,40,2,0,CBD,CBD
88,2012,2021,1,9,70,1,0,CBD,CBD
78,2002,2021,1,19,65,1,0,CBD,CBD
69,2001,2021,1,20,55,3,0,CBD,CBD
67,2015,2021,1,6,65,4,0,CBD,CBD
63,2014,2021,1,7,60,4,0,CBD,CBD
52,2009,2021,1,12,55,4,0,CBD,CBD
80,2013,2021,1,8,65,3,0,CBD,CBD
31,1981,2021,1,40,50,2,0,CBD,CBD
63,2015,2021,1,6,55,4,0,CBD,CBD
46,2001,2021,1,20,50,6,0,CBD,CBD
50,2005,2021,1,16,55,4,0,CBD,CBD
25,2003,2021,1,18,25,2,0,CBD,CBD
75,2002,2021,1,19,80,4,0,CBD,CBD
110,2005,2021,1,16,90,1,0,CBD,CBD
51,2002,2021,1,19,50,6,0,CBD,CBD
55,2011,2021,1,10,50,2,0,CBD,CBD
53,2006,2021,1,15,60,4,0,CBD,CBD
14,1980,2021,1,41,25,3,0,CBD,CBD
51,2016,2021,1,5,45,4,0,CBD,CBD
75,2016,2021,1,5,55,6,0,CBD,CBD
98,2016,2021,1,5,75,6,0,CBD,CBD
79,2002,2021,1,19,75,4,0,CBD,CBD
60,2015,2021,1,6,55,3,0,CBD,CBD
60,2015,2021,1,6,55,3,0,CBD,CBD
58,2006,2021,1,15,55,4,0,CBD,CBD
43,2008,2021,1,13,40,4,0,CBD,CBD
86,2016,2021,1,5,85,13,0,CBD,CBD
65,2009,2021,1,12,75,10,0,CBD,CBD
75,2016,2021,1,5,75,13,0,CBD,CBD
77,2015,2021,1,6,75,9,0,CBD,CBD
68,2015,2021,1,6,75,9,0,CBD,CBD
77,2013,2021,1,8,75,11,0,CBD,CBD
71,2016,2021,1,5,65,13,0,CBD,CBD
76,2016,2021,1,5,80,13,0,CBD,CBD
97,2015,2021,1,6,75,9,0,CBD,CBD
83,2015,2021,1,6,75,9,0,CBD,CBD
82,2015,2021,1,6,75,9,0,CBD,CBD
70,2015,2021,1,6,60,9,0,CBD,CBD
63,2009,2021,1,12,80,10,0,CBD,CBD
57,2015,2021,1,6,45,9,0,CBD,CBD
68,2013,2021,1,8,65,11,0,CBD,CBD
41,2009,2021,1,12,45,10,0,CBD,CBD
82,2015,2021,1,6,75,9,0,CBD,CBD
38,2009,2021,1,12,40,10,0,CBD,CBD
70,2013,2021,1,8,65,11,0,CBD,CBD
79,2015,2021,1,6,75,9,0,CBD,CBD
85,2015,2021,1,6,60,9,0,CBD,CBD
79,2016,2021,1,5,80,13,0,CBD,CBD
60,1998,2021,1,23,70,7,0,CBD,CBD
60,2009,2021,1,12,80,10,0,CBD,CBD
83,2015,2021,1,6,75,9,0,CBD,CBD
87,2016,2021,1,5,80,13,0,CBD,CBD
65,2013,2021,1,8,65,11,0,CBD,CBD
63,2009,2021,1,12,75,10,0,CBD,CBD
46,2013,2021,1,8,45,11,0,CBD,CBD
83,2015,2021,1,6,75,9,0,CBD,CBD
63,2015,2021,1,6,60,9,0,CBD,CBD
48,2003,2021,1,18,60,4,0,CBD,CBD
68,2008,2021,1,13,65,5,0,CBD,CBD
42,2003,2021,1,18,50,4,0,CBD,CBD
71,2014,2021,1,7,70,3,0,CBD,CBD
59,2016,2021,1,5,50,6,0,CBD,CBD
79,2016,2021,1,5,70,6,0,CBD,CBD
90,2008,2021,1,13,80,5,0,CBD,CBD
60,2008,2021,1,13,65,5,0,CBD,CBD
68,2016,2021,1,5,60,6,0,CBD,CBD
99,2016,2021,1,5,85,6,0,CBD,CBD
88,2016,2021,1,5,75,6,0,CBD,CBD
53,2014,2021,1,7,55,2,0,CBD,CBD
78,2016,2021,1,5,75,6,0,CBD,CBD
62,2016,2021,1,5,60,6,0,CBD,CBD
21,1973,2021,1,48,45,3,0,CBD,CBD
58,2000,2021,1,21,65,3,0,CBD,CBD
57,2008,2021,1,13,60,5,0,CBD,CBD
72,2016,2021,1,5,70,6,0,CBD,CBD
57,1997,2021,1,24,65,10,0,CBD,CBD
82,2008,2021,1,13,80,6,0,CBD,CBD
84,2016,2021,1,5,80,6,0,CBD,CBD
55,2007,2021,1,14,60,7,0,CBD,CBD
78,2008,2021,1,13,80,5,0,CBD,CBD
59,2007,2021,1,14,70,7,0,CBD,CBD
54,2014,2021,1,7,55,2,0,CBD,CBD
57,2007,2021,1,14,70,7,0,CBD,CBD
60,2007,2021,1,14,70,7,0,CBD,CBD
72,2008,2021,1,13,70,5,0,CBD,CBD
95,2016,2021,1,5,75,6,0,CBD,CBD
75,2008,2021,1,13,75,5,0,CBD,CBD
21,1973,2021,1,48,35,9,0,CBD,CBD
60,2007,2021,1,14,70,7,0,CBD,CBD
55,2003,2021,1,18,65,4,0,CBD,CBD
100,2016,2021,1,5,85,6,0,CBD,CBD
72,2012,2021,1,9,80,8,0,CBD,CBD
62,2016,2021,1,5,50,6,0,CBD,CBD
58,2012,2021,1,9,55,3,0,CBD,CBD
21,1980,2021,1,41,30,4,0,CBD,CBD
36,2006,2021,1,15,50,2,0,CBD,CBD
37,2004,2021,1,17,55,2,0,CBD,CBD
55,2005,2021,1,16,50,2,0,CBD,CBD
65,2004,2021,1,17,55,5,0,CBD,CBD
20,1991,2021,1,30,25,3,0,CBD,CBD
69,1999,2021,1,22,85,3,0,CBD,CBD
26,2004,2021,1,17,25,3,0,CBD,CBD
37,1978,2021,1,43,45,4,0,CBD,CBD
58,2004,2021,1,17,35,5,0,CBD,CBD
82,2004,2021,1,17,60,6,0,CBD,CBD
28,2003,2021,1,18,25,2,0,CBD,CBD
61,1978,2021,1,43,60,6,0,CBD,CBD
52,2003,2021,1,18,60,3,0,CBD,CBD
23,2003,2021,1,18,25,2,0,CBD,CBD
27,1999,2021,1,22,30,5,0,CBD,CBD
11,1980,2021,1,41,25,4,0,CBD,CBD
69,2007,2021,1,14,65,2,0,CBD,CBD
42,2005,2021,1,16,45,3,0,CBD,CBD
60,1998,2021,1,23,80,3,0,CBD,CBD
28,1978,2021,1,43,45,3,0,CBD,CBD
73,2005,2021,1,16,75,6,0,CBD,CBD
55,1982,2021,1,39,65,8,0,CBD,CBD
80,2015,2021,1,6,70,6,0,CBD,CBD
60,2016,2021,1,5,55,4,0,CBD,CBD
66,2004,2021,1,17,75,3,0,CBD,CBD
79,2004,2021,1,17,85,5,0,CBD,CBD
20,1986,2021,1,35,25,3,0,CBD,CBD
14,1979,2021,1,42,25,4,0,CBD,CBD
66,2012,2021,1,9,60,6,0,CBD,CBD
15,1982,2021,1,39,25,6,0,CBD,CBD
60,1999,2021,1,22,60,5,0,CBD,CBD
52,2014,2021,1,7,45,2,0,CBD,CBD
27,2005,2021,1,16,25,3,0,CBD,CBD
90,2004,2021,1,17,85,2,0,CBD,CBD
52,2005,2021,1,16,50,1,0,CBD,CBD
63,2014,2021,1,7,60,4,0,CBD,CBD
75,2015,2021,1,6,70,1,0,CBD,CBD
40,2004,2021,1,17,40,2,0,CBD,CBD
78,2015,2021,1,6,70,1,0,CBD,CBD
120,2015,2021,1,6,80,1,0,CBD,CBD
54,2005,2021,1,16,55,3,0,CBD,CBD
85,2013,2021,1,8,75,4,0,CBD,CBD
41,2010,2021,1,11,45,1,0,CBD,CBD
60,2003,2021,1,18,65,1,0,CBD,CBD
85,2012,2021,1,9,80,5,0,CBD,CBD
41,1996,2021,1,25,60,2,0,CBD,CBD
90,2016,2021,1,5,80,3,0,CBD,CBD
56,1991,2021,1,30,60,6,0,CBD,CBD
100,1999,2021,1,22,75,8,0,CBD,CBD
50,2011,2021,1,10,45,2,0,CBD,CBD
72,2004,2021,1,17,65,3,0,CBD,CBD
27,1981,2021,1,40,45,2,0,CBD,CBD
48,2015,2021,1,6,45,2,0,CBD,CBD
28,1982,2021,1,39,35,3,0,CBD,CBD
64,2003,2021,1,18,60,4,0,CBD,CBD
50,2016,2021,1,5,45,5,0,CBD,CBD
20,1973,2021,1,48,30,2,0,CBD,CBD
52,2011,2021,1,10,50,5,0,CBD,CBD
47,2010,2021,1,11,45,4,0,CBD,CBD
40,2002,2021,1,19,45,3,0,CBD,CBD
77,2015,2021,1,6,65,6,0,CBD,CBD
40,2010,2021,1,11,40,5,0,CBD,CBD
41,2005,2021,1,16,40,3,0,CBD,CBD
89,2014,2021,1,7,75,2,0,CBD,CBD
27,1979,2023,1,44,40,3,1,CBD,CBD
37,2002,2023,1,21,35,1,1,CBD,CBD
25,1979,2023,1,44,40,3,1,CBD,CBD
48,1999,2023,1,24,45,3,1,CBD,CBD
23,2006,2023,1,17,25,3,1,CBD,CBD
33,2005,2023,1,18,30,1,1,CBD,CBD
67,2014,2023,1,9,55,4,1,CBD,CBD
83,2015,2023,1,8,60,4,1,CBD,CBD
110,2011,2023,1,12,70,3,1,CBD,CBD
46,2011,2023,1,12,45,4,1,CBD,CBD
77,2015,2023,1,8,65,4,1,CBD,CBD
16,1992,2023,1,31,25,2,1,CBD,CBD
64,2006,2023,1,17,60,3,1,CBD,CBD
120,2015,2023,1,8,75,4,1,CBD,CBD
85,2013,2023,1,10,55,3,1,CBD,CBD
21,1979,2023,1,44,30,3,1,CBD,CBD
48,2006,2023,1,17,40,2,1,CBD,CBD
66,2001,2023,1,22,65,2,1,CBD,CBD
68,2014,2023,1,9,50,5,1,CBD,CBD
110,2011,2023,1,12,70,4,1,CBD,CBD
57,2002,2023,1,21,50,3,1,CBD,CBD
90,2017,2023,1,6,55,1,1,CBD,CBD
80,2011,2023,1,12,55,4,1,CBD,CBD
110,2018,2023,1,5,70,2,1,CBD,CBD
29,2011,2023,1,12,30,1,1,CBD,CBD
68,2011,2023,1,12,60,2,1,CBD,CBD
51,2006,2023,1,17,45,3,1,CBD,CBD
86,2016,2023,1,7,60,4,1,CBD,CBD
100,2015,2023,1,8,75,9,1,CBD,CBD
67,2015,2023,1,8,55,10,1,CBD,CBD
58,2016,2023,1,7,50,13,1,CBD,CBD
46,2009,2023,1,14,45,11,1,CBD,CBD
88,2015,2023,1,8,60,9,1,CBD,CBD
120,2015,2023,1,8,90,9,1,CBD,CBD
120,2015,2023,1,8,75,9,1,CBD,CBD
89,2015,2023,1,8,75,9,1,CBD,CBD
71,2015,2023,1,8,60,9,1,CBD,CBD
110,2013,2023,1,10,80,11,1,CBD,CBD
81,2013,2023,1,10,70,11,1,CBD,CBD
49,1998,2023,1,25,55,7,1,CBD,CBD
82,2016,2023,1,7,65,13,1,CBD,CBD
87,2015,2023,1,8,70,10,1,CBD,CBD
89,2015,2023,1,8,70,9,1,CBD,CBD
68,2013,2023,1,10,60,11,1,CBD,CBD
79,2015,2023,1,8,60,9,1,CBD,CBD
91,2015,2023,1,8,75,9,1,CBD,CBD
96,2016,2023,1,7,75,15,1,CBD,CBD
72,2015,2023,1,8,55,10,1,CBD,CBD
90,2015,2023,1,8,60,9,1,CBD,CBD
93,2016,2023,1,7,80,13,1,CBD,CBD
110,2015,2023,1,8,75,9,1,CBD,CBD
72,2016,2023,1,7,60,14,1,CBD,CBD
90,2009,2023,1,14,85,12,1,CBD,CBD
85,2015,2023,1,8,60,9,1,CBD,CBD
58,2013,2023,1,10,45,12,1,CBD,CBD
82,2016,2023,1,7,65,15,1,CBD,CBD
60,2013,2023,1,10,45,11,1,CBD,CBD
82,2015,2023,1,8,60,9,1,CBD,CBD
81,2015,2023,1,8,60,9,1,CBD,CBD
98,2015,2023,1,8,75,10,1,CBD,CBD
85,2016,2023,1,7,75,15,1,CBD,CBD
65,2009,2023,1,14,70,12,1,CBD,CBD
92,2013,2023,1,10,80,11,1,CBD,CBD
90,2015,2023,1,8,75,9,1,CBD,CBD
44,2009,2023,1,14,40,10,1,CBD,CBD
91,2015,2023,1,8,75,9,1,CBD,CBD
67,2015,2023,1,8,55,10,1,CBD,CBD
93,2016,2023,1,7,75,14,1,CBD,CBD
57,2016,2023,1,7,50,13,1,CBD,CBD
90,2015,2023,1,8,70,9,1,CBD,CBD
67,2015,2023,1,8,45,10,1,CBD,CBD
70,1998,2023,1,25,70,7,1,CBD,CBD
85,2010,2023,1,13,65,1,1,CBD,CBD
89,2016,2023,1,7,75,7,1,CBD,CBD
73,2010,2023,1,13,55,1,1,CBD,CBD
69,2016,2023,1,7,50,7,1,CBD,CBD
62,2016,2023,1,7,50,7,1,CBD,CBD
90,2012,2023,1,11,80,8,1,CBD,CBD
89,2016,2023,1,7,70,6,1,CBD,CBD
65,2012,2023,1,11,60,8,1,CBD,CBD
20,1980,2023,1,43,45,6,1,CBD,CBD
80,2000,2023,1,23,90,9,1,CBD,CBD
60,1999,2023,1,24,65,3,1,CBD,CBD
100,2008,2023,1,15,90,6,1,CBD,CBD
77,2016,2023,1,7,60,7,1,CBD,CBD
98,2016,2023,1,7,75,7,1,CBD,CBD
36,1980,2023,1,43,50,5,1,CBD,CBD
110,2008,2023,1,15,90,7,1,CBD,CBD
54,2007,2023,1,16,50,7,1,CBD,CBD
100,2008,2023,1,15,80,7,1,CBD,CBD
65,2012,2023,1,11,60,8,1,CBD,CBD
83,2016,2023,1,7,60,7,1,CBD,CBD
70,2012,2023,1,11,65,8,1,CBD,CBD
100,2008,2023,1,15,80,7,1,CBD,CBD
90,2016,2023,1,7,75,7,1,CBD,CBD
120,2010,2023,1,13,85,1,1,CBD,CBD
46,2005,2023,1,18,45,1,1,CBD,CBD
24,1980,2023,1,43,35,1,1,CBD,CBD
25,2005,2023,1,18,25,3,1,CBD,CBD
30,1978,2023,1,45,45,4,1,CBD,CBD
38,1981,2023,1,42,45,4,1,CBD,CBD
77,2018,2023,1,5,60,4,1,CBD,CBD
59,2000,2023,1,23,60,3,1,CBD,CBD
18,1978,2023,1,45,30,5,1,CBD,CBD
49,2012,2023,1,11,40,3,1,CBD,CBD
80,2014,2023,1,9,60,3,1,CBD,CBD
130,2018,2023,1,5,80,2,1,CBD,CBD
59,2017,2023,1,6,40,9,1,CBD,CBD
70,2012,2023,1,11,55,8,1,CBD,CBD
58,2017,2023,1,6,40,6,1,CBD,CBD
13,1982,2023,1,41,25,3,1,CBD,CBD
70,2000,2023,1,23,65,5,1,CBD,CBD
38,2004,2023,1,19,30,3,1,CBD,CBD
80,2003,2023,1,20,80,4,1,CBD,CBD
93,2003,2023,1,20,80,8,1,CBD,CBD
64,1999,2023,1,24,55,4,1,CBD,CBD
40,2003,2023,1,20,60,4,1,CBD,CBD
41,2004,2023,1,19,30,3,1,CBD,CBD
29,2004,2023,1,19,25,4,1,CBD,CBD
38,2004,2023,1,19,30,6,1,CBD,CBD
53,2007,2023,1,16,45,2,1,CBD,CBD
29,2012,2023,1,11,30,3,1,CBD,CBD
100,2016,2023,1,7,65,2,1,CBD,CBD
35,1999,2023,1,24,40,5,1,CBD,CBD
49,2017,2023,1,6,40,1,1,CBD,CBD
45,2010,2023,1,13,45,1,1,CBD,CBD
74,2004,2023,1,19,75,3,1,CBD,CBD
82,2018,2023,1,5,65,4,1,CBD,CBD
110,2017,2023,1,6,70,4,1,CBD,CBD
56,2009,2023,1,14,55,3,1,CBD,CBD
25,2003,2023,1,20,25,3,1,CBD,CBD
65,2009,2023,1,14,55,2,1,CBD,CBD
100,2005,2023,1,18,75,4,1,CBD,CBD
57,2005,2023,1,18,55,2,1,CBD,CBD
63,2015,2023,1,8,50,6,1,CBD,CBD
84,2016,2023,1,7,65,5,1,CBD,CBD
82,2011,2023,1,12,60,3,1,CBD,CBD
52,2015,2023,1,8,45,6,1,CBD,CBD
110,2016,2023,1,7,80,5,1,CBD,CBD
180,2017,2023,1,6,80,6,1,CBD,CBD
73,2005,2023,1,18,60,7,1,CBD,CBD
94,2015,2023,1,8,70,6,1,CBD,CBD
100,2017,2023,1,6,70,4,1,CBD,CBD
49,2005,2023,1,18,45,5,1,CBD,CBD
21,2002,2023,1,21,25,4,1,CBD,CBD
67,1998,2023,1,25,65,4,1,CBD,CBD
27,1982,2023,1,41,45,5,1,CBD,CBD
190,2017,2023,1,6,85,4,1,CBD,CBD
97,2015,2023,1,8,70,3,1,CBD,CBD
68,2001,2023,1,22,70,5,1,CBD,CBD
99,2004,2023,1,19,85,3,1,CBD,CBD
19,1982,2023,1,41,25,3,1,CBD,CBD
18,1982,2023,1,41,35,3,1,CBD,CBD
39,2001,2023,1,22,45,5,1,CBD,CBD
93,2005,2023,1,18,80,4,1,CBD,CBD
130,2017,2023,1,6,75,4,1,CBD,CBD
110,2002,2023,1,21,75,8,1,CBD,CBD
79,2001,2023,1,22,75,5,1,CBD,CBD
75,2001,2023,1,22,70,5,1,CBD,CBD
99,2012,2023,1,11,70,6,1,CBD,CBD
120,2014,2023,1,9,70,2,1,CBD,CBD
45,2004,2023,1,19,40,3,1,CBD,CBD
86,1999,2023,1,24,75,5,1,CBD,CBD
53,2017,2023,1,6,40,1,1,CBD,CBD
78,2009,2023,1,14,60,6,1,CBD,CBD
120,2005,2023,1,18,80,1,1,CBD,CBD
20,1974,2023,1,49,30,3,1,CBD,CBD
70,2015,2023,1,8,40,1,1,CBD,CBD
73,1995,2023,1,28,65,3,1,CBD,CBD
60,2001,2023,1,22,60,3,1,CBD,CBD
160,2015,2023,1,8,85,1,1,CBD,CBD
44,1979,2023,1,44,55,4,1,CBD,CBD
75,2015,2023,1,8,45,1,1,CBD,CBD
75,2000,2023,1,23,70,5,1,CBD,CBD
89,2008,2023,1,15,75,3,1,CBD,CBD
130,2013,2023,1,10,90,4,1,CBD,CBD
150,1999,2023,1,24,85,8,1,CBD,CBD
34,1973,2023,1,50,50,3,1,CBD,CBD
70,2002,2023,1,21,55,2,1,CBD,CBD
83,2011,2023,1,12,70,2,1,CBD,CBD
93,2005,2023,1,18,80,1,1,CBD,CBD
94,2005,2023,1,18,80,1,1,CBD,CBD
140,1999,2023,1,24,85,9,1,CBD,CBD
17,1973,2023,1,50,25,3,1,CBD,CBD
55,2011,2023,1,12,45,2,1,CBD,CBD
40,2004,2023,1,19,25,3,1,CBD,CBD
14,1983,2023,1,40,25,3,1,CBD,CBD
39,2000,2023,1,23,45,6,1,CBD,CBD
120,2013,2023,1,10,80,3,1,CBD,CBD
90,2013,2023,1,10,60,3,1,CBD,CBD
50,1980,2023,1,43,55,6,1,CBD,CBD
80,2011,2023,1,12,65,4,1,CBD,CBD
33,1984,2023,1,39,35,4,1,CBD,CBD
46,1999,2023,1,24,45,6,1,CBD,CBD
140,2008,2023,1,15,90,3,1,CBD,CBD
51,2018,2023,1,5,45,5,1,CBD,CBD
85,2012,2023,1,11,70,5,1,CBD,CBD
90,2005,2023,1,18,65,1,1,CBD,CBD
75,2011,2023,1,12,55,4,1,CBD,CBD
120,2012,2023,1,11,85,4,1,CBD,CBD
130,2016,2023,1,7,75,5,1,CBD,CBD
62,2005,2023,1,18,60,3,1,CBD,CBD
24,1977,2023,1,46,35,5,1,CBD,CBD
81,2010,2023,1,13,65,2,1,CBD,CBD
52,1998,2023,1,25,40,3,1,CBD,CBD
86,2005,2023,1,18,70,5,1,CBD,CBD
73,2005,2023,1,18,60,5,1,CBD,CBD
23,2000,2023,1,23,25,2,1,CBD,CBD
42,2006,2023,1,17,45,4,1,CBD,CBD
35,1978,2023,1,45,45,1,1,CBD,CBD
61,2004,2023,1,19,60,9,1,CBD,CBD
52,2005,2023,1,18,40,1,1,CBD,CBD
29,2000,2023,1,23,30,2,1,CBD,CBD
32,2002,2023,1,21,30,1,1,CBD,CBD
32,2002,2023,1,21,30,1,1,CBD,CBD
60,1999,2023,1,24,45,2,1,CBD,CBD
120,2011,2021,1,10,85,6,0,CBD,CBD
80,2014,2021,1,7,45,7,0,CBD,CBD
100,2002,2021,1,19,70,2,0,CBD,CBD
55,2002,2021,1,19,40,2,0,CBD,CBD
84,2002,2021,1,19,55,2,0,CBD,CBD
42,2016,2021,1,5,40,10,0,CBD,CBD
130,2015,2021,1,6,70,10,0,CBD,CBD
93,2013,2021,1,8,60,10,0,CBD,CBD
100,2005,2021,1,16,65,6,0,CBD,CBD
68,2003,2021,1,18,60,4,0,CBD,CBD
49,1997,2021,1,24,40,4,0,CBD,CBD
32,1982,2021,1,39,40,7,0,CBD,CBD
150,2008,2021,1,13,90,11,0,CBD,CBD
60,2012,2021,1,9,40,5,0,CBD,CBD
56,2012,2021,1,9,45,5,0,CBD,CBD
63,2012,2021,1,9,45,5,0,CBD,CBD
59,2001,2021,1,20,55,8,0,CBD,CBD
59,2014,2021,1,7,40,6,0,CBD,CBD
140,2008,2021,1,13,90,3,0,CBD,CBD
100,2004,2021,1,17,70,6,0,CBD,CBD
54,1998,2021,1,23,45,7,0,CBD,CBD
76,1980,2021,1,41,55,5,0,CBD,CBD
73,2004,2021,1,17,60,6,0,CBD,CBD
150,2014,2021,1,7,85,8,0,CBD,CBD
80,2012,2021,1,9,60,6,0,CBD,CBD
83,2013,2021,1,8,60,6,0,CBD,CBD
70,2001,2021,1,20,60,8,0,CBD,CBD
110,2000,2021,1,21,90,6,0,CBD,CBD
73,2001,2021,1,20,65,3,0,CBD,CBD
30,1971,2021,1,50,45,3,0,CBD,CBD
130,2006,2021,1,15,80,6,0,CBD,CBD
140,2008,2021,1,13,70,4,0,CBD,CBD
38,1983,2021,1,38,45,4,0,CBD,CBD
33,2004,2021,1,17,35,2,0,CBD,CBD
43,1998,2021,1,23,45,5,0,CBD,CBD
73,1997,2021,1,24,55,5,0,CBD,CBD
55,2003,2021,1,18,40,2,0,CBD,CBD
85,2013,2021,1,8,60,1,0,CBD,CBD
90,2013,2021,1,8,60,1,0,CBD,CBD
67,1978,2021,1,43,70,7,0,CBD,CBD
82,1971,2021,1,50,75,5,0,CBD,CBD
100,2012,2021,1,9,70,7,0,CBD,CBD
73,2012,2021,1,9,50,8,0,CBD,CBD
70,1982,2021,1,39,75,10,0,CBD,CBD
170,2006,2021,1,15,90,10,0,CBD,CBD
150,2006,2021,1,15,80,10,0,CBD,CBD
100,2012,2021,1,9,70,8,0,CBD,CBD
74,1979,2021,1,42,65,5,0,CBD,CBD
65,2013,2021,1,8,45,7,0,CBD,CBD
120,2013,2021,1,8,65,4,0,CBD,CBD
160,2013,2021,1,8,85,4,0,CBD,CBD
65,2008,2021,1,13,50,5,0,CBD,CBD
120,2014,2021,1,7,65,6,0,CBD,CBD
150,2015,2021,1,6,75,5,0,CBD,CBD
75,2002,2021,1,19,55,7,0,CBD,CBD
170,2013,2021,1,8,85,7,0,CBD,CBD
24,1983,2021,1,38,25,7,0,CBD,CBD
35,1997,2021,1,24,30,7,0,CBD,CBD
74,2012,2021,1,9,65,6,0,CBD,CBD
100,2013,2021,1,8,85,7,0,CBD,CBD
78,2015,2021,1,6,40,5,0,CBD,CBD
65,1979,2021,1,42,60,7,0,CBD,CBD
21,1982,2021,1,39,30,5,0,CBD,CBD
25,1979,2021,1,42,25,3,0,CBD,CBD
63,1977,2021,1,44,60,4,0,CBD,CBD
22,1979,2021,1,42,25,3,0,CBD,CBD
62,2013,2021,1,8,55,5,0,CBD,CBD
180,2011,2021,1,10,85,3,0,CBD,CBD
190,2003,2021,1,18,90,7,0,CBD,CBD
170,2012,2021,1,9,65,2,0,CBD,CBD
21,1977,2021,1,44,30,3,0,CBD,CBD
59,2014,2021,1,7,40,4,0,CBD,CBD
57,2014,2021,1,7,40,4,0,CBD,CBD
48,2006,2021,1,15,40,2,0,CBD,CBD
58,2005,2021,1,16,55,10,0,CBD,CBD
56,2005,2021,1,16,50,10,0,CBD,CBD
68,2005,2021,1,16,60,4,0,CBD,CBD
110,2005,2021,1,16,90,13,0,CBD,CBD
47,2005,2021,1,16,50,15,0,CBD,CBD
67,2004,2021,1,17,70,12,0,CBD,CBD
69,2006,2021,1,15,60,14,0,CBD,CBD
58,2006,2021,1,15,60,14,0,CBD,CBD
110,2006,2021,1,15,90,14,0,CBD,CBD
56,2005,2021,1,16,55,10,0,CBD,CBD
50,2005,2021,1,16,55,13,0,CBD,CBD
76,2008,2021,1,13,90,10,0,CBD,CBD
37,2005,2021,1,16,45,15,0,CBD,CBD
77,2008,2021,1,13,90,10,0,CBD,CBD
89,2006,2021,1,15,75,13,0,CBD,CBD
93,2005,2021,1,16,80,14,0,CBD,CBD
73,2003,2021,1,18,55,6,0,CBD,CBD
72,2005,2021,1,16,70,10,0,CBD,CBD
72,2008,2021,1,13,80,10,0,CBD,CBD
90,2007,2021,1,14,70,6,0,CBD,CBD
77,2007,2021,1,14,70,6,0,CBD,CBD
37,2015,2021,1,6,30,6,0,CBD,CBD
19,1980,2021,1,41,25,1,0,CBD,CBD
23,2002,2021,1,19,25,7,0,CBD,CBD
84,2007,2021,1,14,70,6,0,CBD,CBD
28,1999,2021,1,22,25,2,0,CBD,CBD
63,2003,2021,1,18,60,6,0,CBD,CBD
130,2007,2021,1,14,90,6,0,CBD,CBD
35,2007,2021,1,14,30,5,0,CBD,CBD
70,2012,2021,1,9,45,4,0,CBD,CBD
120,2006,2021,1,15,80,4,0,CBD,CBD
23,1978,2021,1,43,35,3,0,CBD,CBD
53,1980,2021,1,41,55,2,0,CBD,CBD
72,2014,2021,1,7,50,3,0,CBD,CBD
40,1978,2021,1,43,55,3,0,CBD,CBD
84,1998,2021,1,23,70,4,0,CBD,CBD
70,2001,2021,1,20,65,9,0,CBD,CBD
65,1977,2021,1,44,75,3,0,CBD,CBD
79,2002,2021,1,19,65,2,0,CBD,CBD
70,2006,2021,1,15,65,2,0,CBD,CBD
83,2009,2021,1,12,45,4,0,CBD,CBD
62,2008,2021,1,13,70,2,0,CBD,CBD
30,1978,2021,1,43,40,9,0,CBD,CBD
91,2012,2021,1,9,70,8,0,CBD,CBD
140,1991,2021,1,30,90,3,0,CBD,CBD
48,1971,2021,1,50,60,5,0,CBD,CBD
140,2010,2021,1,11,65,3,0,CBD,CBD
62,1981,2021,1,40,80,9,0,CBD,CBD
74,2005,2021,1,16,55,5,0,CBD,CBD
68,2001,2021,1,20,65,5,0,CBD,CBD
75,1998,2021,1,23,65,7,0,CBD,CBD
170,2009,2021,1,12,80,4,0,CBD,CBD
22,1985,2021,1,36,30,2,0,CBD,CBD
78,2012,2021,1,9,65,8,0,CBD,CBD
64,2013,2021,1,8,55,7,0,CBD,CBD
88,2011,2021,1,10,80,8,0,CBD,CBD
140,2013,2021,1,8,80,6,0,CBD,CBD
92,2011,2021,1,10,60,6,0,CBD,CBD
120,2009,2021,1,12,65,8,0,CBD,CBD
45,2001,2021,1,20,40,5,0,CBD,CBD
110,2013,2021,1,8,60,6,0,CBD,CBD
21,1983,2021,1,38,25,5,0,CBD,CBD
140,2002,2021,1,19,90,2,0,CBD,CBD
140,2013,2021,1,8,80,6,0,CBD,CBD
150,2014,2021,1,7,75,5,0,CBD,CBD
43,2003,2021,1,18,35,3,0,CBD,CBD
90,2008,2021,1,13,70,5,0,CBD,CBD
63,1978,2021,1,43,75,3,0,CBD,CBD
23,1977,2021,1,44,30,6,0,CBD,CBD
60,2011,2021,1,10,40,6,0,CBD,CBD
18,1977,2021,1,44,25,3,0,CBD,CBD
13,1976,2021,1,45,25,5,0,CBD,CBD
18,1980,2021,1,41,25,4,0,CBD,CBD
94,2014,2021,1,7,60,4,0,CBD,CBD
94,2014,2021,1,7,60,4,0,CBD,CBD
110,2008,2021,1,13,55,4,0,CBD,CBD
87,1998,2021,1,23,75,3,0,CBD,CBD
28,2002,2021,1,19,25,3,0,CBD,CBD
25,1999,2021,1,22,25,3,0,CBD,CBD
66,1983,2021,1,38,50,2,0,CBD,CBD
84,1973,2021,1,48,80,4,0,CBD,CBD
47,1995,2021,1,26,40,1,0,CBD,CBD
19,1981,2021,1,40,30,9,0,CBD,CBD
80,2006,2021,1,15,80,12,0,CBD,CBD
73,2006,2021,1,15,70,12,0,CBD,CBD
24,1980,2021,1,41,35,8,0,CBD,CBD
81,2006,2021,1,15,75,12,0,CBD,CBD
56,2000,2021,1,21,65,11,0,CBD,CBD
35,1998,2021,1,23,35,7,0,CBD,CBD
90,2005,2021,1,16,90,8,0,CBD,CBD
34,1978,2021,1,43,45,5,0,CBD,CBD
14,1980,2021,1,41,25,8,0,CBD,CBD
70,2014,2021,1,7,60,8,0,CBD,CBD
100,2015,2021,1,6,75,10,0,CBD,CBD
120,2015,2021,1,6,85,10,0,CBD,CBD
27,1977,2021,1,44,40,6,0,CBD,CBD
88,2015,2021,1,6,65,10,0,CBD,CBD
110,2007,2021,1,14,90,8,0,CBD,CBD
85,2007,2021,1,14,75,8,0,CBD,CBD
100,2015,2021,1,6,75,10,0,CBD,CBD
58,1982,2021,1,39,80,9,0,CBD,CBD
73,2006,2021,1,15,75,12,0,CBD,CBD
90,2005,2021,1,16,85,8,0,CBD,CBD
96,2016,2021,1,5,75,9,0,CBD,CBD
64,2003,2021,1,18,65,9,0,CBD,CBD
110,2006,2021,1,15,90,8,0,CBD,CBD
57,1982,2021,1,39,70,9,0,CBD,CBD
57,1998,2021,1,23,55,5,0,CBD,CBD
65,1999,2021,1,22,55,8,0,CBD,CBD
69,1997,2021,1,24,60,10,0,CBD,CBD
19,1976,2021,1,45,30,9,0,CBD,CBD
59,1980,2021,1,41,55,6,0,CBD,CBD
20,1979,2021,1,42,30,8,0,CBD,CBD
55,2013,2021,1,8,40,11,0,CBD,CBD
70,1981,2021,1,40,80,10,0,CBD,CBD
40,1976,2021,1,45,70,8,0,CBD,CBD
72,2000,2021,1,21,60,6,0,CBD,CBD
35,1979,2023,1,44,30,7,1,CBD,CBD
100,2014,2023,1,9,45,7,1,CBD,CBD
110,2002,2023,1,21,65,3,1,CBD,CBD
130,2002,2023,1,21,70,2,1,CBD,CBD
200,2002,2023,1,21,85,2,1,CBD,CBD
62,2002,2023,1,21,40,2,1,CBD,CBD
170,2002,2023,1,21,90,4,1,CBD,CBD
93,2002,2023,1,21,60,2,1,CBD,CBD
210,2012,2023,1,11,90,9,1,CBD,CBD
55,2002,2023,1,21,65,13,1,CBD,CBD
32,1980,2023,1,43,40,13,1,CBD,CBD
30,1980,2023,1,43,40,3,1,CBD,CBD
62,2016,2023,1,7,50,10,1,CBD,CBD
60,2002,2023,1,21,50,3,1,CBD,CBD
68,2018,2023,1,5,40,6,1,CBD,CBD
150,2005,2023,1,18,75,1,1,CBD,CBD
110,2017,2023,1,6,60,11,1,CBD,CBD
73,2008,2023,1,15,60,11,1,CBD,CBD
170,2015,2023,1,8,70,10,1,CBD,CBD
60,2005,2023,1,18,35,1,1,CBD,CBD
19,1992,2023,1,31,25,8,1,CBD,CBD
180,2015,2023,1,8,70,10,1,CBD,CBD
130,2001,2023,1,22,70,3,1,CBD,CBD
110,2005,2023,1,18,60,2,1,CBD,CBD
220,2015,2023,1,8,90,11,1,CBD,CBD
80,2000,2023,1,23,55,3,1,CBD,CBD
74,2001,2023,1,22,60,10,1,CBD,CBD
23,1983,2023,1,40,35,7,1,CBD,CBD
65,1995,2023,1,28,55,5,1,CBD,CBD
21,1977,2023,1,46,30,5,1,CBD,CBD
24,2003,2023,1,20,25,9,1,CBD,CBD
64,2000,2023,1,23,50,3,1,CBD,CBD
34,1980,2023,1,43,40,5,1,CBD,CBD
40,2017,2023,1,6,30,6,1,CBD,CBD
81,2004,2023,1,19,60,6,1,CBD,CBD
61,2004,2023,1,19,40,7,1,CBD,CBD
37,1984,2023,1,39,35,7,1,CBD,CBD
130,2014,2023,1,9,90,11,1,CBD,CBD
120,2010,2023,1,13,60,1,1,CBD,CBD
100,2004,2023,1,19,60,6,1,CBD,CBD
110,2004,2023,1,19,65,1,1,CBD,CBD
110,2004,2023,1,19,65,1,1,CBD,CBD
94,2004,2023,1,19,55,6,1,CBD,CBD
130,2004,2023,1,19,65,7,1,CBD,CBD
35,1997,2023,1,26,30,6,1,CBD,CBD
170,1998,2023,1,25,90,5,1,CBD,CBD
210,2014,2023,1,9,90,6,1,CBD,CBD
160,2005,2023,1,18,85,6,1,CBD,CBD
130,2008,2023,1,15,70,5,1,CBD,CBD
47,2010,2023,1,13,35,6,1,CBD,CBD
70,1985,2023,1,38,65,4,1,CBD,CBD
20,1980,2023,1,43,25,3,1,CBD,CBD
51,1983,2023,1,40,55,5,1,CBD,CBD
35,2000,2023,1,23,30,3,1,CBD,CBD
140,2006,2023,1,17,55,6,1,CBD,CBD
20,1979,2023,1,44,30,1,1,CBD,CBD
42,2014,2023,1,9,25,4,1,CBD,CBD
85,2000,2023,1,23,60,8,1,CBD,CBD
44,2017,2023,1,6,25,5,1,CBD,CBD
26,2002,2023,1,21,25,1,1,CBD,CBD
30,2002,2023,1,21,25,5,1,CBD,CBD
120,2012,2023,1,11,65,10,1,CBD,CBD
160,2013,2023,1,10,80,4,1,CBD,CBD
140,1982,2023,1,41,85,10,1,CBD,CBD
100,1979,2023,1,44,80,8,1,CBD,CBD
58,2003,2023,1,20,45,10,1,CBD,CBD
98,1993,2023,1,30,70,7,1,CBD,CBD
85,1978,2023,1,45,65,7,1,CBD,CBD
110,2003,2023,1,20,65,10,1,CBD,CBD
130,1980,2023,1,43,75,3,1,CBD,CBD
17,1995,2023,1,28,25,12,1,CBD,CBD
44,1984,2023,1,39,50,10,1,CBD,CBD
37,2016,2023,1,7,30,5,1,CBD,CBD
100,1979,2023,1,44,90,8,1,CBD,CBD
110,2013,2023,1,10,80,7,1,CBD,CBD
100,1979,2023,1,44,90,11,1,CBD,CBD
100,1995,2023,1,28,65,9,1,CBD,CBD
52,1980,2023,1,43,50,9,1,CBD,CBD
29,1995,2023,1,28,40,12,1,CBD,CBD
44,1997,2023,1,26,40,12,1,CBD,CBD
120,2011,2023,1,12,50,5,1,CBD,CBD
67,1979,2023,1,44,60,3,1,CBD,CBD
160,2012,2023,1,11,50,2,1,CBD,CBD
80,2014,2023,1,9,45,5,1,CBD,CBD
50,1998,2023,1,25,45,4,1,CBD,CBD
240,2012,2023,1,11,60,7,1,CBD,CBD
89,1999,2023,1,24,60,5,1,CBD,CBD
74,2006,2023,1,17,50,3,1,CBD,CBD
150,2006,2023,1,17,75,4,1,CBD,CBD
170,2011,2023,1,12,65,3,1,CBD,CBD
20,1979,2023,1,44,25,1,1,CBD,CBD
80,2014,2023,1,9,45,4,1,CBD,CBD
110,2005,2023,1,18,85,15,1,CBD,CBD
84,2008,2023,1,15,90,10,1,CBD,CBD
66,1998,2023,1,25,75,14,1,CBD,CBD
150,2005,2023,1,18,90,15,1,CBD,CBD
74,2006,2023,1,17,65,14,1,CBD,CBD
83,2008,2023,1,15,85,11,1,CBD,CBD
48,2006,2023,1,17,40,14,1,CBD,CBD
89,2005,2023,1,18,80,15,1,CBD,CBD
76,2005,2023,1,18,60,15,1,CBD,CBD
87,2008,2023,1,15,85,10,1,CBD,CBD
89,2004,2023,1,19,80,12,1,CBD,CBD
120,2006,2023,1,17,85,15,1,CBD,CBD
140,2003,2023,1,20,80,6,1,CBD,CBD
98,2006,2023,1,17,80,14,1,CBD,CBD
130,2006,2023,1,17,85,14,1,CBD,CBD
100,2006,2023,1,17,85,15,1,CBD,CBD
69,2005,2023,1,18,65,15,1,CBD,CBD
130,2005,2023,1,18,85,15,1,CBD,CBD
78,2005,2023,1,18,70,15,1,CBD,CBD
100,2005,2023,1,18,90,15,1,CBD,CBD
86,2005,2023,1,18,80,15,1,CBD,CBD
83,2005,2023,1,18,65,13,1,CBD,CBD
180,2003,2023,1,20,90,6,1,CBD,CBD
110,2014,2023,1,9,75,11,1,CBD,CBD
110,2006,2023,1,17,75,15,1,CBD,CBD
55,2005,2023,1,18,50,15,1,CBD,CBD
140,2005,2023,1,18,85,7,1,CBD,CBD
100,2007,2023,1,16,60,6,1,CBD,CBD
19,1980,2023,1,43,30,2,1,CBD,CBD
85,2000,2023,1,23,60,6,1,CBD,CBD
98,2007,2023,1,16,60,6,1,CBD,CBD
110,2006,2023,1,17,70,4,1,CBD,CBD
30,1983,2023,1,40,35,2,1,CBD,CBD
120,2006,2023,1,17,70,4,1,CBD,CBD
160,2017,2023,1,6,85,5,1,CBD,CBD
99,2007,2023,1,16,70,6,1,CBD,CBD
140,2017,2023,1,6,75,5,1,CBD,CBD
34,1977,2023,1,46,40,3,1,CBD,CBD
92,2006,2023,1,17,55,4,1,CBD,CBD
82,2006,2023,1,17,55,6,1,CBD,CBD
37,2014,2023,1,9,35,10,1,CBD,CBD
29,2004,2023,1,19,30,3,1,CBD,CBD
100,2015,2023,1,8,70,3,1,CBD,CBD
44,1978,2023,1,45,50,3,1,CBD,CBD
120,1999,2023,1,24,80,6,1,CBD,CBD
50,1999,2023,1,24,45,6,1,CBD,CBD
55,2006,2023,1,17,50,3,1,CBD,CBD
95,2012,2023,1,11,65,8,1,CBD,CBD
66,2005,2023,1,18,45,3,1,CBD,CBD
120,2009,2023,1,14,50,5,1,CBD,CBD
51,2017,2023,1,6,30,5,1,CBD,CBD
92,1998,2023,1,25,75,8,1,CBD,CBD
55,1978,2023,1,45,50,7,1,CBD,CBD
210,2014,2023,1,9,90,6,1,CBD,CBD
55,1979,2023,1,44,50,7,1,CBD,CBD
69,1983,2023,1,40,65,5,1,CBD,CBD
82,1978,2023,1,45,85,5,1,CBD,CBD
25,2001,2023,1,22,25,4,1,CBD,CBD
45,1977,2023,1,46,50,5,1,CBD,CBD
41,1979,2023,1,44,40,3,1,CBD,CBD
18,1977,2023,1,46,25,6,1,CBD,CBD
44,1978,2023,1,45,45,6,1,CBD,CBD
200,2009,2023,1,14,80,8,1,CBD,CBD
250,2016,2023,1,7,85,6,1,CBD,CBD
49,1978,2023,1,45,40,6,1,CBD,CBD
28,1976,2023,1,47,30,5,1,CBD,CBD
71,1973,2023,1,50,55,6,1,CBD,CBD
150,2018,2023,1,5,40,3,1,CBD,CBD
120,2013,2023,1,10,60,4,1,CBD,CBD
45,1978,2023,1,45,40,5,1,CBD,CBD
160,2009,2023,1,14,70,8,1,CBD,CBD
210,2015,2023,1,8,85,3,1,CBD,CBD
32,2003,2023,1,20,25,1,1,CBD,CBD
26,1976,2023,1,47,35,5,1,CBD,CBD
85,1978,2023,1,45,60,5,1,CBD,CBD
210,2013,2023,1,10,90,6,1,CBD,CBD
29,2003,2023,1,20,25,4,1,CBD,CBD
55,1973,2023,1,50,40,9,1,CBD,CBD
55,1973,2023,1,50,55,6,1,CBD,CBD
55,1998,2023,1,25,35,4,1,CBD,CBD
32,1978,2023,1,45,30,3,1,CBD,CBD
50,1981,2023,1,42,40,1,1,CBD,CBD
35,1983,2023,1,40,35,2,1,CBD,CBD
99,2000,2023,1,23,55,3,1,CBD,CBD
100,1997,2023,1,26,55,4,1,CBD,CBD
110,2016,2023,1,7,70,9,1,CBD,CBD
82,2006,2023,1,17,75,14,1,CBD,CBD
99,2005,2023,1,18,85,8,1,CBD,CBD
80,2005,2023,1,18,70,8,1,CBD,CBD
80,2005,2023,1,18,65,9,1,CBD,CBD
63,2006,2023,1,17,55,8,1,CBD,CBD
64,2014,2023,1,9,45,13,1,CBD,CBD
27,1980,2023,1,43,40,14,1,CBD,CBD
90,2006,2023,1,17,75,14,1,CBD,CBD
32,1982,2023,1,41,40,11,1,CBD,CBD
130,2007,2023,1,16,85,8,1,CBD,CBD
130,2015,2023,1,8,80,10,1,CBD,CBD
74,2014,2023,1,9,55,10,1,CBD,CBD
88,2006,2023,1,17,70,12,1,CBD,CBD
100,2015,2023,1,8,65,10,1,CBD,CBD
120,2007,2023,1,16,90,8,1,CBD,CBD
100,2005,2023,1,18,85,8,1,CBD,CBD
45,1981,2023,1,42,75,11,1,CBD,CBD
120,2015,2023,1,8,70,10,1,CBD,CBD
55,1983,2023,1,40,55,12,1,CBD,CBD
18,1977,2023,1,46,25,4,1,CBD,CBD
79,2014,2023,1,9,60,13,1,CBD,CBD
120,2015,2023,1,8,75,10,1,CBD,CBD
140,2015,2023,1,8,85,10,1,CBD,CBD
110,2015,2023,1,8,60,10,1,CBD,CBD
99,2006,2023,1,17,85,12,1,CBD,CBD
100,2015,2023,1,8,65,10,1,CBD,CBD
92,2006,2023,1,17,70,8,1,CBD,CBD
120,2007,2023,1,16,85,8,1,CBD,CBD
14,1980,2023,1,43,25,8,1,CBD,CBD
43,1982,2023,1,41,45,9,1,CBD,CBD
130,2006,2023,1,17,85,8,1,CBD,CBD
100,2007,2023,1,16,80,8,1,CBD,CBD
66,1999,2023,1,24,55,3,1,CBD,CBD
31,2008,2023,1,15,30,5,1,CBD,CBD
54,1983,2023,1,40,50,2,1,CBD,CBD
67,2005,2023,1,18,55,2,1,CBD,CBD
37,1999,2023,1,24,35,8,1,CBD,CBD
200,2014,2023,1,9,85,6,1,CBD,CBD
91,1999,2023,1,24,55,9,1,CBD,CBD
99,2004,2023,1,19,70,8,1,CBD,CBD
180,2014,2023,1,9,85,5,1,CBD,CBD
86,2014,2023,1,9,55,12,1,CBD,CBD
110,2002,2021,1,19,85,2,0,CBD,CBD
90,2003,2021,1,18,80,4,0,CBD,CBD
65,2007,2021,1,14,50,5,0,CBD,CBD
80,2007,2021,1,14,60,5,0,CBD,CBD
90,2005,2021,1,16,70,5,0,CBD,CBD
58,2011,2021,1,10,50,1,0,CBD,CBD
27,2003,2021,1,18,25,1,0,CBD,CBD
33,1998,2021,1,23,35,4,0,CBD,CBD
68,2008,2021,1,13,70,3,0,CBD,CBD
20,1978,2021,1,43,30,4,0,CBD,CBD
74,2012,2021,1,9,60,6,0,CBD,CBD
30,1988,2021,1,33,85,9,0,CBD,CBD
47,2012,2021,1,9,40,6,0,CBD,CBD
55,2004,2021,1,17,50,4,0,CBD,CBD
61,2015,2021,1,6,60,4,0,CBD,CBD
59,1995,2021,1,26,60,1,0,CBD,CBD
48,2013,2021,1,8,45,4,0,CBD,CBD
48,2000,2021,1,21,55,7,0,CBD,CBD
20,1984,2021,1,37,30,2,0,CBD,CBD
42,2005,2021,1,16,40,3,0,CBD,CBD
14,1981,2021,1,40,25,4,0,CBD,CBD
110,2008,2021,1,13,85,7,0,CBD,CBD
13,1981,2021,1,40,25,4,0,CBD,CBD
23,1982,2021,1,39,30,5,0,CBD,CBD
72,2014,2021,1,7,65,10,0,CBD,CBD
26,1981,2021,1,40,35,5,0,CBD,CBD
28,1978,2021,1,43,30,2,0,CBD,CBD
41,2008,2021,1,13,40,5,0,CBD,CBD
59,2001,2021,1,20,55,9,0,CBD,CBD
47,2013,2021,1,8,40,4,0,CBD,CBD
70,2010,2021,1,11,40,7,0,CBD,CBD
46,1977,2021,1,44,60,5,0,CBD,CBD
13,1986,2021,1,35,25,4,0,CBD,CBD
43,1981,2021,1,40,60,8,0,CBD,CBD
33,1979,2021,1,42,55,2,0,CBD,CBD
25,1980,2021,1,41,60,3,0,CBD,CBD
35,1994,2021,1,27,50,11,0,CBD,CBD
43,1999,2021,1,22,55,9,0,CBD,CBD
20,2001,2021,1,20,25,4,0,CBD,CBD
51,2014,2021,1,7,45,4,0,CBD,CBD
33,2014,2021,1,7,35,4,0,CBD,CBD
88,2013,2021,1,8,60,5,0,CBD,CBD
100,2013,2021,1,8,75,4,0,CBD,CBD
63,2013,2021,1,8,65,4,0,CBD,CBD
56,1985,2021,1,36,50,3,0,CBD,CBD
39,2015,2021,1,6,35,4,0,CBD,CBD
120,2015,2021,1,6,75,5,0,CBD,CBD
120,2015,2021,1,6,75,5,0,CBD,CBD
37,1998,2021,1,23,35,6,0,CBD,CBD
56,1998,2021,1,23,60,7,0,CBD,CBD
94,2015,2021,1,6,75,5,0,CBD,CBD
99,2015,2021,1,6,80,5,0,CBD,CBD
40,1976,2021,1,45,55,7,0,CBD,CBD
100,2015,2021,1,6,80,5,0,CBD,CBD
86,2015,2021,1,6,60,5,0,CBD,CBD
110,2015,2021,1,6,75,5,0,CBD,CBD
55,2015,2021,1,6,40,5,0,CBD,CBD
50,2003,2021,1,18,60,5,0,CBD,CBD
49,1998,2021,1,23,65,8,0,CBD,CBD
65,2012,2021,1,9,75,5,0,CBD,CBD
70,2001,2021,1,20,90,9,0,CBD,CBD
13,1981,2021,1,40,30,8,0,CBD,CBD
62,2003,2021,1,18,60,7,0,CBD,CBD
45,1985,2021,1,36,55,4,0,CBD,CBD
110,2016,2021,1,5,65,10,0,CBD,CBD
65,2012,2021,1,9,60,9,0,CBD,CBD
72,2016,2021,1,5,60,3,0,CBD,CBD
54,2011,2021,1,10,45,3,0,CBD,CBD
55,2011,2021,1,10,45,3,0,CBD,CBD
24,1978,2021,1,43,30,8,0,CBD,CBD
16,1980,2021,1,41,30,4,0,CBD,CBD
42,2003,2021,1,18,45,4,0,CBD,CBD
13,1981,2021,1,40,25,1,0,CBD,CBD
30,1989,2021,1,32,50,2,0,CBD,CBD
26,1982,2021,1,39,35,5,0,CBD,CBD
28,1998,2021,1,23,30,4,0,CBD,CBD
68,2002,2021,1,19,70,6,0,CBD,CBD
14,1992,2021,1,29,25,4,0,CBD,CBD
87,2014,2021,1,7,65,7,0,CBD,CBD
80,2014,2021,1,7,65,8,0,CBD,CBD
88,2016,2021,1,5,75,4,0,CBD,CBD
16,1984,2021,1,37,30,4,0,CBD,CBD
13,1987,2021,1,34,25,7,0,CBD,CBD
62,1988,2021,1,33,70,6,0,CBD,CBD
34,2011,2021,1,10,25,1,0,CBD,CBD
39,2008,2021,1,13,35,5,0,CBD,CBD
54,2007,2021,1,14,45,2,0,CBD,CBD
57,1999,2021,1,22,60,3,0,CBD,CBD
37,1978,2021,1,43,55,3,0,CBD,CBD
72,2015,2021,1,6,60,10,0,CBD,CBD
86,2015,2021,1,6,70,10,0,CBD,CBD
42,2008,2021,1,13,45,8,0,CBD,CBD
63,2002,2021,1,19,70,5,0,CBD,CBD
18,1977,2021,1,44,40,8,0,CBD,CBD
34,2004,2021,1,17,45,6,0,CBD,CBD
37,2003,2021,1,18,35,3,0,CBD,CBD
37,2004,2021,1,17,40,6,0,CBD,CBD
24,1972,2021,1,49,35,5,0,CBD,CBD
33,1979,2021,1,42,55,5,0,CBD,CBD
65,2012,2021,1,9,60,3,0,CBD,CBD
27,1984,2021,1,37,40,1,0,CBD,CBD
34,1977,2021,1,44,50,5,0,CBD,CBD
19,1974,2021,1,47,35,4,0,CBD,CBD
98,2014,2021,1,7,80,6,0,CBD,CBD
43,1984,2021,1,37,55,1,0,CBD,CBD
70,2014,2021,1,7,65,10,0,CBD,CBD
63,2001,2021,1,20,70,6,0,CBD,CBD
25,1981,2021,1,40,35,2,0,CBD,CBD
65,2004,2021,1,17,60,3,0,CBD,CBD
66,1981,2021,1,40,65,6,0,CBD,CBD
90,2016,2021,1,5,65,7,0,CBD,CBD
57,2009,2021,1,12,50,6,0,CBD,CBD
84,1997,2021,1,24,85,6,0,CBD,CBD
70,2012,2021,1,9,60,6,0,CBD,CBD
60,2015,2021,1,6,55,3,0,CBD,CBD
95,2007,2021,1,14,80,4,0,CBD,CBD
19,1978,2021,1,43,45,4,0,CBD,CBD
51,1998,2021,1,23,55,5,0,CBD,CBD
35,1980,2023,1,43,35,5,1,CBD,CBD
94,2012,2023,1,11,65,4,1,CBD,CBD
110,2003,2023,1,20,75,8,1,CBD,CBD
23,2003,2023,1,20,25,4,1,CBD,CBD
36,1977,2023,1,46,50,7,1,CBD,CBD
110,2012,2023,1,11,65,2,1,CBD,CBD
65,2012,2023,1,11,50,2,1,CBD,CBD
100,2007,2023,1,16,65,5,1,CBD,CBD
90,2007,2023,1,16,60,5,1,CBD,CBD
49,2008,2023,1,15,45,3,1,CBD,CBD
78,2001,2023,1,22,80,8,1,CBD,CBD
17,1988,2023,1,35,25,9,1,CBD,CBD
60,1996,2023,1,27,65,10,1,CBD,CBD
41,2004,2023,1,19,40,9,1,CBD,CBD
50,2015,2023,1,8,40,6,1,CBD,CBD
33,1978,2023,1,45,45,9,1,CBD,CBD
69,2015,2023,1,8,65,12,1,CBD,CBD
100,2012,2023,1,11,65,6,1,CBD,CBD
52,2013,2023,1,10,45,3,1,CBD,CBD
94,2012,2023,1,11,60,6,1,CBD,CBD
78,2004,2023,1,19,80,5,1,CBD,CBD
20,1978,2023,1,45,30,4,1,CBD,CBD
26,1978,2023,1,45,35,8,1,CBD,CBD
120,2005,2023,1,18,75,1,1,CBD,CBD
49,2004,2023,1,19,40,4,1,CBD,CBD
77,2004,2023,1,19,55,5,1,CBD,CBD
89,2015,2023,1,8,60,6,1,CBD,CBD
90,2013,2023,1,10,75,10,1,CBD,CBD
20,2002,2023,1,21,25,3,1,CBD,CBD
68,2001,2023,1,22,60,10,1,CBD,CBD
59,1994,2023,1,29,60,12,1,CBD,CBD
19,1980,2023,1,43,25,3,1,CBD,CBD
79,2000,2023,1,23,75,7,1,CBD,CBD
45,2008,2023,1,15,40,6,1,CBD,CBD
38,2006,2023,1,17,25,4,1,CBD,CBD
14,1980,2023,1,43,25,11,1,CBD,CBD
30,1977,2023,1,46,55,12,1,CBD,CBD
80,2008,2023,1,15,55,6,1,CBD,CBD
80,2013,2023,1,10,60,4,1,CBD,CBD
47,1983,2023,1,40,50,12,1,CBD,CBD
49,2008,2023,1,15,40,6,1,CBD,CBD
140,2005,2023,1,18,80,2,1,CBD,CBD
41,2001,2023,1,22,45,3,1,CBD,CBD
38,1981,2023,1,42,55,6,1,CBD,CBD
92,2005,2023,1,18,65,3,1,CBD,CBD
120,2006,2023,1,17,75,7,1,CBD,CBD
50,2001,2023,1,22,40,5,1,CBD,CBD
47,2008,2023,1,15,40,6,1,CBD,CBD
32,1977,2023,1,46,25,9,1,CBD,CBD
63,2008,2023,1,15,55,7,1,CBD,CBD
48,2008,2023,1,15,40,6,1,CBD,CBD
30,1978,2023,1,45,40,5,1,CBD,CBD
55,1985,2023,1,38,55,6,1,CBD,CBD
160,2017,2023,1,6,90,7,1,CBD,CBD
30,1985,2023,1,38,45,6,1,CBD,CBD
59,2001,2023,1,22,60,3,1,CBD,CBD
34,2015,2023,1,8,30,7,1,CBD,CBD
100,2017,2023,1,6,65,7,1,CBD,CBD
25,2003,2023,1,20,25,1,1,CBD,CBD
54,1983,2023,1,40,70,8,1,CBD,CBD
28,2008,2023,1,15,30,5,1,CBD,CBD
65,1999,2023,1,24,65,11,1,CBD,CBD
44,2017,2023,1,6,35,5,1,CBD,CBD
44,2017,2023,1,6,35,6,1,CBD,CBD
70,2015,2023,1,8,65,9,1,CBD,CBD
20,1980,2023,1,43,40,12,1,CBD,CBD
13,1981,2023,1,42,30,6,1,CBD,CBD
19,1994,2023,1,29,25,9,1,CBD,CBD
67,2002,2023,1,21,65,4,1,CBD,CBD
48,1995,2023,1,28,45,6,1,CBD,CBD
61,2002,2023,1,21,60,3,1,CBD,CBD
75,2013,2023,1,10,55,4,1,CBD,CBD
48,2015,2023,1,8,35,1,1,CBD,CBD
27,1983,2023,1,40,40,5,1,CBD,CBD
45,2012,2023,1,11,35,5,1,CBD,CBD
69,2013,2023,1,10,50,1,1,CBD,CBD
100,2018,2023,1,5,60,5,1,CBD,CBD
29,1982,2023,1,41,40,5,1,CBD,CBD
42,1998,2023,1,25,40,1,1,CBD,CBD
53,2010,2023,1,13,50,4,1,CBD,CBD
78,2003,2023,1,20,60,5,1,CBD,CBD
50,1980,2023,1,43,60,11,1,CBD,CBD
19,1983,2023,1,40,25,8,1,CBD,CBD
35,1979,2023,1,44,55,11,1,CBD,CBD
110,2015,2023,1,8,60,7,1,CBD,CBD
130,2015,2023,1,8,75,7,1,CBD,CBD
140,2015,2023,1,8,80,7,1,CBD,CBD
61,2012,2023,1,11,40,6,1,CBD,CBD
130,2015,2023,1,8,75,7,1,CBD,CBD
110,2015,2023,1,8,65,7,1,CBD,CBD
37,2014,2023,1,9,30,6,1,CBD,CBD
200,2015,2023,1,8,85,6,1,CBD,CBD
38,1980,2023,1,43,50,5,1,CBD,CBD
21,1984,2023,1,39,30,6,1,CBD,CBD
58,2013,2023,1,10,60,4,1,CBD,CBD
84,2001,2023,1,22,90,9,1,CBD,CBD
71,2012,2023,1,11,75,5,1,CBD,CBD
34,1973,2023,1,50,50,3,1,CBD,CBD
30,1994,2023,1,29,55,8,1,CBD,CBD
35,1994,2023,1,29,55,8,1,CBD,CBD
40,2006,2023,1,17,45,5,1,CBD,CBD
26,2005,2023,1,18,35,8,1,CBD,CBD
22,1990,2023,1,33,40,10,1,CBD,CBD
30,2008,2023,1,15,40,3,1,CBD,CBD
42,2014,2023,1,9,55,6,1,CBD,CBD
54,1998,2023,1,25,45,6,1,CBD,CBD
200,2016,2023,1,7,90,10,1,CBD,CBD
39,2003,2023,1,20,35,1,1,CBD,CBD
69,1983,2023,1,40,70,4,1,CBD,CBD
100,2015,2023,1,8,70,4,1,CBD,CBD
120,2015,2023,1,8,70,3,1,CBD,CBD
84,1998,2023,1,25,70,7,1,CBD,CBD
46,2013,2023,1,10,35,4,1,CBD,CBD
25,1978,2023,1,45,30,9,1,CBD,CBD
42,1980,2023,1,43,50,4,1,CBD,CBD
52,1980,2023,1,43,65,3,1,CBD,CBD
79,2001,2023,1,22,70,2,1,CBD,CBD
17,1980,2023,1,43,25,2,1,CBD,CBD
20,1989,2023,1,34,25,2,1,CBD,CBD
75,2004,2023,1,19,60,1,1,CBD,CBD
44,2002,2023,1,21,40,4,1,CBD,CBD
65,1979,2023,1,44,60,6,1,CBD,CBD
68,1997,2023,1,26,75,6,1,CBD,CBD
68,2011,2023,1,12,60,5,1,CBD,CBD
120,1997,2023,1,26,75,5,1,CBD,CBD
77,1988,2023,1,35,85,7,1,CBD,CBD
41,2004,2023,1,19,40,6,1,CBD,CBD
38,1980,2023,1,43,55,4,1,CBD,CBD
59,1988,2023,1,35,70,6,1,CBD,CBD
78,1988,2023,1,35,85,7,1,CBD,CBD
120,2004,2023,1,19,65,2,1,CBD,CBD
38,1998,2023,1,25,40,3,1,CBD,CBD
45,2007,2023,1,16,35,2,1,CBD,CBD
42,1999,2023,1,24,40,3,1,CBD,CBD
83,1997,2023,1,26,55,6,1,CBD,CBD
63,1995,2023,1,28,60,7,1,CBD,CBD
120,2017,2023,1,6,75,4,1,CBD,CBD
33,2018,2023,1,5,30,4,1,CBD,CBD
24,2011,2023,1,12,25,5,1,CBD,CBD
130,2017,2023,1,6,75,2,1,CBD,CBD
70,2008,2023,1,15,55,2,1,CBD,CBD
33,2006,2023,1,17,35,4,1,CBD,CBD
23,2008,2023,1,15,25,2,1,CBD,CBD
44,1983,2023,1,40,60,4,1,CBD,CBD
37,2004,2023,1,19,40,5,1,CBD,CBD
27,2016,2023,1,7,25,7,1,CBD,CBD
26,2007,2023,1,16,25,6,1,CBD,CBD
44,2017,2023,1,6,40,6,1,CBD,CBD
26,2013,2023,1,10,30,7,1,CBD,CBD
79,2011,2023,1,12,55,5,1,CBD,CBD
140,2004,2023,1,19,80,3,1,CBD,CBD
37,2003,2023,1,20,35,3,1,CBD,CBD
78,2015,2023,1,8,55,7,1,CBD,CBD
83,2015,2023,1,8,60,7,1,CBD,CBD
77,2015,2023,1,8,55,7,1,CBD,CBD
77,2009,2023,1,14,60,2,1,CBD,CBD
17,1978,2023,1,45,45,4,1,CBD,CBD
120,2018,2023,1,5,75,3,1,CBD,CBD
120,2018,2023,1,5,75,3,1,CBD,CBD
53,1977,2023,1,46,70,2,1,CBD,CBD
40,1977,2023,1,46,55,4,1,CBD,CBD
55,2009,2023,1,14,50,5,1,CBD,CBD
57,2011,2023,1,12,35,1,1,CBD,CBD
85,2003,2023,1,20,80,3,1,CBD,CBD
50,1979,2023,1,44,75,3,1,CBD,CBD
15,1979,2023,1,44,35,2,1,CBD,CBD
110,2011,2023,1,12,70,4,1,CBD,CBD
80,2000,2023,1,23,60,2,1,CBD,CBD
80,2015,2023,1,8,70,8,1,CBD,CBD
43,2017,2023,1,6,30,7,1,CBD,CBD
39,2010,2023,1,13,35,13,1,CBD,CBD
19,1974,2023,1,49,40,7,1,CBD,CBD
35,1991,2023,1,32,60,10,1,CBD,CBD
48,2014,2023,1,9,40,7,1,CBD,CBD
99,2003,2023,1,20,75,5,1,CBD,CBD
95,2004,2023,1,19,70,4,1,CBD,CBD
21,2004,2023,1,19,25,1,1,CBD,CBD
20,2004,2023,1,19,25,5,1,CBD,CBD
48,2004,2023,1,19,40,3,1,CBD,CBD
110,2012,2023,1,11,75,6,1,CBD,CBD
46,1978,2023,1,45,55,6,1,CBD,CBD
90,1997,2023,1,26,75,6,1,CBD,CBD
72,1997,2023,1,26,65,6,1,CBD,CBD
54,2012,2023,1,11,45,6,1,CBD,CBD
70,2000,2023,1,23,45,8,1,CBD,CBD
40,1983,2023,1,40,45,3,1,CBD,CBD
39,2011,2023,1,12,35,5,1,CBD,CBD
48,1992,2023,1,31,50,3,1,CBD,CBD
34,1999,2023,1,24,35,6,1,CBD,CBD
59,1986,2023,1,37,60,2,1,CBD,CBD
72,2011,2021,1,10,65,9,0,CBD,CBD
25,1976,2021,1,45,35,9,0,CBD,CBD
72,1973,2021,1,48,85,7,0,CBD,CBD
100,2003,2021,1,18,80,1,0,CBD,CBD
68,2012,2021,1,9,55,1,0,CBD,CBD
72,2004,2021,1,17,60,4,0,CBD,CBD
60,2005,2021,1,16,55,9,0,CBD,CBD
78,2012,2021,1,9,75,8,0,CBD,CBD
73,2005,2021,1,16,60,4,0,CBD,CBD
50,1983,2021,1,38,65,10,0,CBD,CBD
70,2011,2021,1,10,65,6,0,CBD,CBD
40,1981,2021,1,40,45,5,0,CBD,CBD
80,1973,2021,1,48,85,7,0,CBD,CBD
88,2016,2021,1,5,75,11,0,CBD,CBD
49,1983,2021,1,38,65,10,0,CBD,CBD
45,1991,2021,1,30,60,8,0,CBD,CBD
44,2012,2021,1,9,35,5,0,CBD,CBD
110,2015,2021,1,6,70,7,0,CBD,CBD
50,2003,2021,1,18,60,11,0,CBD,CBD
24,1972,2021,1,49,60,11,0,CBD,CBD
35,1973,2021,1,48,55,7,0,CBD,CBD
23,2007,2021,1,14,25,1,0,CBD,CBD
82,1997,2021,1,24,85,8,0,CBD,CBD
42,1974,2021,1,47,60,1,0,CBD,CBD
65,1983,2021,1,38,75,2,0,CBD,CBD
62,2010,2021,1,11,60,5,0,CBD,CBD
58,1980,2021,1,41,75,1,0,CBD,CBD
80,2001,2021,1,20,85,7,0,CBD,CBD
33,2004,2021,1,17,40,4,0,CBD,CBD
53,1999,2021,1,22,60,8,0,CBD,CBD
43,2004,2021,1,17,45,1,0,CBD,CBD
110,2015,2021,1,6,75,9,0,CBD,CBD
110,2015,2021,1,6,75,9,0,CBD,CBD
21,2003,2021,1,18,25,3,0,CBD,CBD
56,1999,2021,1,22,55,8,0,CBD,CBD
23,1977,2021,1,44,35,5,0,CBD,CBD
60,1997,2021,1,24,60,3,0,CBD,CBD
46,1983,2021,1,38,50,1,0,CBD,CBD
29,2015,2021,1,6,35,8,0,CBD,CBD
33,1982,2021,1,39,80,1,0,CBD,CBD
14,1979,2021,1,42,30,2,0,CBD,CBD
18,1998,2021,1,23,25,6,0,CBD,CBD
74,1987,2021,1,34,90,5,0,CBD,CBD
70,2002,2021,1,19,65,2,0,CBD,CBD
60,2003,2021,1,18,60,1,0,CBD,CBD
72,2016,2021,1,5,60,1,0,CBD,CBD
31,2004,2021,1,17,40,2,0,CBD,CBD
39,2004,2021,1,17,45,2,0,CBD,CBD
120,2008,2021,1,13,90,2,0,CBD,CBD
79,2009,2021,1,12,80,1,0,CBD,CBD
50,2009,2021,1,12,50,1,0,CBD,CBD
25,1977,2021,1,44,35,7,0,CBD,CBD
20,2003,2021,1,18,25,10,0,CBD,CBD
62,1998,2021,1,23,70,5,0,CBD,CBD
33,1984,2021,1,37,50,3,0,CBD,CBD
55,1995,2021,1,26,65,5,0,CBD,CBD
12,1983,2021,1,38,25,3,0,CBD,CBD
58,1987,2021,1,34,75,1,0,CBD,CBD
55,1985,2021,1,36,70,3,0,CBD,CBD
23,1998,2021,1,23,35,6,0,CBD,CBD
37,1985,2021,1,36,35,3,0,CBD,CBD
13,1978,2021,1,43,25,5,0,CBD,CBD
93,2004,2021,1,17,75,5,0,CBD,CBD
58,2009,2021,1,12,45,1,0,CBD,CBD
40,2009,2021,1,12,40,1,0,CBD,CBD
25,2011,2021,1,10,30,5,0,CBD,CBD
65,2001,2021,1,20,60,3,0,CBD,CBD
34,2009,2021,1,12,35,5,0,CBD,CBD
40,1993,2021,1,28,60,5,0,CBD,CBD
71,2000,2021,1,21,70,5,0,CBD,CBD
35,1993,2021,1,28,50,7,0,CBD,CBD
68,2006,2021,1,15,60,7,0,CBD,CBD
50,2011,2021,1,10,45,5,0,CBD,CBD
49,2011,2021,1,10,45,7,0,CBD,CBD
29,1977,2021,1,44,35,7,0,CBD,CBD
43,1980,2021,1,41,60,12,0,CBD,CBD
39,2010,2021,1,11,40,7,0,CBD,CBD
38,2010,2021,1,11,40,7,0,CBD,CBD
39,2015,2021,1,6,45,4,0,CBD,CBD
63,2009,2021,1,12,60,8,0,CBD,CBD
53,2010,2021,1,11,55,7,0,CBD,CBD
23,1974,2021,1,47,40,8,0,CBD,CBD
45,1979,2021,1,42,70,4,0,CBD,CBD
120,2008,2021,1,13,80,5,0,CBD,CBD
84,1999,2021,1,22,85,2,0,CBD,CBD
56,1995,2021,1,26,60,7,0,CBD,CBD
46,2013,2021,1,8,45,3,0,CBD,CBD
94,2014,2021,1,7,70,4,0,CBD,CBD
52,2009,2021,1,12,50,6,0,CBD,CBD
71,2003,2021,1,18,65,9,0,CBD,CBD
78,1999,2021,1,22,70,5,0,CBD,CBD
55,2000,2021,1,21,60,3,0,CBD,CBD
73,2011,2021,1,10,55,3,0,CBD,CBD
62,1976,2021,1,45,80,6,0,CBD,CBD
46,2013,2021,1,8,45,3,0,CBD,CBD
74,2012,2021,1,9,60,3,0,CBD,CBD
45,1982,2021,1,39,60,6,0,CBD,CBD
58,2003,2021,1,18,55,5,0,CBD,CBD
54,2000,2021,1,21,60,3,0,CBD,CBD
45,2013,2021,1,8,45,6,0,CBD,CBD
95,2003,2021,1,18,90,1,0,CBD,CBD
93,2010,2021,1,11,70,4,0,CBD,CBD
76,2001,2021,1,20,80,2,0,CBD,CBD
83,2001,2021,1,20,75,4,0,CBD,CBD
25,2009,2021,1,12,25,5,0,CBD,CBD
39,2010,2021,1,11,35,3,0,CBD,CBD
13,1973,2021,1,48,30,2,0,CBD,CBD
34,1973,2021,1,48,50,3,0,CBD,CBD
38,2010,2021,1,11,35,3,0,CBD,CBD
75,2014,2021,1,7,55,6,0,CBD,CBD
88,2009,2023,1,14,70,3,1,CBD,CBD
41,1984,2023,1,39,45,5,1,CBD,CBD
68,2005,2023,1,18,55,4,1,CBD,CBD
42,1981,2023,1,42,55,5,1,CBD,CBD
75,1992,2023,1,31,90,3,1,CBD,CBD
28,2003,2023,1,20,30,3,1,CBD,CBD
50,1999,2023,1,24,50,8,1,CBD,CBD
40,1983,2023,1,40,45,9,1,CBD,CBD
20,1981,2023,1,42,35,9,1,CBD,CBD
89,2014,2023,1,9,75,8,1,CBD,CBD
99,2013,2023,1,10,75,6,1,CBD,CBD
56,2018,2023,1,5,55,7,1,CBD,CBD
33,1990,2023,1,33,40,2,1,CBD,CBD
51,2012,2023,1,11,45,11,1,CBD,CBD
74,2005,2023,1,18,60,5,1,CBD,CBD
120,2001,2023,1,22,85,4,1,CBD,CBD
74,2010,2023,1,13,60,2,1,CBD,CBD
69,2004,2023,1,19,60,6,1,CBD,CBD
50,1996,2023,1,27,55,9,1,CBD,CBD
67,2004,2023,1,19,70,4,1,CBD,CBD
56,2010,2023,1,13,50,9,1,CBD,CBD
84,2016,2023,1,7,70,12,1,CBD,CBD
57,2005,2023,1,18,55,10,1,CBD,CBD
30,1983,2023,1,40,40,10,1,CBD,CBD
18,1987,2023,1,36,30,2,1,CBD,CBD
67,1996,2023,1,27,60,6,1,CBD,CBD
57,1987,2023,1,36,55,2,1,CBD,CBD
50,1997,2023,1,26,60,11,1,CBD,CBD
55,2007,2023,1,16,50,9,1,CBD,CBD
74,2008,2023,1,15,60,3,1,CBD,CBD
44,1998,2023,1,25,45,5,1,CBD,CBD
74,1992,2023,1,31,70,2,1,CBD,CBD
96,2013,2023,1,10,75,9,1,CBD,CBD
37,1979,2023,1,44,50,12,1,CBD,CBD
28,2005,2023,1,18,30,10,1,CBD,CBD
100,2017,2023,1,6,70,3,1,CBD,CBD
65,2006,2023,1,17,60,9,1,CBD,CBD
65,2014,2023,1,9,75,5,1,CBD,CBD
28,1981,2023,1,42,50,9,1,CBD,CBD
32,2018,2023,1,5,25,2,1,CBD,CBD
24,1995,2023,1,28,30,10,1,CBD,CBD
70,2010,2023,1,13,55,2,1,CBD,CBD
85,2010,2023,1,13,60,6,1,CBD,CBD
90,2018,2023,1,5,60,2,1,CBD,CBD
19,1982,2023,1,41,30,7,1,CBD,CBD
53,2000,2023,1,23,55,3,1,CBD,CBD
37,1982,2023,1,41,45,6,1,CBD,CBD
80,2005,2023,1,18,65,4,1,CBD,CBD
60,1996,2023,1,27,60,4,1,CBD,CBD
48,2014,2023,1,9,45,6,1,CBD,CBD
61,1979,2023,1,44,75,12,1,CBD,CBD
63,2012,2023,1,11,65,10,1,CBD,CBD
67,1999,2023,1,24,50,6,1,CBD,CBD
19,2003,2023,1,20,25,10,1,CBD,CBD
90,2013,2023,1,10,70,3,1,CBD,CBD
55,1995,2023,1,28,60,5,1,CBD,CBD
140,2011,2023,1,12,80,1,1,CBD,CBD
48,2018,2023,1,5,45,8,1,CBD,CBD
97,2018,2023,1,5,75,8,1,CBD,CBD
42,2010,2023,1,13,35,5,1,CBD,CBD
110,2013,2023,1,10,70,8,1,CBD,CBD
95,2002,2023,1,21,85,5,1,CBD,CBD
30,1976,2023,1,47,60,7,1,CBD,CBD
64,2012,2023,1,11,50,2,1,CBD,CBD
54,2012,2023,1,11,45,2,1,CBD,CBD
23,1983,2023,1,40,35,4,1,CBD,CBD
16,1991,2023,1,32,25,5,1,CBD,CBD
64,2012,2023,1,11,50,3,1,CBD,CBD
13,1978,2023,1,45,25,5,1,CBD,CBD
18,1986,2023,1,37,25,5,1,CBD,CBD
88,2004,2023,1,19,70,2,1,CBD,CBD
66,1985,2023,1,38,70,3,1,CBD,CBD
45,1983,2023,1,40,50,5,1,CBD,CBD
88,2004,2023,1,19,70,6,1,CBD,CBD
44,2009,2023,1,14,40,1,1,CBD,CBD
43,2009,2023,1,14,35,5,1,CBD,CBD
65,2000,2023,1,23,70,5,1,CBD,CBD
48,1984,2023,1,39,60,6,1,CBD,CBD
20,2005,2023,1,18,25,5,1,CBD,CBD
110,2002,2023,1,21,75,9,1,CBD,CBD
65,1993,2023,1,30,55,6,1,CBD,CBD
80,2000,2023,1,23,75,5,1,CBD,CBD
47,1998,2023,1,25,35,3,1,CBD,CBD
30,1983,2023,1,40,40,9,1,CBD,CBD
72,1999,2023,1,24,65,8,1,CBD,CBD
63,1978,2023,1,45,65,10,1,CBD,CBD
91,2016,2023,1,7,75,5,1,CBD,CBD
28,1991,2023,1,32,35,3,1,CBD,CBD
110,2005,2023,1,18,75,10,1,CBD,CBD
30,2016,2023,1,7,25,5,1,CBD,CBD
70,1997,2023,1,26,70,5,1,CBD,CBD
61,2016,2023,1,7,50,5,1,CBD,CBD
77,2016,2023,1,7,55,5,1,CBD,CBD
38,1979,2023,1,44,70,4,1,CBD,CBD
83,2011,2023,1,12,60,3,1,CBD,CBD
20,1987,2023,1,36,25,6,1,CBD,CBD
79,1997,2023,1,26,65,4,1,CBD,CBD
26,1979,2023,1,44,35,6,1,CBD,CBD
120,2015,2023,1,8,75,5,1,CBD,CBD
84,2017,2023,1,6,60,7,1,CBD,CBD
80,2014,2023,1,9,55,3,1,CBD,CBD
45,2008,2023,1,15,35,1,1,CBD,CBD
96,2010,2023,1,13,65,2,1,CBD,CBD
40,1979,2023,1,44,50,6,1,CBD,CBD
42,2013,2023,1,10,35,5,1,CBD,CBD
52,2011,2023,1,12,40,2,1,CBD,CBD
75,1997,2023,1,26,65,4,1,CBD,CBD
130,2013,2023,1,10,70,9,1,CBD,CBD
130,2013,2023,1,10,70,5,1,CBD,CBD
34,1998,2023,1,25,30,7,1,CBD,CBD
98,1999,2023,1,24,65,9,1,CBD,CBD
65,1995,2023,1,28,60,2,1,CBD,CBD
39,1999,2023,1,24,45,3,1,CBD,CBD
45,1983,2023,1,40,40,5,1,CBD,CBD
57,2001,2023,1,22,60,7,1,CBD,CBD
65,2018,2023,1,5,45,4,1,CBD,CBD
89,2018,2023,1,5,60,7,1,CBD,CBD
130,2014,2023,1,9,70,5,1,CBD,CBD
78,2003,2023,1,20,50,6,1,CBD,CBD
59,2018,2023,1,5,40,4,1,CBD,CBD
82,2014,2023,1,9,55,6,1,CBD,CBD
62,2018,2023,1,5,45,4,1,CBD,CBD
52,2001,2021,1,20,70,5,0,台東区,East
20,1983,2021,1,38,30,3,0,台東区,East
60,2001,2021,1,20,70,5,0,台東区,East
18,1983,2021,1,38,25,1,0,台東区,East
37,2013,2021,1,8,50,8,0,台東区,East
42,2013,2021,1,8,55,9,0,台東区,East
22,2008,2021,1,13,35,10,0,台東区,East
20,2009,2021,1,12,30,8,0,台東区,East
57,2016,2021,1,5,55,6,0,台東区,East
57,2012,2021,1,9,60,4,0,台東区,East
70,2008,2021,1,13,65,8,0,台東区,East
27,1985,2021,1,36,30,1,0,台東区,East
78,2008,2021,1,13,70,8,0,台東区,East
42,1995,2021,1,26,60,4,0,台東区,East
27,2009,2021,1,12,45,9,0,台東区,East
72,2016,2021,1,5,80,7,0,台東区,East
25,1983,2021,1,38,50,4,0,台東区,East
23,2007,2021,1,14,30,6,0,台東区,East
69,1998,2021,1,23,90,2,0,台東区,East
55,2013,2021,1,8,60,5,0,台東区,East
30,1999,2021,1,22,35,3,0,台東区,East
67,2014,2021,1,7,70,5,0,台東区,East
29,2010,2021,1,11,30,6,0,台東区,East
49,2003,2021,1,18,70,5,0,台東区,East
54,2014,2021,1,7,70,6,0,台東区,East
45,2004,2021,1,17,75,3,0,台東区,East
53,2003,2021,1,18,85,5,0,台東区,East
22,1980,2021,1,41,45,4,0,台東区,East
40,2016,2021,1,5,45,4,0,台東区,East
20,2009,2021,1,12,30,3,0,台東区,East
66,2003,2021,1,18,75,4,0,台東区,East
37,2004,2021,1,17,40,6,0,台東区,East
59,2001,2021,1,20,70,3,0,台東区,East
21,2012,2021,1,9,30,9,0,台東区,East
25,1983,2021,1,38,50,12,0,台東区,East
44,1999,2021,1,22,60,10,0,台東区,East
60,2011,2021,1,10,65,5,0,台東区,East
42,1999,2021,1,22,55,1,0,台東区,East
18,2011,2021,1,10,30,15,0,台東区,East
21,1978,2021,1,43,40,7,0,台東区,East
18,2000,2021,1,21,25,1,0,台東区,East
56,2012,2021,1,9,60,1,0,台東区,East
38,2006,2021,1,15,40,1,0,台東区,East
70,2000,2021,1,21,60,2,0,台東区,East
87,2016,2021,1,5,80,6,0,台東区,East
74,2016,2021,1,5,75,6,0,台東区,East
63,2000,2021,1,21,70,5,0,台東区,East
37,2016,2021,1,5,35,4,0,台東区,East
19,2011,2021,1,10,30,5,0,台東区,East
45,2010,2021,1,11,55,4,0,台東区,East
84,2010,2021,1,11,65,7,0,台東区,East
50,2010,2021,1,11,45,7,0,台東区,East
78,2013,2021,1,8,60,5,0,台東区,East
83,2010,2021,1,11,65,7,0,台東区,East
73,2012,2021,1,9,60,6,0,台東区,East
98,2010,2021,1,11,70,7,0,台東区,East
26,1997,2021,1,24,45,4,0,台東区,East
38,1997,2021,1,24,60,4,0,台東区,East
55,2016,2021,1,5,50,6,0,台東区,East
45,1995,2021,1,26,45,3,0,台東区,East
79,2016,2021,1,5,70,3,0,台東区,East
36,2016,2021,1,5,40,5,0,台東区,East
25,1982,2021,1,39,45,2,0,台東区,East
31,2003,2021,1,18,45,2,0,台東区,East
48,2004,2021,1,17,70,3,0,台東区,East
44,2011,2021,1,10,45,1,0,台東区,East
50,2002,2021,1,19,65,2,0,台東区,East
59,2014,2021,1,7,70,5,0,台東区,East
69,2002,2021,1,19,65,4,0,台東区,East
39,2014,2021,1,7,40,3,0,台東区,East
56,2000,2023,1,23,60,5,1,台東区,East
32,2006,2023,1,17,30,2,1,台東区,East
70,2001,2023,1,22,75,3,1,台東区,East
82,2006,2023,1,17,65,1,1,台東区,East
32,2005,2023,1,18,35,4,1,台東区,East
44,2011,2023,1,12,45,5,1,台東区,East
38,1985,2023,1,38,50,2,1,台東区,East
55,2004,2023,1,19,65,9,1,台東区,East
15,1984,2023,1,39,35,9,1,台東区,East
36,1995,2023,1,28,55,10,1,台東区,East
38,2013,2023,1,10,45,5,1,台東区,East
24,2008,2023,1,15,35,10,1,台東区,East
60,2014,2023,1,9,65,9,1,台東区,East
35,2007,2023,1,16,30,5,1,台東区,East
55,2003,2023,1,20,60,4,1,台東区,East
40,1995,2023,1,28,45,3,1,台東区,East
64,2016,2023,1,7,55,6,1,台東区,East
77,2014,2023,1,9,65,7,1,台東区,East
57,1995,2023,1,28,65,3,1,台東区,East
36,2017,2023,1,6,30,4,1,台東区,East
65,2007,2023,1,16,75,6,1,台東区,East
68,2016,2023,1,7,75,6,1,台東区,East
23,1975,2023,1,48,50,6,1,台東区,East
59,2012,2023,1,11,50,4,1,台東区,East
45,2012,2023,1,11,45,5,1,台東区,East
35,2012,2023,1,11,35,4,1,台東区,East
13,1982,2023,1,41,25,4,1,台東区,East
75,2016,2023,1,7,75,4,1,台東区,East
44,2004,2023,1,19,55,6,1,台東区,East
39,2017,2023,1,6,30,4,1,台東区,East
70,2007,2023,1,16,80,6,1,台東区,East
33,2017,2023,1,6,40,14,1,台東区,East
67,2018,2023,1,5,55,5,1,台東区,East
77,2016,2023,1,7,65,5,1,台東区,East
64,2017,2023,1,6,55,8,1,台東区,East
49,2017,2023,1,6,45,5,1,台東区,East
34,2018,2023,1,5,35,4,1,台東区,East
58,2012,2023,1,11,70,6,1,台東区,East
53,2014,2023,1,9,65,7,1,台東区,East
47,2011,2023,1,12,55,6,1,台東区,East
35,2009,2023,1,14,40,7,1,台東区,East
42,2002,2023,1,21,55,3,1,台東区,East
40,2017,2023,1,6,45,7,1,台東区,East
57,2003,2023,1,20,80,6,1,台東区,East
31,2009,2023,1,14,35,6,1,台東区,East
37,2009,2023,1,14,35,3,1,台東区,East
77,2012,2023,1,11,65,3,1,台東区,East
55,2016,2023,1,7,55,4,1,台東区,East
30,1981,2023,1,42,50,12,1,台東区,East
52,2005,2023,1,18,70,7,1,台東区,East
21,1991,2023,1,32,35,13,1,台東区,East
37,1991,2023,1,32,65,7,1,台東区,East
51,2011,2023,1,12,55,7,1,台東区,East
68,1999,2023,1,24,65,1,1,台東区,East
49,1999,2023,1,24,55,1,1,台東区,East
22,2008,2023,1,15,30,3,1,台東区,East
44,1987,2023,1,36,70,2,1,台東区,East
56,1999,2023,1,24,55,10,1,台東区,East
63,2012,2023,1,11,60,1,1,台東区,East
47,2011,2023,1,12,45,4,1,台東区,East
92,2015,2023,1,8,65,1,1,台東区,East
33,2008,2023,1,15,30,4,1,台東区,East
58,2000,2023,1,23,65,3,1,台東区,East
50,2011,2023,1,12,45,5,1,台東区,East
62,2005,2023,1,18,70,7,1,台東区,East
66,2012,2023,1,11,60,9,1,台東区,East
13,1985,2023,1,38,30,7,1,台東区,East
91,2016,2023,1,7,75,7,1,台東区,East
28,2007,2023,1,16,45,7,1,台東区,East
71,2001,2023,1,22,80,3,1,台東区,East
43,2010,2023,1,13,45,5,1,台東区,East
44,2016,2023,1,7,45,6,1,台東区,East
27,2015,2023,1,8,30,3,1,台東区,East
61,2000,2023,1,23,70,5,1,台東区,East
42,2009,2023,1,14,40,3,1,台東区,East
58,2004,2023,1,19,65,7,1,台東区,East
37,2016,2023,1,7,35,4,1,台東区,East
42,2009,2023,1,14,40,5,1,台東区,East
70,2013,2023,1,10,60,6,1,台東区,East
26,2016,2023,1,7,30,4,1,台東区,East
24,2009,2023,1,14,25,3,1,台東区,East
23,2009,2023,1,14,30,3,1,台東区,East
54,1978,2023,1,45,65,5,1,台東区,East
120,2010,2023,1,13,70,7,1,台東区,East
32,2003,2023,1,20,30,6,1,台東区,East
34,1982,2023,1,41,55,1,1,台東区,East
38,2012,2023,1,11,45,5,1,台東区,East
63,2013,2023,1,10,65,3,1,台東区,East
38,1982,2023,1,41,55,1,1,台東区,East
35,1982,2023,1,41,65,1,1,台東区,East
95,2002,2023,1,21,80,8,1,台東区,East
120,2002,2023,1,21,80,7,1,台東区,East
75,1999,2023,1,24,75,4,1,台東区,East
90,2002,2023,1,21,80,2,1,台東区,East
86,2002,2023,1,21,70,2,1,台東区,East
35,1982,2023,1,41,40,2,1,台東区,East
19,2008,2023,1,15,30,6,1,台東区,East
48,1989,2023,1,34,65,3,1,台東区,East
50,2017,2023,1,6,45,2,1,台東区,East
60,2017,2023,1,6,70,3,1,台東区,East
34,2000,2023,1,23,35,3,1,台東区,East
33,1980,2023,1,43,50,3,1,台東区,East
25,2002,2023,1,21,30,1,1,台東区,East
12,1984,2023,1,39,25,5,1,台東区,East
32,1983,2023,1,40,45,4,1,台東区,East
65,2001,2023,1,22,70,1,1,台東区,East
22,1976,2023,1,47,65,5,1,台東区,East
100,2012,2023,1,11,85,3,1,台東区,East
110,2012,2023,1,11,80,3,1,台東区,East
78,2012,2023,1,11,75,4,1,台東区,East
42,2008,2023,1,15,40,3,1,台東区,East
38,2000,2023,1,23,45,10,1,台東区,East
82,2012,2023,1,11,70,3,1,台東区,East
48,1999,2023,1,24,55,4,1,台東区,East
65,2003,2021,1,18,70,9,0,墨田区,East
58,2011,2021,1,10,60,7,0,墨田区,East
60,2015,2021,1,6,65,8,0,墨田区,East
60,2005,2021,1,16,65,8,0,墨田区,East
45,2008,2021,1,13,55,1,0,墨田区,East
60,2002,2021,1,19,75,6,0,墨田区,East
40,1980,2021,1,41,70,3,0,墨田区,East
51,1999,2021,1,22,80,6,0,墨田区,East
43,1995,2021,1,26,65,8,0,墨田区,East
45,1999,2021,1,22,75,6,0,墨田区,East
55,2000,2021,1,21,65,5,0,墨田区,East
21,1984,2021,1,37,35,9,0,墨田区,East
14,1978,2021,1,43,30,4,0,墨田区,East
39,1987,2021,1,34,70,9,0,墨田区,East
23,2014,2021,1,7,25,4,0,墨田区,East
30,1996,2021,1,25,65,2,0,墨田区,East
16,1987,2021,1,34,35,8,0,墨田区,East
45,1994,2021,1,27,70,8,0,墨田区,East
53,2012,2021,1,9,55,5,0,墨田区,East
36,1979,2021,1,42,60,8,0,墨田区,East
60,2011,2021,1,10,55,6,0,墨田区,East
64,2000,2021,1,21,75,8,0,墨田区,East
26,2010,2021,1,11,35,2,0,墨田区,East
23,2013,2021,1,8,30,5,0,墨田区,East
36,1972,2021,1,49,55,6,0,墨田区,East
32,2011,2021,1,10,40,9,0,墨田区,East
63,2016,2021,1,5,65,12,0,墨田区,East
67,2011,2021,1,10,70,7,0,墨田区,East
34,2009,2021,1,12,45,6,0,墨田区,East
58,1999,2021,1,22,70,8,0,墨田区,East
36,2013,2021,1,8,55,6,0,墨田区,East
22,2012,2021,1,9,30,9,0,墨田区,East
63,2013,2021,1,8,65,9,0,墨田区,East
31,1996,2021,1,25,50,6,0,墨田区,East
55,1999,2021,1,22,70,8,0,墨田区,East
63,2003,2021,1,18,70,7,0,墨田区,East
17,1972,2021,1,49,35,2,0,墨田区,East
54,2009,2021,1,12,70,10,0,墨田区,East
60,2012,2021,1,9,65,8,0,墨田区,East
68,2009,2021,1,12,75,10,0,墨田区,East
31,1989,2021,1,32,55,8,0,墨田区,East
12,1991,2021,1,30,25,8,0,墨田区,East
40,1989,2021,1,32,55,8,0,墨田区,East
31,2004,2021,1,17,40,1,0,墨田区,East
40,2002,2021,1,19,55,2,0,墨田区,East
27,1978,2021,1,43,45,4,0,墨田区,East
43,1987,2021,1,34,65,3,0,墨田区,East
16,1981,2021,1,40,40,5,0,墨田区,East
38,1980,2021,1,41,55,3,0,墨田区,East
35,1997,2021,1,24,50,4,0,墨田区,East
28,1997,2021,1,24,70,8,0,墨田区,East
42,2008,2021,1,13,65,11,0,墨田区,East
37,1990,2021,1,31,45,7,0,墨田区,East
43,2004,2021,1,17,65,3,0,墨田区,East
52,2014,2021,1,7,60,5,0,墨田区,East
48,1990,2021,1,31,60,3,0,墨田区,East
33,2006,2021,1,15,55,6,0,墨田区,East
44,1997,2021,1,24,70,5,0,墨田区,East
63,1997,2021,1,24,85,5,0,墨田区,East
25,1982,2021,1,39,65,5,0,墨田区,East
43,2006,2021,1,15,80,10,0,墨田区,East
40,2006,2021,1,15,75,10,0,墨田区,East
31,1996,2021,1,25,65,9,0,墨田区,East
12,1973,2021,1,48,30,3,0,墨田区,East
34,2015,2021,1,6,45,3,0,墨田区,East
9.8,1979,2021,1,42,40,2,0,墨田区,East
31,1997,2021,1,24,65,2,0,墨田区,East
15,1980,2021,1,41,45,4,0,墨田区,East
46,2000,2021,1,21,75,5,0,墨田区,East
17,2008,2021,1,13,25,2,0,墨田区,East
29,2011,2021,1,10,40,5,0,墨田区,East
39,2003,2021,1,18,65,8,0,墨田区,East
26,1991,2021,1,30,50,2,0,墨田区,East
48,2007,2021,1,14,85,2,0,墨田区,East
39,2016,2021,1,5,45,11,0,墨田区,East
44,2003,2021,1,18,80,2,0,墨田区,East
37,2000,2021,1,21,65,14,0,墨田区,East
35,2000,2021,1,21,65,14,0,墨田区,East
60,2004,2021,1,17,85,5,0,墨田区,East
45,2006,2021,1,15,55,9,0,墨田区,East
38,2005,2021,1,16,55,9,0,墨田区,East
35,1992,2021,1,29,55,7,0,墨田区,East
15,1982,2021,1,39,50,8,0,墨田区,East
22,1980,2021,1,41,55,11,0,墨田区,East
57,2015,2021,1,6,65,11,0,墨田区,East
63,2014,2021,1,7,65,6,0,墨田区,East
12,1973,2021,1,48,25,10,0,墨田区,East
37,2000,2021,1,21,65,5,0,墨田区,East
14,2007,2021,1,14,25,9,0,墨田区,East
35,1997,2021,1,24,65,6,0,墨田区,East
15,1981,2021,1,40,55,12,0,墨田区,East
36,2000,2021,1,21,65,5,0,墨田区,East
42,2014,2021,1,7,70,7,0,墨田区,East
40,1999,2021,1,22,65,4,0,墨田区,East
18,2006,2021,1,15,25,6,0,墨田区,East
53,2001,2021,1,20,60,5,0,墨田区,East
70,2012,2023,1,11,70,1,1,墨田区,East
65,2015,2023,1,8,65,7,1,墨田区,East
27,1981,2023,1,42,45,12,1,墨田区,East
31,1980,2023,1,43,60,6,1,墨田区,East
48,2008,2023,1,15,55,9,1,墨田区,East
63,2003,2023,1,20,80,2,1,墨田区,East
55,2008,2023,1,15,60,8,1,墨田区,East
46,2012,2023,1,11,55,4,1,墨田区,East
50,2008,2023,1,15,55,2,1,墨田区,East
100,2015,2023,1,8,75,3,1,墨田区,East
58,2015,2023,1,8,60,3,1,墨田区,East
70,2014,2023,1,9,70,3,1,墨田区,East
65,2014,2023,1,9,70,3,1,墨田区,East
93,2012,2023,1,11,70,4,1,墨田区,East
16,1978,2023,1,45,40,5,1,墨田区,East
23,1979,2023,1,44,35,7,1,墨田区,East
64,2012,2023,1,11,60,4,1,墨田区,East
110,2008,2023,1,15,75,5,1,墨田区,East
34,2014,2023,1,9,35,9,1,墨田区,East
43,2002,2023,1,21,80,7,1,墨田区,East
38,2004,2023,1,19,70,6,1,墨田区,East
51,2006,2023,1,17,80,3,1,墨田区,East
62,2017,2023,1,6,75,4,1,墨田区,East
38,2001,2023,1,22,75,7,1,墨田区,East
41,2002,2023,1,21,65,6,1,墨田区,East
30,1989,2023,1,34,45,10,1,墨田区,East
56,1996,2023,1,27,60,7,1,墨田区,East
56,2005,2023,1,18,60,8,1,墨田区,East
43,1982,2023,1,41,60,12,1,墨田区,East
92,2006,2023,1,17,65,4,1,墨田区,East
27,1987,2023,1,36,35,7,1,墨田区,East
120,2006,2023,1,17,90,3,1,墨田区,East
11,1978,2023,1,45,35,8,1,墨田区,East
39,1993,2023,1,30,55,6,1,墨田区,East
8,1978,2023,1,45,35,11,1,墨田区,East
29,2010,2023,1,13,35,2,1,墨田区,East
59,1998,2023,1,25,60,2,1,墨田区,East
33,2010,2023,1,13,35,2,1,墨田区,East
65,2004,2023,1,19,70,1,1,墨田区,East
46,2018,2023,1,5,40,8,1,墨田区,East
39,2013,2023,1,10,55,6,1,墨田区,East
50,2016,2023,1,7,60,9,1,墨田区,East
53,2017,2023,1,6,60,8,1,墨田区,East
47,2009,2023,1,14,55,6,1,墨田区,East
50,2011,2023,1,12,55,9,1,墨田区,East
55,2017,2023,1,6,60,8,1,墨田区,East
55,2012,2023,1,11,60,8,1,墨田区,East
39,1997,2023,1,26,60,9,1,墨田区,East
42,1994,2023,1,29,60,8,1,墨田区,East
38,2008,2023,1,15,40,7,1,墨田区,East
21,2015,2023,1,8,25,10,1,墨田区,East
60,1999,2023,1,24,75,8,1,墨田区,East
40,2013,2023,1,10,45,6,1,墨田区,East
43,2008,2023,1,15,40,7,1,墨田区,East
56,1996,2023,1,27,75,6,1,墨田区,East
52,2004,2023,1,19,60,5,1,墨田区,East
63,2008,2023,1,15,70,10,1,墨田区,East
56,2009,2023,1,14,60,11,1,墨田区,East
29,1979,2023,1,44,35,6,1,墨田区,East
44,1987,2023,1,36,65,3,1,墨田区,East
38,1980,2023,1,43,55,4,1,墨田区,East
69,1992,2023,1,31,70,1,1,墨田区,East
26,2007,2023,1,16,25,5,1,墨田区,East
65,2002,2023,1,21,70,2,1,墨田区,East
55,2000,2023,1,23,80,7,1,墨田区,East
82,2018,2023,1,5,80,13,1,墨田区,East
49,2014,2023,1,9,75,9,1,墨田区,East
32,1996,2023,1,27,65,6,1,墨田区,East
27,2007,2023,1,16,50,1,1,墨田区,East
48,2018,2023,1,5,65,13,1,墨田区,East
41,1986,2023,1,37,55,3,1,墨田区,East
76,2017,2023,1,6,70,3,1,墨田区,East
70,2017,2023,1,6,70,7,1,墨田区,East
75,2011,2023,1,12,75,4,1,墨田区,East
62,1993,2023,1,30,65,10,1,墨田区,East
66,2014,2023,1,9,65,4,1,墨田区,East
61,2015,2023,1,8,65,7,1,墨田区,East
44,2014,2023,1,9,45,4,1,墨田区,East
43,2014,2023,1,9,45,4,1,墨田区,East
36,2006,2023,1,17,55,6,1,墨田区,East
75,2014,2023,1,9,70,4,1,墨田区,East
35,1982,2023,1,41,65,11,1,墨田区,East
57,2011,2023,1,12,55,5,1,墨田区,East
36,1981,2023,1,42,65,4,1,墨田区,East
35,1989,2023,1,34,55,5,1,墨田区,East
24,1982,2023,1,41,50,8,1,墨田区,East
57,2005,2023,1,18,65,5,1,墨田区,East
32,1982,2023,1,41,65,6,1,墨田区,East
49,2003,2023,1,20,65,8,1,墨田区,East
42,1996,2023,1,27,65,10,1,墨田区,East
25,1989,2023,1,34,55,4,1,墨田区,East
16,1989,2023,1,34,35,10,1,墨田区,East
32,1985,2023,1,38,50,10,1,墨田区,East
20,2012,2023,1,11,30,6,1,墨田区,East
45,2009,2023,1,14,60,10,1,墨田区,East
7,1978,2023,1,45,35,7,1,墨田区,East
40,2014,2023,1,9,45,8,1,墨田区,East
65,2001,2023,1,22,70,10,1,墨田区,East
64,2013,2023,1,10,65,4,1,墨田区,East
65,1995,2023,1,28,65,6,1,墨田区,East
49,2005,2023,1,18,75,7,1,墨田区,East
30,2006,2023,1,17,35,5,1,墨田区,East
44,2014,2023,1,9,45,2,1,墨田区,East
46,1981,2023,1,42,65,2,1,墨田区,East
44,1975,2023,1,48,65,3,1,墨田区,East
15,1981,2023,1,42,25,2,1,墨田区,East
24,1977,2023,1,46,40,1,1,墨田区,East
29,2011,2023,1,12,40,6,1,墨田区,East
29,1988,2023,1,35,45,6,1,墨田区,East
66,2014,2021,1,7,75,12,0,江東区,East
54,2008,2021,1,13,70,3,0,江東区,East
61,2008,2021,1,13,70,3,0,江東区,East
44,2004,2021,1,17,65,3,0,江東区,East
66,2006,2021,1,15,90,7,0,江東区,East
69,2014,2021,1,7,75,8,0,江東区,East
73,2008,2021,1,13,85,3,0,江東区,East
71,2009,2021,1,12,85,8,0,江東区,East
58,2008,2021,1,13,60,3,0,江東区,East
59,2008,2021,1,13,65,3,0,江東区,East
60,2009,2021,1,12,65,8,0,江東区,East
40,2010,2021,1,11,40,5,0,江東区,East
56,2014,2021,1,7,60,8,0,江東区,East
55,2010,2021,1,11,60,5,0,江東区,East
47,2009,2021,1,12,45,8,0,江東区,East
70,2010,2021,1,11,75,5,0,江東区,East
69,2004,2021,1,17,80,4,0,江東区,East
55,2010,2021,1,11,60,5,0,江東区,East
95,2014,2021,1,7,80,8,0,江東区,East
74,2006,2021,1,15,90,7,0,江東区,East
56,2009,2021,1,12,65,8,0,江東区,East
54,2008,2021,1,13,65,3,0,江東区,East
67,2008,2021,1,13,75,3,0,江東区,East
66,2006,2021,1,15,80,7,0,江東区,East
70,2006,2021,1,15,90,7,0,江東区,East
58,2014,2021,1,7,60,8,0,江東区,East
38,2010,2021,1,11,40,5,0,江東区,East
65,2010,2021,1,11,75,5,0,江東区,East
59,2009,2021,1,12,60,8,0,江東区,East
66,2010,2021,1,11,70,5,0,江東区,East
58,2010,2021,1,11,60,5,0,江東区,East
70,2010,2021,1,11,80,5,0,江東区,East
67,2008,2021,1,13,75,3,0,江東区,East
48,2008,2021,1,13,60,5,0,江東区,East
34,1985,2021,1,36,70,10,0,江東区,East
40,2004,2021,1,17,70,7,0,江東区,East
38,2013,2021,1,8,70,14,0,江東区,East
45,2006,2021,1,15,85,14,0,江東区,East
25,1998,2021,1,23,60,15,0,江東区,East
63,2002,2021,1,19,90,6,0,江東区,East
65,2015,2021,1,6,75,6,0,江東区,East
60,2005,2021,1,16,70,5,0,江東区,East
65,2012,2021,1,9,75,4,0,江東区,East
59,2005,2021,1,16,70,5,0,江東区,East
46,2005,2021,1,16,65,3,0,江東区,East
50,2005,2021,1,16,60,3,0,江東区,East
59,2013,2021,1,8,70,8,0,江東区,East
27,1980,2021,1,41,55,8,0,江東区,East
80,2013,2021,1,8,90,8,0,江東区,East
37,2004,2021,1,17,55,8,0,江東区,East
63,2004,2021,1,17,70,12,0,江東区,East
76,2013,2021,1,8,75,8,0,江東区,East
63,2009,2021,1,12,65,1,0,江東区,East
41,2000,2021,1,21,60,4,0,江東区,East
6.5,1974,2021,1,47,25,5,0,江東区,East
44,1985,2021,1,36,70,6,0,江東区,East
53,1997,2021,1,24,70,3,0,江東区,East
60,2004,2021,1,17,80,6,0,江東区,East
37,2002,2021,1,19,70,13,0,江東区,East
54,2013,2021,1,8,75,12,0,江東区,East
52,2014,2021,1,7,70,12,0,江東区,East
35,1983,2021,1,38,70,7,0,江東区,East
33,1979,2021,1,42,55,14,0,江東区,East
32,1983,2021,1,38,55,13,0,江東区,East
31,1983,2021,1,38,75,7,0,江東区,East
30,1985,2021,1,36,55,9,0,江東区,East
52,2015,2021,1,6,65,11,0,江東区,East
61,2005,2021,1,16,85,9,0,江東区,East
69,2013,2021,1,8,70,9,0,江東区,East
64,2013,2021,1,8,70,10,0,江東区,East
55,2005,2021,1,16,85,9,0,江東区,East
58,2005,2021,1,16,80,9,0,江東区,East
24,1989,2021,1,32,50,9,0,江東区,East
24,1982,2021,1,39,55,3,0,江東区,East
28,2009,2021,1,12,30,3,0,江東区,East
38,1997,2021,1,24,60,6,0,江東区,East
20,1976,2021,1,45,65,9,0,江東区,East
47,2004,2021,1,17,65,9,0,江東区,East
14,1989,2021,1,32,35,3,0,江東区,East
29,1981,2021,1,40,75,5,0,江東区,East
61,2004,2021,1,17,90,2,0,江東区,East
46,2008,2021,1,13,75,8,0,江東区,East
46,2001,2021,1,20,80,8,0,江東区,East
38,2001,2021,1,20,75,8,0,江東区,East
58,1997,2021,1,24,90,6,0,江東区,East
25,2012,2021,1,9,40,7,0,江東区,East
28,1980,2021,1,41,70,7,0,江東区,East
27,1992,2021,1,29,45,3,0,江東区,East
24,1990,2021,1,31,55,5,0,江東区,East
63,2016,2021,1,5,85,9,0,江東区,East
50,2008,2021,1,13,85,11,0,江東区,East
54,2009,2021,1,12,85,8,0,江東区,East
43,1980,2021,1,41,75,11,0,江東区,East
58,2012,2021,1,9,65,10,0,江東区,East
49,2004,2021,1,17,70,3,0,江東区,East
26,1985,2021,1,36,45,12,0,江東区,East
40,1982,2021,1,39,60,4,0,江東区,East
31,1982,2021,1,39,60,4,0,江東区,East
11,1974,2021,1,47,25,13,0,江東区,East
44,2009,2021,1,12,75,8,0,江東区,East
43,2007,2021,1,14,60,9,0,江東区,East
43,2006,2021,1,15,75,12,0,江東区,East
43,2004,2021,1,17,60,6,0,江東区,East
55,1997,2021,1,24,75,2,0,江東区,East
57,2016,2021,1,5,75,9,0,江東区,East
50,2014,2021,1,7,65,10,0,江東区,East
33,1982,2021,1,39,65,6,0,江東区,East
27,1980,2021,1,41,55,2,0,江東区,East
50,2013,2021,1,8,60,7,0,江東区,East
50,1988,2021,1,33,85,6,0,江東区,East
45,1988,2021,1,33,80,6,0,江東区,East
35,1982,2021,1,39,70,8,0,江東区,East
52,2013,2021,1,8,80,7,0,江東区,East
17,1984,2021,1,37,40,10,0,江東区,East
54,2012,2021,1,9,60,4,0,江東区,East
89,2007,2021,1,14,85,7,0,江東区,East
60,2000,2021,1,21,80,10,0,江東区,East
99,2008,2021,1,13,90,6,0,江東区,East
31,1981,2021,1,40,75,10,0,江東区,East
60,2009,2021,1,12,70,6,0,江東区,East
59,2005,2021,1,16,70,5,0,江東区,East
88,2014,2021,1,7,85,12,0,江東区,East
60,2005,2021,1,16,70,4,0,江東区,East
90,2014,2021,1,7,85,5,0,江東区,East
78,2009,2021,1,12,80,4,0,江東区,East
76,2007,2021,1,14,75,7,0,江東区,East
63,2009,2021,1,12,60,6,0,江東区,East
90,2009,2021,1,12,90,4,0,江東区,East
83,2008,2021,1,13,80,8,0,江東区,East
68,2013,2021,1,8,70,5,0,江東区,East
88,2007,2021,1,14,85,7,0,江東区,East
84,2016,2021,1,5,80,6,0,江東区,East
110,2014,2021,1,7,85,5,0,江東区,East
88,2009,2021,1,12,85,4,0,江東区,East
63,2005,2021,1,16,80,4,0,江東区,East
86,2008,2021,1,13,90,6,0,江東区,East
77,2016,2021,1,5,80,11,0,江東区,East
62,2009,2021,1,12,65,6,0,江東区,East
71,2008,2021,1,13,75,6,0,江東区,East
57,1997,2021,1,24,80,12,0,江東区,East
75,2005,2021,1,16,85,5,0,江東区,East
79,2016,2021,1,5,85,11,0,江東区,East
65,2007,2021,1,14,85,4,0,江東区,East
65,2009,2021,1,12,60,4,0,江東区,East
63,2001,2021,1,20,75,4,0,江東区,East
69,2014,2021,1,7,65,12,0,江東区,East
80,2009,2021,1,12,80,4,0,江東区,East
83,2009,2021,1,12,80,4,0,江東区,East
90,2008,2021,1,13,80,7,0,江東区,East
74,2013,2021,1,8,75,5,0,江東区,East
63,2009,2021,1,12,70,6,0,江東区,East
62,2008,2021,1,13,60,6,0,江東区,East
48,1997,2021,1,24,85,11,0,江東区,East
59,2007,2021,1,14,75,4,0,江東区,East
85,2009,2021,1,12,80,6,0,江東区,East
59,2000,2021,1,21,80,10,0,江東区,East
79,2009,2021,1,12,75,6,0,江東区,East
75,2009,2021,1,12,80,4,0,江東区,East
56,2005,2021,1,16,75,5,0,江東区,East
65,2001,2021,1,20,75,4,0,江東区,East
89,2014,2021,1,7,80,5,0,江東区,East
110,2007,2021,1,14,85,8,0,江東区,East
71,2001,2021,1,20,90,8,0,江東区,East
55,2008,2021,1,13,65,6,0,江東区,East
73,2005,2021,1,16,90,4,0,江東区,East
55,2006,2021,1,15,55,1,0,江東区,East
89,2016,2021,1,5,80,5,0,江東区,East
25,1983,2021,1,38,55,9,0,江東区,East
58,2013,2021,1,8,60,9,0,江東区,East
54,1999,2021,1,22,70,9,0,江東区,East
42,1998,2021,1,23,75,9,0,江東区,East
51,1998,2021,1,23,75,9,0,江東区,East
65,2002,2021,1,19,90,9,0,江東区,East
78,2002,2021,1,19,80,9,0,江東区,East
53,1997,2021,1,24,75,6,0,江東区,East
47,1986,2021,1,35,80,6,0,江東区,East
64,2012,2021,1,9,85,6,0,江東区,East
42,1986,2021,1,35,70,6,0,江東区,East
29,1980,2021,1,41,65,7,0,江東区,East
60,2014,2021,1,7,65,10,0,江東区,East
60,2000,2021,1,21,85,11,0,江東区,East
55,2014,2021,1,7,75,10,0,江東区,East
58,2010,2021,1,11,75,7,0,江東区,East
41,2006,2021,1,15,70,9,0,江東区,East
52,2016,2021,1,5,65,11,0,江東区,East
59,2016,2021,1,5,80,11,0,江東区,East
55,2003,2021,1,18,80,11,0,江東区,East
33,1983,2021,1,38,75,11,0,江東区,East
52,2016,2021,1,5,70,11,0,江東区,East
65,2012,2021,1,9,85,11,0,江東区,East
53,1999,2021,1,22,80,11,0,江東区,East
65,2004,2021,1,17,85,8,0,江東区,East
66,2014,2021,1,7,70,10,0,江東区,East
63,2008,2021,1,13,80,8,0,江東区,East
60,2007,2021,1,14,90,7,0,江東区,East
56,2012,2021,1,9,65,3,0,江東区,East
75,2009,2021,1,12,90,9,0,江東区,East
65,2009,2021,1,12,90,9,0,江東区,East
54,2014,2021,1,7,60,7,0,江東区,East
80,2012,2021,1,9,80,11,0,江東区,East
75,2014,2021,1,7,75,6,0,江東区,East
48,2009,2021,1,12,65,9,0,江東区,East
53,2012,2021,1,9,70,9,0,江東区,East
52,2012,2021,1,9,70,3,0,江東区,East
55,2012,2021,1,9,60,3,0,江東区,East
60,2004,2021,1,17,80,6,0,江東区,East
54,2012,2021,1,9,60,3,0,江東区,East
44,2008,2021,1,13,65,8,0,江東区,East
40,1982,2021,1,39,55,1,0,江東区,East
84,1998,2021,1,23,90,1,0,江東区,East
80,2010,2021,1,11,75,6,0,江東区,East
78,2005,2021,1,16,85,5,0,江東区,East
61,2005,2021,1,16,65,5,0,江東区,East
50,1985,2021,1,36,80,7,0,江東区,East
63,2010,2021,1,11,65,6,0,江東区,East
51,2005,2021,1,16,75,1,0,江東区,East
58,2005,2021,1,16,80,2,0,江東区,East
57,2005,2021,1,16,75,2,0,江東区,East
43,2005,2021,1,16,60,3,0,江東区,East
44,2004,2021,1,17,60,4,0,江東区,East
68,2016,2021,1,5,70,5,0,江東区,East
55,1998,2021,1,23,75,1,0,江東区,East
30,1987,2021,1,34,45,2,0,江東区,East
81,2016,2021,1,5,80,5,0,江東区,East
60,2007,2021,1,14,75,9,0,江東区,East
67,2016,2021,1,5,80,5,0,江東区,East
68,2016,2021,1,5,70,5,0,江東区,East
44,1999,2021,1,22,65,3,0,江東区,East
22,1975,2021,1,46,50,6,0,江東区,East
17,2006,2021,1,15,25,11,0,江東区,East
30,2009,2021,1,12,65,15,0,江東区,East
36,2009,2021,1,12,70,13,0,江東区,East
24,1987,2021,1,34,60,11,0,江東区,East
24,1987,2021,1,34,60,13,0,江東区,East
45,2000,2021,1,21,85,12,0,江東区,East
39,2006,2021,1,15,65,13,0,江東区,East
20,1987,2021,1,34,60,11,0,江東区,East
38,2000,2021,1,21,80,12,0,江東区,East
38,2015,2021,1,6,55,9,0,江東区,East
40,2009,2021,1,12,70,13,0,江東区,East
23,1982,2021,1,39,50,10,0,江東区,East
31,1982,2021,1,39,70,10,0,江東区,East
39,2000,2021,1,21,70,12,0,江東区,East
14,1981,2021,1,40,50,5,0,江東区,East
32,1985,2021,1,36,80,12,0,江東区,East
30,1983,2021,1,38,65,13,0,江東区,East
58,2014,2021,1,7,70,9,0,江東区,East
44,2003,2021,1,18,75,11,0,江東区,East
60,2001,2021,1,20,90,7,0,江東区,East
29,1981,2021,1,40,65,15,0,江東区,East
50,1988,2021,1,33,80,11,0,江東区,East
35,1981,2021,1,40,65,3,0,江東区,East
58,2003,2021,1,18,75,2,0,江東区,East
52,2006,2021,1,15,85,13,0,江東区,East
38,1994,2021,1,27,50,4,0,江東区,East
27,1981,2021,1,40,55,4,0,江東区,East
49,2000,2021,1,21,85,13,0,江東区,East
50,2014,2021,1,7,65,15,0,江東区,East
35,1998,2021,1,23,70,9,0,江東区,East
52,2015,2021,1,6,65,10,0,江東区,East
62,2010,2023,1,13,65,6,1,江東区,East
64,2010,2023,1,13,65,6,1,江東区,East
55,2004,2023,1,19,65,4,1,江東区,East
50,2004,2023,1,19,55,3,1,江東区,East
80,2008,2023,1,15,80,5,1,江東区,East
63,2014,2023,1,9,55,9,1,江東区,East
59,2006,2023,1,17,70,9,1,江東区,East
73,2014,2023,1,9,70,10,1,江東区,East
64,2010,2023,1,13,60,6,1,江東区,East
60,2008,2023,1,15,65,5,1,江東区,East
50,2004,2023,1,19,60,4,1,江東区,East
52,2010,2023,1,13,45,6,1,江東区,East
80,2010,2023,1,13,80,6,1,江東区,East
80,2010,2023,1,13,75,6,1,江東区,East
60,2004,2023,1,19,60,4,1,江東区,East
52,2004,2023,1,19,60,4,1,江東区,East
80,2010,2023,1,13,75,7,1,江東区,East
71,2008,2023,1,15,70,5,1,江東区,East
49,2010,2023,1,13,45,6,1,江東区,East
76,2010,2023,1,13,75,6,1,江東区,East
62,2010,2023,1,13,60,6,1,江東区,East
62,2014,2023,1,9,55,9,1,江東区,East
73,2014,2023,1,9,70,9,1,江東区,East
68,2009,2023,1,14,60,9,1,江東区,East
63,2008,2023,1,15,65,5,1,江東区,East
79,2010,2023,1,13,75,6,1,江東区,East
77,2010,2023,1,13,70,6,1,江東区,East
87,2010,2023,1,13,75,7,1,江東区,East
89,2002,2023,1,21,80,5,1,江東区,East
43,1999,2023,1,24,70,9,1,江東区,East
74,2008,2023,1,15,90,13,1,江東区,East
38,1996,2023,1,27,65,10,1,江東区,East
51,1999,2023,1,24,70,10,1,江東区,East
33,1981,2023,1,42,60,10,1,江東区,East
94,2017,2023,1,6,70,8,1,江東区,East
45,1981,2023,1,42,65,5,1,江東区,East
23,2014,2023,1,9,30,4,1,江東区,East
47,2000,2023,1,23,55,2,1,江東区,East
59,2005,2023,1,18,60,5,1,江東区,East
75,2016,2023,1,7,70,4,1,江東区,East
58,2004,2023,1,19,55,6,1,江東区,East
56,2005,2023,1,18,60,3,1,江東区,East
29,1974,2023,1,49,40,4,1,江東区,East
26,2015,2023,1,8,25,5,1,江東区,East
50,1985,2023,1,38,55,7,1,江東区,East
56,1997,2023,1,26,70,11,1,江東区,East
90,2018,2023,1,5,75,11,1,江東区,East
92,2018,2023,1,5,75,11,1,江東区,East
83,2016,2023,1,7,70,12,1,江東区,East
19,1982,2023,1,41,70,13,1,江東区,East
50,1985,2023,1,38,55,5,1,江東区,East
34,1980,2023,1,43,55,9,1,江東区,East
92,2016,2023,1,7,85,9,1,江東区,East
46,1995,2023,1,28,60,8,1,江東区,East
38,1973,2023,1,50,55,7,1,江東区,East
69,1992,2023,1,31,70,5,1,江東区,East
66,1984,2023,1,39,75,5,1,江東区,East
83,2003,2023,1,20,90,8,1,江東区,East
20,2009,2023,1,14,25,10,1,江東区,East
46,1993,2023,1,30,55,1,1,江東区,East
38,1983,2023,1,40,75,10,1,江東区,East
47,2013,2023,1,10,65,11,1,江東区,East
61,2000,2023,1,23,75,7,1,江東区,East
51,2000,2023,1,23,75,7,1,江東区,East
35,1979,2023,1,44,55,14,1,江東区,East
55,2013,2023,1,10,70,11,1,江東区,East
47,2001,2023,1,22,80,14,1,江東区,East
31,1983,2023,1,40,65,14,1,江東区,East
81,2013,2023,1,10,80,10,1,江東区,East
69,2005,2023,1,18,80,10,1,江東区,East
59,2010,2023,1,13,75,5,1,江東区,East
43,2000,2023,1,23,70,7,1,江東区,East
12,1989,2023,1,34,25,3,1,江東区,East
52,1996,2023,1,27,80,5,1,江東区,East
54,2006,2023,1,17,80,10,1,江東区,East
52,2009,2023,1,14,60,7,1,江東区,East
54,2005,2023,1,18,65,11,1,江東区,East
58,2004,2023,1,19,85,10,1,江東区,East
46,1997,2023,1,26,60,5,1,江東区,East
31,2009,2023,1,14,35,3,1,江東区,East
51,1999,2023,1,24,85,1,1,江東区,East
49,1997,2023,1,26,70,4,1,江東区,East
8.7,1981,2023,1,42,25,5,1,江東区,East
61,1998,2023,1,25,90,2,1,江東区,East
72,2009,2023,1,14,75,5,1,江東区,East
36,1982,2023,1,41,60,9,1,江東区,East
52,2000,2023,1,23,80,6,1,江東区,East
61,2003,2023,1,20,70,7,1,江東区,East
63,2014,2023,1,9,75,4,1,江東区,East
48,1979,2023,1,44,65,9,1,江東区,East
50,2014,2023,1,9,60,6,1,江東区,East
53,2008,2023,1,15,80,12,1,江東区,East
26,1986,2023,1,37,60,11,1,江東区,East
20,1978,2023,1,45,45,4,1,江東区,East
45,2009,2023,1,14,55,4,1,江東区,East
49,2012,2023,1,11,70,11,1,江東区,East
52,2016,2023,1,7,65,9,1,江東区,East
15,2006,2023,1,17,25,9,1,江東区,East
46,2003,2023,1,20,70,9,1,江東区,East
60,2008,2023,1,15,80,11,1,江東区,East
48,2000,2023,1,23,70,7,1,江東区,East
34,1982,2023,1,41,60,3,1,江東区,East
57,2013,2023,1,10,75,11,1,江東区,East
47,1982,2023,1,41,75,6,1,江東区,East
43,1982,2023,1,41,60,3,1,江東区,East
55,2016,2023,1,7,70,14,1,江東区,East
59,2005,2023,1,18,70,8,1,江東区,East
68,2008,2023,1,15,85,11,1,江東区,East
40,1980,2023,1,43,70,5,1,江東区,East
56,1996,2023,1,27,70,5,1,江東区,East
42,2016,2023,1,7,65,10,1,江東区,East
29,1981,2023,1,42,60,6,1,江東区,East
43,1987,2023,1,36,65,6,1,江東区,East
24,2015,2023,1,8,30,4,1,江東区,East
44,2005,2023,1,18,75,10,1,江東区,East
54,1989,2023,1,34,75,7,1,江東区,East
12,1974,2023,1,49,25,13,1,江東区,East
40,2002,2023,1,21,45,5,1,江東区,East
12,1976,2023,1,47,40,1,1,江東区,East
44,1999,2023,1,24,80,11,1,江東区,East
58,1999,2023,1,24,65,1,1,江東区,East
52,1989,2023,1,34,65,7,1,江東区,East
57,2012,2023,1,11,70,9,1,江東区,East
55,2012,2023,1,11,60,6,1,江東区,East
71,2002,2023,1,21,75,6,1,江東区,East
53,1991,2023,1,32,65,2,1,江東区,East
74,1998,2023,1,25,85,8,1,江東区,East
35,1981,2023,1,42,60,8,1,江東区,East
32,1981,2023,1,42,60,8,1,江東区,East
56,2012,2023,1,11,60,6,1,江東区,East
63,2013,2023,1,10,75,6,1,江東区,East
63,1998,2023,1,25,70,9,1,江東区,East
49,1999,2023,1,24,70,3,1,江東区,East
44,1983,2023,1,40,60,7,1,江東区,East
43,1981,2023,1,42,75,10,1,江東区,East
70,2001,2023,1,22,80,5,1,江東区,East
81,2007,2023,1,16,85,5,1,江東区,East
110,2009,2023,1,14,85,4,1,江東区,East
97,2014,2023,1,9,75,5,1,江東区,East
97,2009,2023,1,14,80,6,1,江東区,East
95,2008,2023,1,15,80,6,1,江東区,East
60,2001,2023,1,22,70,9,1,江東区,East
98,2016,2023,1,7,80,6,1,江東区,East
82,2009,2023,1,14,70,6,1,江東区,East
75,2007,2023,1,16,80,5,1,江東区,East
88,2009,2023,1,14,80,5,1,江東区,East
100,2014,2023,1,9,80,5,1,江東区,East
76,2000,2023,1,23,80,10,1,江東区,East
100,2014,2023,1,9,75,4,1,江東区,East
80,2009,2023,1,14,65,6,1,江東区,East
97,2009,2023,1,14,80,6,1,江東区,East
77,2000,2023,1,23,80,8,1,江東区,East
73,1997,2023,1,26,80,12,1,江東区,East
89,2016,2023,1,7,75,6,1,江東区,East
69,2014,2023,1,9,55,4,1,江東区,East
96,2009,2023,1,14,75,4,1,江東区,East
68,2009,2023,1,14,60,5,1,江東区,East
75,2009,2023,1,14,60,5,1,江東区,East
96,2016,2023,1,7,80,6,1,江東区,East
100,2009,2023,1,14,85,5,1,江東区,East
120,2016,2023,1,7,90,5,1,江東区,East
83,2009,2023,1,14,70,6,1,江東区,East
90,2008,2023,1,15,85,6,1,江東区,East
87,2009,2023,1,14,70,7,1,江東区,East
71,2008,2023,1,15,65,6,1,江東区,East
85,2009,2023,1,14,70,6,1,江東区,East
84,2008,2023,1,15,70,6,1,江東区,East
84,2008,2023,1,15,70,6,1,江東区,East
48,2013,2023,1,10,45,6,1,江東区,East
95,2007,2023,1,16,80,6,1,江東区,East
93,2014,2023,1,9,80,12,1,江東区,East
68,2001,2023,1,22,80,4,1,江東区,East
75,2000,2023,1,23,80,10,1,江東区,East
73,2016,2023,1,7,65,6,1,江東区,East
75,2007,2023,1,16,80,4,1,江東区,East
74,2000,2023,1,23,80,9,1,江東区,East
96,2016,2023,1,7,80,11,1,江東区,East
91,2016,2023,1,7,75,6,1,江東区,East
130,2016,2023,1,7,80,5,1,江東区,East
51,1984,2023,1,39,70,3,1,江東区,East
110,2008,2023,1,15,75,6,1,江東区,East
73,2014,2023,1,9,75,8,1,江東区,East
70,2005,2023,1,18,70,4,1,江東区,East
78,2007,2023,1,16,80,5,1,江東区,East
74,2013,2023,1,10,65,5,1,江東区,East
80,2016,2023,1,7,60,6,1,江東区,East
98,2008,2023,1,15,75,6,1,江東区,East
13,1992,2023,1,31,25,10,1,江東区,East
62,2002,2023,1,21,80,8,1,江東区,East
46,1973,2023,1,50,60,2,1,江東区,East
44,1973,2023,1,50,60,5,1,江東区,East
52,1986,2023,1,37,60,6,1,江東区,East
33,1973,2023,1,50,60,6,1,江東区,East
67,2016,2023,1,7,80,12,1,江東区,East
61,2010,2023,1,13,75,7,1,江東区,East
63,2012,2023,1,11,70,12,1,江東区,East
54,2003,2023,1,20,70,11,1,江東区,East
40,1982,2023,1,41,65,13,1,江東区,East
69,2003,2023,1,20,90,11,1,江東区,East
69,2003,2023,1,20,85,11,1,江東区,East
38,1983,2023,1,40,70,11,1,江東区,East
57,2003,2023,1,20,70,11,1,江東区,East
58,1981,2023,1,42,80,12,1,江東区,East
61,2010,2023,1,13,80,7,1,江東区,East
76,2003,2023,1,20,90,10,1,江東区,East
64,2012,2023,1,11,70,12,1,江東区,East
68,2007,2023,1,16,75,7,1,江東区,East
60,2008,2023,1,15,75,8,1,江東区,East
61,2009,2023,1,14,65,9,1,江東区,East
67,2012,2023,1,11,70,12,1,江東区,East
61,2003,2023,1,20,75,3,1,江東区,East
80,2012,2023,1,11,75,12,1,江東区,East
65,2007,2023,1,16,75,7,1,江東区,East
83,2014,2023,1,9,70,7,1,江東区,East
70,2008,2023,1,15,85,9,1,江東区,East
80,2014,2023,1,9,70,7,1,江東区,East
75,2014,2023,1,9,70,6,1,江東区,East
73,2014,2023,1,9,65,7,1,江東区,East
89,2012,2023,1,11,85,12,1,江東区,East
80,2012,2023,1,11,75,12,1,江東区,East
75,2017,2023,1,6,70,11,1,江東区,East
74,2012,2023,1,11,75,3,1,江東区,East
64,2014,2023,1,9,55,7,1,江東区,East
67,2008,2023,1,15,75,8,1,江東区,East
57,2008,2023,1,15,65,9,1,江東区,East
79,2014,2023,1,9,70,7,1,江東区,East
77,2005,2023,1,18,70,2,1,江東区,East
86,2006,2023,1,17,80,7,1,江東区,East
72,1984,2023,1,39,85,9,1,江東区,East
85,2008,2023,1,15,80,6,1,江東区,East
83,2005,2023,1,18,75,2,1,江東区,East
95,2005,2023,1,18,75,2,1,江東区,East
61,2010,2023,1,13,55,6,1,江東区,East
56,2006,2023,1,17,70,5,1,江東区,East
52,2005,2023,1,18,55,3,1,江東区,East
53,2005,2023,1,18,75,1,1,江東区,East
67,2003,2023,1,20,80,6,1,江東区,East
62,2003,2023,1,20,80,7,1,江東区,East
27,2016,2023,1,7,30,5,1,江東区,East
62,1994,2023,1,29,70,6,1,江東区,East
77,2016,2023,1,7,70,5,1,江東区,East
25,1974,2023,1,49,45,8,1,江東区,East
81,2016,2023,1,7,70,5,1,江東区,East
75,2017,2023,1,6,80,10,1,江東区,East
47,2001,2023,1,22,65,9,1,江東区,East
42,1982,2023,1,41,75,7,1,江東区,East
29,1974,2023,1,49,55,4,1,江東区,East
63,2016,2023,1,7,55,5,1,江東区,East
27,2014,2023,1,9,30,3,1,江東区,East
32,1973,2023,1,50,60,4,1,江東区,East
69,2016,2023,1,7,70,5,1,江東区,East
76,2018,2023,1,5,75,4,1,江東区,East
15,1973,2023,1,50,25,3,1,江東区,East
36,1997,2023,1,26,60,3,1,江東区,East
58,1982,2023,1,41,85,5,1,江東区,East
35,1979,2023,1,44,50,5,1,江東区,East
28,1973,2023,1,50,60,7,1,江東区,East
79,2016,2023,1,7,70,5,1,江東区,East
63,2002,2023,1,21,70,3,1,江東区,East
34,1973,2023,1,50,60,4,1,江東区,East
38,2000,2023,1,23,75,12,1,江東区,East
52,2015,2023,1,8,65,9,1,江東区,East
47,1995,2023,1,28,85,12,1,江東区,East
44,2009,2023,1,14,65,14,1,江東区,East
33,1986,2023,1,37,65,10,1,江東区,East
30,1987,2023,1,36,65,9,1,江東区,East
39,1988,2023,1,35,65,10,1,江東区,East
39,1988,2023,1,35,75,10,1,江東区,East
70,2002,2023,1,21,75,4,1,江東区,East
58,2001,2023,1,22,75,8,1,江東区,East
35,1983,2023,1,40,65,10,1,江東区,East
42,1999,2023,1,24,80,9,1,江東区,East
34,1979,2023,1,44,70,12,1,江東区,East
66,2011,2023,1,12,75,7,1,江東区,East
64,2001,2023,1,22,80,7,1,江東区,East
27,1979,2023,1,44,60,13,1,江東区,East
75,2002,2023,1,21,80,4,1,江東区,East
33,1981,2023,1,42,75,12,1,江東区,East
40,2005,2023,1,18,65,15,1,江東区,East
35,1992,2023,1,31,70,13,1,江東区,East
54,2002,2023,1,21,65,6,1,江東区,East
37,1981,2023,1,42,65,4,1,江東区,East
40,1975,2023,1,48,65,8,1,江東区,East
54,1998,2023,1,25,75,15,1,江東区,East
51,2010,2023,1,13,60,11,1,江東区,East
98,2014,2023,1,9,85,7,1,江東区,East
56,1995,2023,1,28,65,3,1,江東区,East
25,2018,2023,1,5,30,11,1,江東区,East
60,2002,2023,1,21,65,12,1,江東区,East
58,2011,2023,1,12,75,11,1,江東区,East
45,2001,2023,1,22,70,9,1,江東区,East
58,2011,2023,1,12,70,11,1,江東区,East
57,2012,2023,1,11,70,11,1,江東区,East
24,1980,2023,1,43,60,10,1,江東区,East
55,2011,2023,1,12,75,11,1,江東区,East
84,2002,2023,1,21,70,1,1,江東区,East
72,2002,2023,1,21,70,1,1,江東区,East
66,2011,2021,1,10,65,10,0,品川区,West
38,2010,2021,1,11,45,9,0,品川区,West
55,1991,2021,1,30,65,8,0,品川区,West
47,2004,2021,1,17,55,13,0,品川区,West
20,2003,2021,1,18,25,5,0,品川区,West
30,1978,2021,1,43,50,9,0,品川区,West
84,2012,2021,1,9,70,5,0,品川区,West
51,2012,2021,1,9,45,5,0,品川区,West
60,2006,2021,1,15,55,9,0,品川区,West
92,2012,2021,1,9,75,5,0,品川区,West
83,2012,2021,1,9,70,5,0,品川区,West
53,2007,2021,1,14,50,9,0,品川区,West
70,2011,2021,1,10,55,8,0,品川区,West
69,2011,2021,1,10,70,7,0,品川区,West
70,2015,2021,1,6,55,6,0,品川区,West
62,1982,2021,1,39,75,3,0,品川区,West
110,2007,2021,1,14,60,1,0,品川区,West
54,2015,2021,1,6,40,6,0,品川区,West
19,1979,2021,1,42,25,1,0,品川区,West
36,1995,2021,1,26,55,5,0,品川区,West
51,2002,2021,1,19,60,12,0,品川区,West
61,2015,2021,1,6,55,5,0,品川区,West
71,2015,2021,1,6,90,8,0,品川区,West
25,2005,2021,1,16,25,7,0,品川区,West
97,2015,2021,1,6,70,6,0,品川区,West
29,1979,2021,1,42,45,3,0,品川区,West
33,1981,2021,1,40,40,11,0,品川区,West
39,1979,2021,1,42,45,5,0,品川区,West
65,2015,2021,1,6,45,6,0,品川区,West
110,2015,2021,1,6,70,6,0,品川区,West
91,2007,2021,1,14,80,11,0,品川区,West
70,2006,2021,1,15,70,11,0,品川区,West
50,2013,2021,1,8,45,11,0,品川区,West
45,1998,2021,1,23,50,4,0,品川区,West
21,1987,2021,1,34,60,5,0,品川区,West
53,2011,2021,1,10,55,2,0,品川区,West
20,1977,2021,1,44,30,3,0,品川区,West
23,1979,2021,1,42,40,6,0,品川区,West
53,2012,2021,1,9,45,7,0,品川区,West
62,1991,2021,1,30,65,4,0,品川区,West
78,2015,2021,1,6,65,4,0,品川区,West
29,1974,2021,1,47,45,10,0,品川区,West
29,1983,2021,1,38,45,5,0,品川区,West
71,1999,2021,1,22,70,3,0,品川区,West
67,2015,2021,1,6,60,4,0,品川区,West
44,2011,2021,1,10,40,2,0,品川区,West
28,2005,2021,1,16,25,5,0,品川区,West
33,1980,2021,1,41,45,10,0,品川区,West
67,2015,2021,1,6,60,4,0,品川区,West
70,2014,2021,1,7,70,4,0,品川区,West
97,2010,2021,1,11,70,6,0,品川区,West
62,2002,2021,1,19,65,7,0,品川区,West
71,2010,2021,1,11,55,6,0,品川区,West
93,2002,2021,1,19,80,7,0,品川区,West
130,2010,2021,1,11,85,6,0,品川区,West
97,2010,2021,1,11,70,6,0,品川区,West
36,1985,2021,1,36,50,5,0,品川区,West
120,2014,2021,1,7,80,2,0,品川区,West
32,2000,2021,1,21,35,2,0,品川区,West
79,2013,2021,1,8,60,2,0,品川区,West
58,2000,2021,1,21,60,2,0,品川区,West
70,2001,2021,1,20,65,3,0,品川区,West
66,2005,2021,1,16,70,10,0,品川区,West
64,1983,2021,1,38,75,7,0,品川区,West
57,2011,2021,1,10,60,4,0,品川区,West
55,2012,2021,1,9,60,5,0,品川区,West
57,2012,2021,1,9,55,5,0,品川区,West
48,2003,2021,1,18,80,3,0,品川区,West
80,2002,2021,1,19,80,7,0,品川区,West
60,1998,2021,1,23,70,3,0,品川区,West
40,1985,2021,1,36,55,4,0,品川区,West
64,2002,2021,1,19,65,3,0,品川区,West
35,2003,2021,1,18,35,6,0,品川区,West
54,2014,2021,1,7,85,8,0,品川区,West
41,1992,2021,1,29,55,8,0,品川区,West
25,1980,2021,1,41,50,6,0,品川区,West
63,2008,2021,1,13,65,3,0,品川区,West
44,2014,2021,1,7,40,7,0,品川区,West
56,2008,2021,1,13,65,3,0,品川区,West
65,2008,2021,1,13,80,3,0,品川区,West
79,2008,2021,1,13,75,3,0,品川区,West
41,2014,2021,1,7,40,7,0,品川区,West
52,2008,2021,1,13,55,3,0,品川区,West
50,1996,2021,1,25,65,6,0,品川区,West
65,2012,2021,1,9,60,5,0,品川区,West
66,2014,2021,1,7,55,3,0,品川区,West
80,2008,2021,1,13,80,10,0,品川区,West
85,2008,2021,1,13,85,10,0,品川区,West
75,1998,2021,1,23,75,5,0,品川区,West
64,2005,2021,1,16,85,7,0,品川区,West
64,2000,2021,1,21,85,6,0,品川区,West
53,2003,2021,1,18,70,6,0,品川区,West
37,2006,2021,1,15,60,2,0,品川区,West
63,2005,2021,1,16,80,7,0,品川区,West
67,2016,2021,1,5,70,3,0,品川区,West
53,2007,2021,1,14,70,6,0,品川区,West
68,2016,2021,1,5,70,3,0,品川区,West
55,1981,2021,1,40,80,5,0,品川区,West
55,2003,2021,1,18,80,6,0,品川区,West
58,2001,2021,1,20,70,11,0,品川区,West
32,1980,2021,1,41,70,8,0,品川区,West
75,2007,2021,1,14,80,6,0,品川区,West
21,2007,2021,1,14,25,2,0,品川区,West
47,2013,2021,1,8,50,5,0,品川区,West
29,2003,2021,1,18,35,4,0,品川区,West
18,2001,2021,1,20,25,9,0,品川区,West
25,1984,2021,1,37,35,4,0,品川区,West
61,2008,2021,1,13,80,4,0,品川区,West
56,1980,2021,1,41,75,5,0,品川区,West
78,2009,2021,1,12,60,3,0,品川区,West
100,2014,2021,1,7,75,4,0,品川区,West
52,1980,2021,1,41,70,5,0,品川区,West
83,2009,2021,1,12,65,3,0,品川区,West
82,2009,2021,1,12,65,3,0,品川区,West
56,2004,2021,1,17,60,3,0,品川区,West
69,2009,2021,1,12,50,3,0,品川区,West
59,2013,2021,1,8,50,6,0,品川区,West
34,1980,2021,1,41,50,5,0,品川区,West
61,1996,2021,1,25,65,5,0,品川区,West
55,1981,2021,1,40,70,1,0,品川区,West
75,2009,2021,1,12,60,3,0,品川区,West
120,2009,2021,1,12,90,3,0,品川区,West
20,2001,2021,1,20,25,2,0,品川区,West
37,1975,2021,1,46,65,6,0,品川区,West
52,2015,2021,1,6,60,6,0,品川区,West
44,2004,2021,1,17,55,8,0,品川区,West
20,1992,2021,1,29,25,4,0,品川区,West
55,1997,2021,1,24,65,2,0,品川区,West
38,1998,2021,1,23,60,5,0,品川区,West
24,1975,2021,1,46,45,5,0,品川区,West
63,2004,2023,1,19,65,5,1,品川区,West
25,1980,2023,1,43,35,8,1,品川区,West
77,2018,2023,1,5,55,7,1,品川区,West
87,1999,2023,1,24,70,8,1,品川区,West
53,1985,2023,1,38,55,6,1,品川区,West
53,1982,2023,1,41,55,8,1,品川区,West
50,2018,2023,1,5,35,7,1,品川区,West
42,1986,2023,1,37,65,8,1,品川区,West
59,1982,2023,1,41,50,8,1,品川区,West
60,1993,2023,1,30,50,6,1,品川区,West
52,1979,2023,1,44,60,5,1,品川区,West
33,1979,2023,1,44,45,7,1,品川区,West
110,2012,2023,1,11,70,5,1,品川区,West
89,2004,2023,1,19,75,8,1,品川区,West
130,2012,2023,1,11,80,5,1,品川区,West
69,2006,2023,1,17,55,9,1,品川区,West
55,1997,2023,1,26,60,10,1,品川区,West
30,1979,2023,1,44,45,4,1,品川区,West
45,1979,2023,1,44,50,4,1,品川区,West
29,2004,2023,1,19,25,5,1,品川区,West
230,2017,2023,1,6,80,3,1,品川区,West
180,2017,2023,1,6,70,2,1,品川区,West
120,2008,2023,1,15,55,5,1,品川区,West
120,1998,2023,1,25,80,2,1,品川区,West
73,2017,2023,1,6,35,2,1,品川区,West
84,2017,2023,1,6,35,2,1,品川区,West
76,2017,2023,1,6,30,3,1,品川区,West
140,2017,2023,1,6,50,3,1,品川区,West
85,1996,2023,1,27,55,7,1,品川区,West
93,2015,2023,1,8,80,5,1,品川区,West
88,2015,2023,1,8,80,5,1,品川区,West
85,2015,2023,1,8,70,5,1,品川区,West
14,1989,2023,1,34,35,9,1,品川区,West
60,2015,2023,1,8,75,8,1,品川区,West
67,2015,2023,1,8,75,8,1,品川区,West
65,2015,2023,1,8,75,8,1,品川区,West
64,2015,2023,1,8,75,8,1,品川区,West
66,2017,2023,1,6,75,7,1,品川区,West
66,2015,2023,1,8,75,11,1,品川区,West
64,2017,2023,1,6,80,12,1,品川区,West
61,2015,2023,1,8,75,11,1,品川区,West
65,2017,2023,1,6,75,11,1,品川区,West
65,2017,2023,1,6,70,7,1,品川区,West
64,2016,2023,1,7,60,4,1,品川区,West
100,2018,2023,1,5,75,10,1,品川区,West
20,1979,2023,1,44,25,2,1,品川区,West
58,2011,2023,1,12,55,5,1,品川区,West
180,2015,2023,1,8,85,6,1,品川区,West
18,1981,2023,1,42,30,5,1,品川区,West
190,2015,2023,1,8,85,6,1,品川区,West
110,2015,2023,1,8,60,6,1,品川区,West
57,2018,2023,1,5,45,10,1,品川区,West
100,2002,2023,1,21,85,12,1,品川区,West
44,1997,2023,1,26,60,6,1,品川区,West
40,1982,2023,1,41,70,8,1,品川区,West
85,2016,2023,1,7,70,4,1,品川区,West
58,1979,2023,1,44,60,4,1,品川区,West
96,2008,2023,1,15,85,5,1,品川区,West
32,1979,2023,1,44,40,4,1,品川区,West
53,1981,2023,1,42,55,6,1,品川区,West
74,2014,2023,1,9,65,8,1,品川区,West
78,2014,2023,1,9,70,3,1,品川区,West
89,2016,2023,1,7,80,1,1,品川区,West
59,2016,2023,1,7,45,1,1,品川区,West
73,2013,2023,1,10,65,6,1,品川区,West
80,2015,2023,1,8,65,2,1,品川区,West
86,2015,2023,1,8,65,4,1,品川区,West
21,1979,2023,1,44,40,8,1,品川区,West
68,2015,2023,1,8,45,4,1,品川区,West
46,2014,2023,1,9,40,4,1,品川区,West
17,1985,2023,1,38,25,4,1,品川区,West
75,1998,2023,1,25,60,6,1,品川区,West
62,2004,2023,1,19,65,5,1,品川区,West
48,2010,2023,1,13,40,6,1,品川区,West
25,2005,2023,1,18,25,2,1,品川区,West
72,1999,2023,1,24,60,3,1,品川区,West
26,1983,2023,1,40,35,5,1,品川区,West
87,2013,2023,1,10,55,9,1,品川区,West
12,1979,2023,1,44,25,6,1,品川区,West
40,1981,2023,1,42,55,11,1,品川区,West
110,2017,2023,1,6,60,4,1,品川区,West
53,2003,2023,1,20,45,7,1,品川区,West
31,1981,2023,1,42,60,6,1,品川区,West
82,1998,2023,1,25,70,1,1,品川区,West
24,1981,2023,1,42,30,5,1,品川区,West
60,2014,2023,1,9,55,5,1,品川区,West
46,1983,2023,1,40,55,5,1,品川区,West
80,2004,2023,1,19,75,8,1,品川区,West
69,2011,2023,1,12,60,6,1,品川区,West
93,2014,2023,1,9,55,2,1,品川区,West
64,2001,2023,1,22,60,5,1,品川区,West
35,1980,2023,1,43,60,2,1,品川区,West
170,2010,2023,1,13,85,6,1,品川区,West
13,1974,2023,1,49,25,7,1,品川区,West
68,2000,2023,1,23,65,10,1,品川区,West
75,2002,2023,1,21,70,5,1,品川区,West
120,2010,2023,1,13,70,6,1,品川区,West
48,1984,2023,1,39,55,5,1,品川区,West
69,2010,2023,1,13,45,6,1,品川区,West
40,1995,2023,1,28,40,7,1,品川区,West
82,2001,2023,1,22,50,5,1,品川区,West
69,2006,2023,1,17,55,3,1,品川区,West
80,2013,2023,1,10,60,4,1,品川区,West
15,1980,2023,1,43,25,3,1,品川区,West
53,2013,2023,1,10,35,4,1,品川区,West
59,2000,2023,1,23,55,10,1,品川区,West
72,1979,2023,1,44,90,5,1,品川区,West
62,1981,2023,1,42,65,6,1,品川区,West
18,1990,2023,1,33,30,5,1,品川区,West
27,1973,2023,1,50,40,4,1,品川区,West
95,2009,2023,1,14,85,5,1,品川区,West
110,2009,2023,1,14,80,5,1,品川区,West
86,2011,2023,1,12,80,2,1,品川区,West
88,2013,2023,1,10,80,9,1,品川区,West
110,2012,2023,1,11,75,4,1,品川区,West
47,1985,2023,1,38,50,2,1,品川区,West
120,2009,2023,1,14,90,5,1,品川区,West
82,2012,2023,1,11,75,5,1,品川区,West
95,2002,2023,1,21,80,8,1,品川区,West
79,1997,2023,1,26,65,2,1,品川区,West
110,2013,2023,1,10,75,1,1,品川区,West
79,2013,2023,1,10,60,1,1,品川区,West
43,1985,2023,1,38,60,9,1,品川区,West
43,1983,2023,1,40,65,5,1,品川区,West
66,2008,2023,1,15,60,8,1,品川区,West
97,2008,2023,1,15,80,8,1,品川区,West
84,2008,2023,1,15,75,3,1,品川区,West
68,2000,2023,1,23,75,6,1,品川区,West
72,2008,2023,1,15,65,3,1,品川区,West
23,1994,2023,1,29,30,5,1,品川区,West
59,1996,2023,1,27,65,7,1,品川区,West
100,2000,2023,1,23,75,9,1,品川区,West
120,2014,2023,1,9,85,3,1,品川区,West
83,2018,2023,1,5,70,5,1,品川区,West
55,2008,2023,1,15,45,3,1,品川区,West
91,2018,2023,1,5,80,5,1,品川区,West
72,2008,2023,1,15,65,3,1,品川区,West
94,2005,2023,1,18,85,8,1,品川区,West
39,1984,2023,1,39,60,1,1,品川区,West
67,2017,2023,1,6,55,5,1,品川区,West
83,2014,2023,1,9,70,7,1,品川区,West
66,2003,2023,1,20,80,5,1,品川区,West
50,1976,2023,1,47,65,6,1,品川区,West
43,1973,2023,1,50,70,6,1,品川区,West
66,2003,2023,1,20,80,7,1,品川区,West
59,2007,2023,1,16,65,1,1,品川区,West
65,1982,2023,1,41,85,8,1,品川区,West
51,2001,2023,1,22,80,5,1,品川区,West
83,2005,2023,1,18,75,5,1,品川区,West
82,2016,2023,1,7,70,3,1,品川区,West
80,2001,2023,1,22,70,5,1,品川区,West
90,2018,2023,1,5,70,5,1,品川区,West
42,1978,2023,1,45,50,7,1,品川区,West
44,2013,2023,1,10,45,5,1,品川区,West
67,2001,2023,1,22,60,5,1,品川区,West
42,2012,2023,1,11,45,4,1,品川区,West
68,2005,2023,1,18,60,11,1,品川区,West
36,1983,2023,1,40,80,15,1,品川区,West
100,2009,2023,1,14,70,4,1,品川区,West
68,2001,2023,1,22,65,10,1,品川区,West
95,2009,2023,1,14,65,4,1,品川区,West
71,2009,2023,1,14,45,4,1,品川区,West
62,2007,2023,1,16,60,4,1,品川区,West
66,1980,2023,1,43,70,3,1,品川区,West
56,1981,2023,1,42,55,5,1,品川区,West
47,1984,2023,1,39,50,5,1,品川区,West
160,2009,2023,1,14,85,3,1,品川区,West
110,2009,2023,1,14,65,4,1,品川区,West
14,1975,2023,1,48,25,6,1,品川区,West
53,1996,2023,1,27,60,5,1,品川区,West
19,1973,2023,1,50,35,8,1,品川区,West
51,2004,2023,1,19,50,1,1,品川区,West
80,2012,2023,1,11,75,3,1,品川区,West
57,1998,2023,1,25,65,12,1,品川区,West
23,1992,2023,1,31,25,3,1,品川区,West
36,1979,2023,1,44,60,5,1,品川区,West
72,2006,2023,1,17,70,8,1,品川区,West
39,1982,2023,1,41,60,6,1,品川区,West
57,2006,2023,1,17,60,5,1,品川区,West
86,1999,2021,1,22,85,8,0,目黒区,West
47,1972,2021,1,49,55,7,0,目黒区,West
37,1979,2021,1,42,45,9,0,目黒区,West
54,2000,2021,1,21,55,6,0,目黒区,West
32,1978,2021,1,43,50,5,0,目黒区,West
80,2015,2021,1,6,70,14,0,目黒区,West
76,2003,2021,1,18,60,9,0,目黒区,West
72,2006,2021,1,15,65,10,0,目黒区,West
140,2009,2021,1,12,75,2,0,目黒区,West
130,2009,2021,1,12,70,2,0,目黒区,West
58,1994,2021,1,27,55,10,0,目黒区,West
51,1979,2021,1,42,55,3,0,目黒区,West
180,2009,2021,1,12,85,2,0,目黒区,West
31,1996,2021,1,25,30,2,0,目黒区,West
68,1994,2021,1,27,55,12,0,目黒区,West
19,1977,2021,1,44,35,9,0,目黒区,West
70,1999,2021,1,22,75,6,0,目黒区,West
75,2015,2021,1,6,70,11,0,目黒区,West
74,1996,2021,1,25,75,13,0,目黒区,West
79,2016,2021,1,5,80,15,0,目黒区,West
56,2002,2021,1,19,55,9,0,目黒区,West
83,2005,2021,1,16,90,8,0,目黒区,West
98,2014,2021,1,7,75,11,0,目黒区,West
80,1997,2021,1,24,85,15,0,目黒区,West
80,2012,2021,1,9,65,9,0,目黒区,West
81,2012,2021,1,9,70,13,0,目黒区,West
64,2014,2021,1,7,80,11,0,目黒区,West
87,2013,2021,1,8,70,8,0,目黒区,West
79,2016,2021,1,5,60,7,0,目黒区,West
93,2012,2021,1,9,85,13,0,目黒区,West
34,1989,2021,1,32,45,8,0,目黒区,West
80,2012,2021,1,9,70,13,0,目黒区,West
84,2012,2021,1,9,70,9,0,目黒区,West
42,2001,2021,1,20,45,8,0,目黒区,West
22,1977,2021,1,44,40,4,0,目黒区,West
68,1995,2021,1,26,60,7,0,目黒区,West
49,2011,2021,1,10,45,10,0,目黒区,West
88,2004,2021,1,17,80,9,0,目黒区,West
86,2012,2021,1,9,65,9,0,目黒区,West
49,1979,2021,1,42,45,4,0,目黒区,West
110,2015,2021,1,6,75,11,0,目黒区,West
71,2011,2021,1,10,75,8,0,目黒区,West
72,2011,2021,1,10,75,8,0,目黒区,West
60,2011,2021,1,10,60,8,0,目黒区,West
24,1978,2021,1,43,35,3,0,目黒区,West
47,1971,2021,1,50,50,10,0,目黒区,West
68,2003,2021,1,18,85,9,0,目黒区,West
66,1974,2021,1,47,85,12,0,目黒区,West
64,2011,2021,1,10,65,9,0,目黒区,West
78,2016,2021,1,5,70,10,0,目黒区,West
80,2012,2021,1,9,85,10,0,目黒区,West
41,1996,2021,1,25,55,12,0,目黒区,West
65,2008,2021,1,13,70,12,0,目黒区,West
85,2004,2021,1,17,90,12,0,目黒区,West
15,1981,2021,1,40,25,8,0,目黒区,West
15,1981,2021,1,40,25,8,0,目黒区,West
55,2016,2021,1,5,40,12,0,目黒区,West
40,1977,2021,1,44,50,11,0,目黒区,West
54,2016,2021,1,5,40,12,0,目黒区,West
56,2016,2021,1,5,40,13,0,目黒区,West
62,1978,2021,1,43,70,9,0,目黒区,West
80,2016,2021,1,5,55,13,0,目黒区,West
56,1995,2021,1,26,60,12,0,目黒区,West
54,2016,2021,1,5,40,14,0,目黒区,West
99,2016,2021,1,5,75,12,0,目黒区,West
64,2005,2021,1,16,60,8,0,目黒区,West
55,1978,2021,1,43,65,6,0,目黒区,West
54,2016,2021,1,5,40,12,0,目黒区,West
54,2016,2021,1,5,40,12,0,目黒区,West
43,1977,2021,1,44,55,8,0,目黒区,West
85,2000,2021,1,21,80,6,0,目黒区,West
40,1973,2021,1,48,50,9,0,目黒区,West
29,1994,2021,1,27,40,10,0,目黒区,West
58,1976,2021,1,45,85,14,0,目黒区,West
18,1980,2021,1,41,35,3,0,目黒区,West
140,2013,2021,1,8,85,5,0,目黒区,West
52,2013,2021,1,8,40,5,0,目黒区,West
99,2013,2021,1,8,70,5,0,目黒区,West
80,2004,2021,1,17,65,5,0,目黒区,West
32,1982,2021,1,39,40,7,0,目黒区,West
120,2012,2021,1,9,80,5,0,目黒区,West
110,2012,2021,1,9,80,6,0,目黒区,West
16,1986,2021,1,35,25,7,0,目黒区,West
42,2009,2021,1,12,40,2,0,目黒区,West
35,1982,2021,1,39,50,7,0,目黒区,West
49,2011,2021,1,10,40,8,0,目黒区,West
31,1977,2021,1,44,35,13,0,目黒区,West
82,1999,2021,1,22,80,10,0,目黒区,West
41,1979,2023,1,44,40,8,1,目黒区,West
57,2000,2023,1,23,60,10,1,目黒区,West
110,1998,2023,1,25,75,9,1,目黒区,West
51,1983,2023,1,40,40,8,1,目黒区,West
50,1985,2023,1,38,45,5,1,目黒区,West
31,2005,2023,1,18,30,11,1,目黒区,West
79,1995,2023,1,28,55,7,1,目黒区,West
26,2005,2023,1,18,25,7,1,目黒区,West
57,1981,2023,1,42,65,11,1,目黒区,West
25,1982,2023,1,41,30,3,1,目黒区,West
71,1982,2023,1,41,65,2,1,目黒区,West
69,2008,2023,1,15,50,7,1,目黒区,West
70,1981,2023,1,42,65,11,1,目黒区,West
75,1996,2023,1,27,55,2,1,目黒区,West
130,2012,2023,1,11,70,3,1,目黒区,West
86,2004,2023,1,19,70,4,1,目黒区,West
64,1983,2023,1,40,65,3,1,目黒区,West
87,2018,2023,1,5,55,7,1,目黒区,West
110,1999,2023,1,24,80,6,1,目黒区,West
110,2005,2023,1,18,75,11,1,目黒区,West
47,1973,2023,1,50,55,7,1,目黒区,West
37,1982,2023,1,41,50,9,1,目黒区,West
52,2014,2023,1,9,40,9,1,目黒区,West
82,2018,2023,1,5,70,15,1,目黒区,West
28,1996,2023,1,27,35,8,1,目黒区,West
90,2012,2023,1,11,75,13,1,目黒区,West
88,2016,2023,1,7,60,6,1,目黒区,West
53,2009,2023,1,14,40,7,1,目黒区,West
96,2005,2023,1,18,85,11,1,目黒区,West
55,1982,2023,1,41,55,6,1,目黒区,West
120,2012,2023,1,11,75,5,1,目黒区,West
47,1974,2023,1,49,50,12,1,目黒区,West
120,2016,2023,1,7,75,6,1,目黒区,West
58,2013,2023,1,10,40,7,1,目黒区,West
59,2018,2023,1,5,40,9,1,目黒区,West
38,1973,2023,1,50,55,5,1,目黒区,West
48,1982,2023,1,41,40,5,1,目黒区,West
38,1978,2023,1,45,45,10,1,目黒区,West
99,1998,2023,1,25,75,10,1,目黒区,West
73,1998,2023,1,25,70,9,1,目黒区,West
32,1978,2023,1,45,40,9,1,目黒区,West
66,1998,2023,1,25,55,10,1,目黒区,West
12,1976,2023,1,47,35,1,1,目黒区,West
110,2002,2023,1,21,80,5,1,目黒区,West
16,1978,2023,1,45,25,3,1,目黒区,West
41,1985,2023,1,38,40,12,1,目黒区,West
50,1979,2023,1,44,55,10,1,目黒区,West
36,1999,2023,1,24,35,8,1,目黒区,West
56,2018,2023,1,5,45,12,1,目黒区,West
93,2011,2023,1,12,80,9,1,目黒区,West
63,1996,2023,1,27,60,10,1,目黒区,West
80,2015,2023,1,8,55,9,1,目黒区,West
33,1986,2023,1,37,45,7,1,目黒区,West
78,2016,2023,1,7,60,10,1,目黒区,West
46,1974,2023,1,49,55,12,1,目黒区,West
110,2014,2023,1,9,75,12,1,目黒区,West
85,2002,2023,1,21,70,13,1,目黒区,West
89,2011,2023,1,12,65,6,1,目黒区,West
51,2003,2023,1,20,50,1,1,目黒区,West
44,2009,2023,1,14,40,13,1,目黒区,West
59,2003,2023,1,20,55,15,1,目黒区,West
110,2005,2023,1,18,75,8,1,目黒区,West
52,2009,2023,1,14,55,13,1,目黒区,West
62,2003,2023,1,20,55,15,1,目黒区,West
62,2003,2023,1,20,55,15,1,目黒区,West
140,2012,2023,1,11,70,5,1,目黒区,West
64,2016,2023,1,7,40,12,1,目黒区,West
79,2015,2023,1,8,60,7,1,目黒区,West
130,2012,2023,1,11,75,6,1,目黒区,West
29,1992,2023,1,31,30,5,1,目黒区,West
83,1978,2023,1,45,75,6,1,目黒区,West
58,1989,2023,1,34,55,4,1,目黒区,West
94,2011,2023,1,12,70,4,1,目黒区,West
53,2017,2023,1,6,30,4,1,目黒区,West
97,2013,2023,1,10,65,1,1,目黒区,West
110,2013,2023,1,10,70,1,1,目黒区,West
18,1985,2023,1,38,25,9,1,目黒区,West
100,2017,2023,1,6,60,4,1,目黒区,West
52,2017,2023,1,6,30,4,1,目黒区,West
61,2015,2023,1,8,55,8,1,目黒区,West
85,1999,2023,1,24,70,9,1,目黒区,West
85,1999,2023,1,24,70,9,1,目黒区,West
130,1998,2023,1,25,90,13,1,目黒区,West
110,2015,2023,1,8,75,13,1,目黒区,West
86,2012,2023,1,11,65,9,1,目黒区,West
68,2009,2023,1,14,45,3,1,目黒区,West
59,2013,2023,1,10,40,6,1,目黒区,West
40,1980,2023,1,43,45,6,1,目黒区,West
50,2009,2023,1,14,40,3,1,目黒区,West
130,2013,2023,1,10,65,5,1,目黒区,West
100,2004,2023,1,19,75,5,1,目黒区,West
75,2003,2023,1,20,55,7,1,目黒区,West
26,1990,2023,1,33,40,12,1,目黒区,West
25,1977,2023,1,46,35,14,1,目黒区,West
69,2003,2023,1,20,45,5,1,目黒区,West
46,2011,2023,1,12,35,8,1,目黒区,West
62,1995,2023,1,28,50,9,1,目黒区,West
40,1982,2023,1,41,40,13,1,目黒区,West
31,2006,2021,1,15,40,5,0,大田区,West
32,1982,2021,1,39,60,11,0,大田区,West
56,2012,2021,1,9,70,11,0,大田区,West
47,2012,2021,1,9,65,12,0,大田区,West
28,1987,2021,1,34,55,2,0,大田区,West
51,2011,2021,1,10,65,8,0,大田区,West
18,2012,2021,1,9,25,5,0,大田区,West
51,2003,2021,1,18,85,11,0,大田区,West
31,1997,2021,1,24,65,12,0,大田区,West
53,1993,2021,1,28,90,7,0,大田区,West
47,2012,2021,1,9,65,4,0,大田区,West
48,2016,2021,1,5,55,4,0,大田区,West
55,2014,2021,1,7,75,9,0,大田区,West
59,2014,2021,1,7,75,10,0,大田区,West
33,1971,2021,1,50,55,8,0,大田区,West
49,2001,2021,1,20,70,2,0,大田区,West
43,1994,2021,1,27,60,9,0,大田区,West
43,2002,2021,1,19,65,7,0,大田区,West
50,2000,2021,1,21,70,7,0,大田区,West
56,2013,2021,1,8,70,10,0,大田区,West
42,2016,2021,1,5,50,2,0,大田区,West
45,2005,2021,1,16,65,1,0,大田区,West
32,1995,2021,1,26,60,9,0,大田区,West
41,2016,2021,1,5,50,2,0,大田区,West
19,1996,2021,1,25,30,3,0,大田区,West
66,2001,2021,1,20,75,3,0,大田区,West
20,1971,2021,1,50,50,4,0,大田区,West
59,2000,2021,1,21,75,6,0,大田区,West
43,2013,2021,1,8,50,5,0,大田区,West
50,1999,2021,1,22,65,1,0,大田区,West
43,2003,2021,1,18,65,1,0,大田区,West
12,1982,2021,1,39,30,10,0,大田区,West
27,2013,2021,1,8,45,7,0,大田区,West
48,2004,2021,1,17,60,3,0,大田区,West
33,2003,2021,1,18,40,3,0,大田区,West
61,2014,2021,1,7,70,9,0,大田区,West
17,1979,2021,1,42,35,7,0,大田区,West
55,1998,2021,1,23,70,5,0,大田区,West
25,1981,2021,1,40,65,12,0,大田区,West
52,2009,2021,1,12,75,15,0,大田区,West
27,1981,2021,1,40,65,4,0,大田区,West
60,2016,2021,1,5,65,15,0,大田区,West
48,2005,2021,1,16,75,15,0,大田区,West
41,1996,2021,1,25,75,9,0,大田区,West
62,2002,2021,1,19,85,5,0,大田区,West
32,1984,2021,1,37,70,7,0,大田区,West
41,1996,2021,1,25,65,4,0,大田区,West
28,1980,2021,1,41,60,3,0,大田区,West
20,1988,2021,1,33,45,5,0,大田区,West
17,2004,2021,1,17,25,3,0,大田区,West
17,1984,2021,1,37,45,4,0,大田区,West
43,1973,2021,1,48,65,5,0,大田区,West
22,2000,2021,1,21,30,4,0,大田区,West
40,2007,2021,1,14,45,3,0,大田区,West
20,2008,2021,1,13,25,3,0,大田区,West
51,1991,2021,1,30,65,2,0,大田区,West
57,2006,2021,1,15,85,12,0,大田区,West
18,1974,2021,1,47,50,9,0,大田区,West
47,2003,2021,1,18,80,11,0,大田区,West
40,1997,2021,1,24,60,11,0,大田区,West
15,1984,2021,1,37,35,11,0,大田区,West
55,1998,2021,1,23,85,9,0,大田区,West
55,2008,2021,1,13,75,13,0,大田区,West
43,2000,2021,1,21,65,5,0,大田区,West
26,1986,2021,1,35,50,8,0,大田区,West
51,2008,2021,1,13,65,4,0,大田区,West
28,1972,2021,1,49,50,4,0,大田区,West
60,2005,2021,1,16,80,8,0,大田区,West
17,2009,2021,1,12,25,9,0,大田区,West
20,1980,2021,1,41,40,7,0,大田区,West
24,1982,2021,1,39,45,6,0,大田区,West
25,1994,2021,1,27,60,10,0,大田区,West
40,2016,2021,1,5,65,9,0,大田区,West
28,1997,2021,1,24,60,14,0,大田区,West
39,1995,2021,1,26,55,13,0,大田区,West
50,2003,2021,1,18,75,8,0,大田区,West
8.9,1979,2021,1,42,30,4,0,大田区,West
63,2006,2021,1,15,80,4,0,大田区,West
63,2012,2021,1,9,55,4,0,大田区,West
12,1991,2021,1,30,30,4,0,大田区,West
14,1974,2021,1,47,40,13,0,大田区,West
68,2014,2021,1,7,70,8,0,大田区,West
26,2015,2021,1,6,30,9,0,大田区,West
37,1978,2021,1,43,75,4,0,大田区,West
68,2014,2021,1,7,70,8,0,大田区,West
13,1974,2021,1,47,25,1,0,大田区,West
100,2014,2021,1,7,75,3,0,大田区,West
88,2016,2021,1,5,75,7,0,大田区,West
55,2000,2021,1,21,80,13,0,大田区,West
36,2002,2021,1,19,70,7,0,大田区,West
83,2012,2021,1,9,80,6,0,大田区,West
49,2002,2021,1,19,85,8,0,大田区,West
84,2014,2021,1,7,85,7,0,大田区,West
32,2015,2021,1,6,45,11,0,大田区,West
40,2010,2021,1,11,55,7,0,大田区,West
53,2012,2021,1,9,65,12,0,大田区,West
25,1986,2021,1,35,50,10,0,大田区,West
45,2008,2021,1,13,65,8,0,大田区,West
51,1998,2021,1,23,75,8,0,大田区,West
47,1981,2021,1,40,65,2,0,大田区,West
43,2004,2021,1,17,75,4,0,大田区,West
14,1973,2021,1,48,30,2,0,大田区,West
43,2007,2021,1,14,75,10,0,大田区,West
58,2012,2021,1,9,70,13,0,大田区,West
24,1971,2021,1,50,50,3,0,大田区,West
60,2012,2021,1,9,75,13,0,大田区,West
54,2015,2021,1,6,60,5,0,大田区,West
30,1994,2021,1,27,60,14,0,大田区,West
30,2000,2021,1,21,40,4,0,大田区,West
40,2010,2021,1,11,65,4,0,大田区,West
23,1974,2021,1,47,40,2,0,大田区,West
32,1987,2021,1,34,60,10,0,大田区,West
15,2006,2021,1,15,25,5,0,大田区,West
50,2011,2021,1,10,75,7,0,大田区,West
28,2013,2021,1,8,35,1,0,大田区,West
14,1974,2021,1,47,35,7,0,大田区,West
41,1998,2021,1,23,65,9,0,大田区,West
40,2009,2021,1,12,65,10,0,大田区,West
9,1974,2021,1,47,35,7,0,大田区,West
62,2007,2021,1,14,75,2,0,大田区,West
46,2007,2021,1,14,55,2,0,大田区,West
17,1972,2021,1,49,50,6,0,大田区,West
46,2014,2021,1,7,65,4,0,大田区,West
35,1986,2021,1,35,75,11,0,大田区,West
60,2005,2021,1,16,65,5,0,大田区,West
42,2010,2021,1,11,55,4,0,大田区,West
30,1990,2021,1,31,65,12,0,大田区,West
38,1997,2021,1,24,70,7,0,大田区,West
37,1997,2021,1,24,70,7,0,大田区,West
33,2000,2021,1,21,65,11,0,大田区,West
47,2012,2021,1,9,65,12,0,大田区,West
52,2013,2023,1,10,60,7,1,大田区,West
67,2018,2023,1,5,70,5,1,大田区,West
23,2015,2023,1,8,30,8,1,大田区,West
28,2017,2023,1,6,35,4,1,大田区,West
54,1999,2023,1,24,60,7,1,大田区,West
65,2018,2023,1,5,65,5,1,大田区,West
19,1976,2023,1,47,40,6,1,大田区,West
65,1996,2023,1,27,60,5,1,大田区,West
37,1992,2023,1,31,55,3,1,大田区,West
67,2005,2023,1,18,75,7,1,大田区,West
60,1991,2023,1,32,90,6,1,大田区,West
65,2003,2023,1,20,85,13,1,大田区,West
30,1989,2023,1,34,60,11,1,大田区,West
35,2001,2023,1,22,45,1,1,大田区,West
52,2007,2023,1,16,70,11,1,大田区,West
50,1979,2023,1,44,65,9,1,大田区,West
56,2004,2023,1,19,70,9,1,大田区,West
61,2002,2023,1,21,75,7,1,大田区,West
59,1990,2023,1,33,90,5,1,大田区,West
61,2016,2023,1,7,60,2,1,大田区,West
42,1993,2023,1,30,65,11,1,大田区,West
93,2015,2023,1,8,90,2,1,大田区,West
76,2017,2023,1,6,70,4,1,大田区,West
41,2005,2023,1,18,60,8,1,大田区,West
70,2015,2023,1,8,65,3,1,大田区,West
72,2012,2023,1,11,75,7,1,大田区,West
49,2015,2023,1,8,45,3,1,大田区,West
28,2001,2023,1,22,35,7,1,大田区,West
56,2005,2023,1,18,55,7,1,大田区,West
42,1978,2023,1,45,75,3,1,大田区,West
47,1995,2023,1,28,65,8,1,大田区,West
69,2005,2023,1,18,70,7,1,大田区,West
59,1999,2023,1,24,70,12,1,大田区,West
43,1976,2023,1,47,70,3,1,大田区,West
47,2008,2023,1,15,45,4,1,大田区,West
100,2005,2023,1,18,90,4,1,大田区,West
50,2009,2023,1,14,75,11,1,大田区,West
70,2016,2023,1,7,75,15,1,大田区,West
9.5,1988,2023,1,35,25,5,1,大田区,West
50,2016,2023,1,7,65,15,1,大田区,West
52,2009,2023,1,14,70,12,1,大田区,West
58,2016,2023,1,7,65,11,1,大田区,West
49,2006,2023,1,17,65,4,1,大田区,West
18,2009,2023,1,14,25,11,1,大田区,West
26,2008,2023,1,15,40,13,1,大田区,West
17,1974,2023,1,49,45,13,1,大田区,West
53,1996,2023,1,27,65,4,1,大田区,West
50,1996,2023,1,27,60,4,1,大田区,West
9.5,1991,2023,1,32,25,8,1,大田区,West
37,2003,2023,1,20,80,14,1,大田区,West
23,2008,2023,1,15,25,3,1,大田区,West
83,2004,2023,1,19,85,2,1,大田区,West
46,1984,2023,1,39,75,10,1,大田区,West
23,2015,2023,1,8,30,8,1,大田区,West
100,2015,2023,1,8,70,1,1,大田区,West
20,2012,2023,1,11,25,5,1,大田区,West
20,1998,2023,1,25,25,7,1,大田区,West
21,2006,2023,1,17,25,5,1,大田区,West
87,2015,2023,1,8,65,1,1,大田区,West
20,2010,2023,1,13,25,3,1,大田区,West
57,2014,2023,1,9,60,4,1,大田区,West
22,2015,2023,1,8,30,8,1,大田区,West
30,2005,2023,1,18,35,1,1,大田区,West
50,2005,2023,1,18,65,15,1,大田区,West
47,1996,2023,1,27,60,3,1,大田区,West
85,2004,2023,1,19,80,5,1,大田区,West
54,2005,2023,1,18,70,6,1,大田区,West
52,2004,2023,1,19,75,11,1,大田区,West
67,2008,2023,1,15,75,13,1,大田区,West
32,2002,2023,1,21,75,15,1,大田区,West
45,2000,2023,1,23,65,5,1,大田区,West
24,1981,2023,1,42,50,6,1,大田区,West
63,2017,2023,1,6,70,10,1,大田区,West
27,2018,2023,1,5,30,6,1,大田区,West
43,2006,2023,1,17,60,11,1,大田区,West
57,2006,2023,1,17,70,11,1,大田区,West
50,2002,2023,1,21,65,3,1,大田区,West
65,2017,2023,1,6,70,10,1,大田区,West
37,2010,2023,1,13,40,4,1,大田区,West
66,2016,2023,1,7,75,7,1,大田区,West
44,1992,2023,1,31,75,4,1,大田区,West
55,2016,2023,1,7,70,7,1,大田区,West
60,1996,2023,1,27,75,11,1,大田区,West
23,2013,2023,1,10,25,6,1,大田区,West
24,2013,2023,1,10,25,6,1,大田区,West
46,1982,2023,1,41,70,11,1,大田区,West
58,2017,2023,1,6,75,10,1,大田区,West
55,2017,2023,1,6,70,10,1,大田区,West
58,2017,2023,1,6,70,10,1,大田区,West
61,2016,2023,1,7,75,10,1,大田区,West
27,1978,2023,1,45,55,6,1,大田区,West
30,1980,2023,1,43,50,3,1,大田区,West
28,1980,2023,1,43,45,2,1,大田区,West
35,2003,2023,1,20,45,4,1,大田区,West
56,1999,2023,1,24,65,6,1,大田区,West
68,2002,2023,1,21,60,2,1,大田区,West
68,2011,2023,1,12,70,3,1,大田区,West
64,2008,2023,1,15,65,6,1,大田区,West
75,2008,2023,1,15,75,6,1,大田区,West
93,2014,2023,1,9,70,2,1,大田区,West
34,2018,2023,1,5,35,11,1,大田区,West
45,1998,2023,1,25,65,13,1,大田区,West
61,2008,2023,1,15,85,11,1,大田区,West
40,1978,2023,1,45,65,5,1,大田区,West
120,2012,2023,1,11,85,4,1,大田区,West
70,2014,2023,1,9,65,7,1,大田区,West
59,2005,2023,1,18,80,12,1,大田区,West
14,1974,2023,1,49,40,7,1,大田区,West
33,1977,2023,1,46,45,3,1,大田区,West
47,2015,2023,1,8,45,5,1,大田区,West
40,2003,2023,1,20,55,10,1,大田区,West
28,2005,2023,1,18,55,5,1,大田区,West
63,2016,2023,1,7,80,4,1,大田区,West
48,2010,2023,1,13,70,2,1,大田区,West
14,1977,2023,1,46,45,10,1,大田区,West
48,2004,2023,1,19,70,7,1,大田区,West
52,1999,2023,1,24,75,9,1,大田区,West
35,2011,2023,1,12,45,6,1,大田区,West
89,2017,2023,1,6,85,4,1,大田区,West
52,1987,2023,1,36,75,6,1,大田区,West
54,2012,2023,1,11,65,5,1,大田区,West
45,1987,2023,1,36,65,5,1,大田区,West
65,2015,2023,1,8,75,4,1,大田区,West
33,1994,2023,1,29,55,6,1,大田区,West
15,1974,2023,1,49,35,7,1,大田区,West
57,2007,2023,1,16,75,9,1,大田区,West
36,1981,2023,1,42,65,13,1,大田区,West
51,1999,2023,1,24,70,9,1,大田区,West
22,1974,2023,1,49,40,8,1,大田区,West
42,1994,2023,1,29,55,6,1,大田区,West
40,1996,2023,1,27,70,12,1,大田区,West
21,1980,2023,1,43,55,11,1,大田区,West
41,1985,2023,1,38,85,10,1,大田区,West
30,2009,2023,1,14,35,6,1,大田区,West
40,1996,2023,1,27,60,4,1,大田区,West
34,1985,2023,1,38,60,3,1,大田区,West
40,1995,2023,1,28,60,7,1,大田区,West
77,2018,2023,1,5,75,7,1,大田区,West
64,2018,2023,1,5,65,7,1,大田区,West
72,2001,2023,1,22,80,14,1,大田区,West
73,2002,2023,1,21,85,10,1,大田区,West
18,1978,2023,1,45,40,8,1,大田区,West
40,1991,2023,1,32,80,8,1,大田区,West
47,2012,2023,1,11,65,12,1,大田区,West
36,1974,2021,1,47,75,4,0,世田谷区,West
73,2016,2021,1,5,70,10,0,世田谷区,West
77,2015,2021,1,6,75,3,0,世田谷区,West
92,2005,2021,1,16,90,9,0,世田谷区,West
21,2007,2021,1,14,25,5,0,世田谷区,West
43,2014,2021,1,7,65,13,0,世田谷区,West
50,1998,2021,1,23,75,15,0,世田谷区,West
44,1995,2021,1,26,55,15,0,世田谷区,West
31,1993,2021,1,28,60,15,0,世田谷区,West
39,1977,2021,1,44,70,13,0,世田谷区,West
34,1984,2021,1,37,50,13,0,世田谷区,West
33,1974,2021,1,47,55,5,0,世田谷区,West
47,1984,2021,1,37,55,7,0,世田谷区,West
27,1980,2021,1,41,50,10,0,世田谷区,West
28,1979,2021,1,42,65,15,0,世田谷区,West
68,2004,2021,1,17,70,15,0,世田谷区,West
59,2007,2021,1,14,70,6,0,世田谷区,West
74,1997,2021,1,24,60,2,0,世田谷区,West
61,2007,2021,1,14,80,9,0,世田谷区,West
28,2009,2021,1,12,35,7,0,世田谷区,West
33,2016,2021,1,5,40,3,0,世田谷区,West
59,2009,2021,1,12,80,6,0,世田谷区,West
20,1985,2021,1,36,45,4,0,世田谷区,West
33,2008,2021,1,13,50,7,0,世田谷区,West
61,2009,2021,1,12,85,8,0,世田谷区,West
63,1998,2021,1,23,90,6,0,世田谷区,West
35,1976,2021,1,45,85,8,0,世田谷区,West
34,1979,2021,1,42,75,4,0,世田谷区,West
66,2009,2021,1,12,90,6,0,世田谷区,West
32,2008,2021,1,13,60,7,0,世田谷区,West
40,1995,2021,1,26,65,4,0,世田谷区,West
63,2009,2021,1,12,90,8,0,世田谷区,West
55,2009,2021,1,12,75,14,0,世田谷区,West
55,1973,2021,1,48,80,12,0,世田谷区,West
55,1995,2021,1,26,80,11,0,世田谷区,West
70,1996,2021,1,25,70,7,0,世田谷区,West
73,2012,2021,1,9,70,4,0,世田谷区,West
60,2001,2021,1,20,60,3,0,世田谷区,West
11,1988,2021,1,33,25,2,0,世田谷区,West
35,1980,2021,1,41,75,3,0,世田谷区,West
58,2015,2021,1,6,75,13,0,世田谷区,West
34,1983,2021,1,38,55,9,0,世田谷区,West
53,2008,2021,1,13,75,14,0,世田谷区,West
46,1996,2021,1,25,60,6,0,世田谷区,West
22,2004,2021,1,17,35,7,0,世田谷区,West
20,1982,2021,1,39,40,10,0,世田谷区,West
26,1981,2021,1,40,65,7,0,世田谷区,West
79,2014,2021,1,7,75,10,0,世田谷区,West
59,1984,2021,1,37,70,7,0,世田谷区,West
57,2007,2021,1,14,80,5,0,世田谷区,West
30,1983,2021,1,38,65,14,0,世田谷区,West
39,1973,2021,1,48,80,9,0,世田谷区,West
56,2005,2021,1,16,55,5,0,世田谷区,West
50,1978,2021,1,43,65,3,0,世田谷区,West
74,2014,2021,1,7,70,2,0,世田谷区,West
40,1973,2021,1,48,55,2,0,世田谷区,West
75,2015,2021,1,6,75,9,0,世田谷区,West
41,1995,2021,1,26,55,3,0,世田谷区,West
38,1983,2021,1,38,55,3,0,世田谷区,West
30,1983,2021,1,38,55,4,0,世田谷区,West
120,2010,2021,1,11,80,6,0,世田谷区,West
46,1986,2021,1,35,65,9,0,世田谷区,West
99,2011,2021,1,10,75,3,0,世田谷区,West
130,2010,2021,1,11,90,6,0,世田谷区,West
42,1995,2021,1,26,55,5,0,世田谷区,West
64,2002,2021,1,19,70,5,0,世田谷区,West
88,2010,2021,1,11,65,6,0,世田谷区,West
48,2005,2021,1,16,55,7,0,世田谷区,West
66,2011,2021,1,10,75,9,0,世田谷区,West
50,2010,2021,1,11,75,14,0,世田谷区,West
62,2014,2021,1,7,75,10,0,世田谷区,West
67,2011,2021,1,10,80,9,0,世田谷区,West
64,2008,2021,1,13,75,9,0,世田谷区,West
60,2003,2021,1,18,85,11,0,世田谷区,West
62,2006,2021,1,15,80,10,0,世田谷区,West
65,2014,2021,1,7,75,10,0,世田谷区,West
62,1997,2021,1,24,85,9,0,世田谷区,West
70,1997,2021,1,24,70,8,0,世田谷区,West
100,2016,2021,1,5,70,3,0,世田谷区,West
40,1973,2021,1,48,60,3,0,世田谷区,West
38,1998,2021,1,23,40,10,0,世田谷区,West
30,1973,2021,1,48,40,1,0,世田谷区,West
63,2010,2021,1,11,75,8,0,世田谷区,West
58,2004,2021,1,17,85,13,0,世田谷区,West
58,2013,2021,1,8,75,13,0,世田谷区,West
24,1980,2021,1,41,45,8,0,世田谷区,West
46,1985,2021,1,36,60,14,0,世田谷区,West
22,2003,2021,1,18,25,6,0,世田谷区,West
68,1992,2021,1,29,80,6,0,世田谷区,West
11,1985,2021,1,36,25,10,0,世田谷区,West
59,2003,2021,1,18,65,7,0,世田谷区,West
52,2014,2021,1,7,55,10,0,世田谷区,West
35,2001,2021,1,20,40,7,0,世田谷区,West
15,1983,2021,1,38,30,7,0,世田谷区,West
24,2003,2021,1,18,35,10,0,世田谷区,West
67,2008,2021,1,13,80,7,0,世田谷区,West
79,2012,2021,1,9,80,10,0,世田谷区,West
86,2012,2021,1,9,80,7,0,世田谷区,West
53,1976,2021,1,45,65,6,0,世田谷区,West
40,1977,2021,1,44,60,14,0,世田谷区,West
64,2008,2021,1,13,80,7,0,世田谷区,West
55,1971,2021,1,50,85,5,0,世田谷区,West
51,2013,2021,1,8,75,6,0,世田谷区,West
33,1982,2021,1,39,50,7,0,世田谷区,West
48,2009,2021,1,12,55,7,0,世田谷区,West
42,1999,2021,1,22,65,4,0,世田谷区,West
51,2005,2021,1,16,80,15,0,世田谷区,West
51,2005,2021,1,16,65,6,0,世田谷区,West
70,2012,2021,1,9,70,9,0,世田谷区,West
72,2014,2021,1,7,70,9,0,世田谷区,West
74,2015,2021,1,6,55,2,0,世田谷区,West
70,2014,2021,1,7,65,4,0,世田谷区,West
44,2008,2021,1,13,55,15,0,世田谷区,West
72,2012,2021,1,9,90,13,0,世田谷区,West
79,2004,2021,1,17,75,10,0,世田谷区,West
99,2009,2021,1,12,90,10,0,世田谷区,West
67,2007,2021,1,14,70,13,0,世田谷区,West
89,2012,2021,1,9,80,13,0,世田谷区,West
75,2011,2021,1,10,75,4,0,世田谷区,West
78,2002,2021,1,19,80,7,0,世田谷区,West
82,2000,2021,1,21,75,5,0,世田谷区,West
55,1985,2021,1,36,80,13,0,世田谷区,West
55,2010,2021,1,11,65,9,0,世田谷区,West
35,1979,2021,1,42,35,2,0,世田谷区,West
69,2013,2021,1,8,80,7,0,世田谷区,West
59,2001,2021,1,20,60,12,0,世田谷区,West
47,2008,2021,1,13,55,3,0,世田谷区,West
60,2008,2021,1,13,70,14,0,世田谷区,West
59,2011,2021,1,10,70,10,0,世田谷区,West
52,1996,2021,1,25,70,10,0,世田谷区,West
49,1979,2021,1,42,80,13,0,世田谷区,West
87,2015,2021,1,6,80,12,0,世田谷区,West
58,2000,2021,1,21,65,12,0,世田谷区,West
72,1997,2021,1,24,70,11,0,世田谷区,West
60,1986,2021,1,35,85,5,0,世田谷区,West
62,1997,2021,1,24,65,2,0,世田谷区,West
73,2016,2021,1,5,55,3,0,世田谷区,West
25,2007,2021,1,14,25,2,0,世田谷区,West
75,2000,2021,1,21,75,6,0,世田谷区,West
80,2005,2021,1,16,75,7,0,世田谷区,West
52,2005,2021,1,16,75,10,0,世田谷区,West
49,1999,2021,1,22,65,9,0,世田谷区,West
34,1974,2021,1,47,70,8,0,世田谷区,West
77,2013,2021,1,8,75,10,0,世田谷区,West
71,2013,2021,1,8,75,9,0,世田谷区,West
28,1971,2021,1,50,40,9,0,世田谷区,West
94,2012,2021,1,9,75,7,0,世田谷区,West
56,2004,2021,1,17,65,8,0,世田谷区,West
90,2012,2021,1,9,70,7,0,世田谷区,West
95,2012,2021,1,9,75,7,0,世田谷区,West
95,2008,2021,1,13,80,7,0,世田谷区,West
71,2004,2021,1,17,70,10,0,世田谷区,West
17,1971,2021,1,50,30,8,0,世田谷区,West
41,2016,2021,1,5,35,5,0,世田谷区,West
43,2013,2021,1,8,50,2,0,世田谷区,West
43,2004,2021,1,17,60,6,0,世田谷区,West
11,1990,2021,1,31,25,8,0,世田谷区,West
18,1974,2021,1,47,40,11,0,世田谷区,West
56,2013,2021,1,8,65,9,0,世田谷区,West
33,2002,2021,1,19,55,4,0,世田谷区,West
35,2003,2021,1,18,45,3,0,世田谷区,West
41,2004,2021,1,17,55,6,0,世田谷区,West
60,2007,2021,1,14,75,10,0,世田谷区,West
40,2016,2021,1,5,45,15,0,世田谷区,West
67,2008,2021,1,13,85,14,0,世田谷区,West
57,2015,2021,1,6,70,14,0,世田谷区,West
74,2003,2021,1,18,90,8,0,世田谷区,West
58,2008,2021,1,13,65,5,0,世田谷区,West
46,1995,2021,1,26,60,9,0,世田谷区,West
68,2002,2021,1,19,85,10,0,世田谷区,West
64,2008,2021,1,13,75,6,0,世田谷区,West
68,2007,2021,1,14,75,11,0,世田谷区,West
75,2007,2021,1,14,80,11,0,世田谷区,West
24,1973,2021,1,48,50,15,0,世田谷区,West
30,1984,2021,1,37,60,12,0,世田谷区,West
48,2008,2021,1,13,65,6,0,世田谷区,West
73,1995,2021,1,26,80,6,0,世田谷区,West
62,2005,2021,1,16,60,11,0,世田谷区,West
56,2003,2021,1,18,55,2,0,世田谷区,West
59,2005,2021,1,16,65,11,0,世田谷区,West
79,2004,2021,1,17,85,11,0,世田谷区,West
48,1978,2021,1,43,55,2,0,世田谷区,West
40,2003,2021,1,18,40,8,0,世田谷区,West
67,2004,2021,1,17,75,11,0,世田谷区,West
66,2012,2021,1,9,75,9,0,世田谷区,West
55,2015,2021,1,6,60,13,0,世田谷区,West
80,2001,2021,1,20,90,11,0,世田谷区,West
55,2002,2021,1,19,60,9,0,世田谷区,West
55,1978,2021,1,43,80,9,0,世田谷区,West
11,1973,2021,1,48,25,1,0,世田谷区,West
23,1987,2021,1,34,45,3,0,世田谷区,West
45,2010,2021,1,11,65,4,0,世田谷区,West
47,1975,2021,1,46,60,3,0,世田谷区,West
50,1998,2021,1,23,60,3,0,世田谷区,West
60,2003,2021,1,18,70,8,0,世田谷区,West
44,1979,2021,1,42,65,6,0,世田谷区,West
86,2007,2021,1,14,90,7,0,世田谷区,West
70,2000,2021,1,21,90,10,0,世田谷区,West
65,2003,2021,1,18,75,12,0,世田谷区,West
90,2016,2021,1,5,75,10,0,世田谷区,West
70,2003,2021,1,18,80,12,0,世田谷区,West
27,1980,2021,1,41,45,6,0,世田谷区,West
27,1983,2021,1,38,45,14,0,世田谷区,West
38,2009,2021,1,12,40,7,0,世田谷区,West
43,1997,2021,1,24,60,13,0,世田谷区,West
45,1999,2021,1,22,55,13,0,世田谷区,West
52,2000,2021,1,21,70,12,0,世田谷区,West
93,2016,2021,1,5,80,10,0,世田谷区,West
54,2001,2021,1,20,65,13,0,世田谷区,West
45,2009,2021,1,12,45,7,0,世田谷区,West
40,1978,2021,1,43,60,10,0,世田谷区,West
62,2003,2021,1,18,60,9,0,世田谷区,West
65,2004,2021,1,17,65,12,0,世田谷区,West
17,1987,2021,1,34,25,10,0,世田谷区,West
31,1975,2021,1,46,45,11,0,世田谷区,West
52,2010,2021,1,11,45,9,0,世田谷区,West
73,2011,2021,1,10,75,13,0,世田谷区,West
80,2004,2021,1,17,80,11,0,世田谷区,West
38,1974,2021,1,47,55,1,0,世田谷区,West
83,2006,2021,1,15,80,8,0,世田谷区,West
58,2004,2021,1,17,60,2,0,世田谷区,West
98,2015,2023,1,8,85,5,1,世田谷区,West
77,2006,2023,1,17,80,7,1,世田谷区,West
80,2006,2023,1,17,85,7,1,世田谷区,West
39,2017,2023,1,6,35,5,1,世田谷区,West
65,2016,2023,1,7,60,11,1,世田谷区,West
88,2015,2023,1,8,70,4,1,世田谷区,West
21,2007,2023,1,16,25,5,1,世田谷区,West
40,1993,2023,1,30,50,15,1,世田谷区,West
51,1997,2023,1,26,70,9,1,世田谷区,West
47,2003,2023,1,20,45,6,1,世田谷区,West
62,1984,2023,1,39,90,7,1,世田谷区,West
12,1991,2023,1,32,30,6,1,世田谷区,West
22,2005,2023,1,18,30,7,1,世田谷区,West
61,1996,2023,1,27,60,15,1,世田谷区,West
30,2014,2023,1,9,25,3,1,世田谷区,West
60,1989,2023,1,34,85,6,1,世田谷区,West
80,2007,2023,1,16,80,11,1,世田谷区,West
74,2011,2023,1,12,60,5,1,世田谷区,West
18,1995,2023,1,28,35,7,1,世田谷区,West
44,1982,2023,1,41,50,2,1,世田谷区,West
68,2009,2023,1,14,85,9,1,世田谷区,West
47,1976,2023,1,47,70,4,1,世田谷区,West
58,2009,2023,1,14,85,7,1,世田谷区,West
35,2008,2023,1,15,45,7,1,世田谷区,West
30,1996,2023,1,27,40,8,1,世田谷区,West
23,1978,2023,1,45,50,12,1,世田谷区,West
75,1982,2023,1,41,80,11,1,世田谷区,West
80,2005,2023,1,18,65,8,1,世田谷区,West
79,2018,2023,1,5,55,2,1,世田谷区,West
65,1982,2023,1,41,60,1,1,世田谷区,West
80,1997,2023,1,26,55,1,1,世田谷区,West
43,1987,2023,1,36,80,5,1,世田谷区,West
46,1998,2023,1,25,55,15,1,世田谷区,West
69,2015,2023,1,8,75,10,1,世田谷区,West
72,2016,2023,1,7,75,3,1,世田谷区,West
39,1976,2023,1,47,55,1,1,世田谷区,West
37,1998,2023,1,25,45,9,1,世田谷区,West
52,1990,2023,1,33,80,11,1,世田谷区,West
57,2007,2023,1,16,65,5,1,世田谷区,West
55,1994,2023,1,29,65,12,1,世田谷区,West
83,2002,2023,1,21,75,6,1,世田谷区,West
94,2005,2023,1,18,75,7,1,世田谷区,West
74,2004,2023,1,19,65,3,1,世田谷区,West
99,2016,2023,1,7,70,6,1,世田谷区,West
67,1994,2023,1,29,80,12,1,世田谷区,West
77,2004,2023,1,19,75,11,1,世田谷区,West
12,1979,2023,1,44,40,2,1,世田谷区,West
87,2016,2023,1,7,70,7,1,世田谷区,West
52,1995,2023,1,28,65,3,1,世田谷区,West
60,1986,2023,1,37,75,5,1,世田谷区,West
82,2016,2023,1,7,65,7,1,世田谷区,West
57,1996,2023,1,27,55,2,1,世田谷区,West
78,1991,2023,1,32,75,12,1,世田谷区,West
90,1996,2023,1,27,75,5,1,世田谷区,West
64,1991,2023,1,32,60,12,1,世田谷区,West
120,2010,2023,1,13,70,6,1,世田谷区,West
34,1978,2023,1,45,55,8,1,世田谷区,West
65,2010,2023,1,13,55,6,1,世田谷区,West
75,1979,2023,1,44,75,3,1,世田谷区,West
46,1999,2023,1,24,40,5,1,世田谷区,West
95,2015,2023,1,8,75,5,1,世田谷区,West
130,2010,2023,1,13,70,8,1,世田谷区,West
85,1999,2023,1,24,80,5,1,世田谷区,West
120,2005,2023,1,18,75,2,1,世田谷区,West
150,2010,2023,1,13,80,7,1,世田谷区,West
62,1974,2023,1,49,90,7,1,世田谷区,West
70,2007,2023,1,16,70,6,1,世田谷区,West
54,2017,2023,1,6,75,15,1,世田谷区,West
84,2014,2023,1,9,90,12,1,世田谷区,West
46,2012,2023,1,11,60,15,1,世田谷区,West
85,2011,2023,1,12,90,8,1,世田谷区,West
70,2003,2023,1,20,85,13,1,世田谷区,West
75,2011,2023,1,12,70,8,1,世田谷区,West
65,2003,2023,1,20,75,12,1,世田谷区,West
24,2009,2023,1,14,25,5,1,世田谷区,West
21,1981,2023,1,42,45,2,1,世田谷区,West
37,1978,2023,1,45,45,6,1,世田谷区,West
88,2013,2023,1,10,70,8,1,世田谷区,West
82,2018,2023,1,5,80,6,1,世田谷区,West
80,2018,2023,1,5,80,6,1,世田谷区,West
77,2018,2023,1,5,75,6,1,世田谷区,West
60,2010,2023,1,13,75,11,1,世田谷区,West
80,2018,2023,1,5,70,6,1,世田谷区,West
82,2018,2023,1,5,75,7,1,世田谷区,West
54,2004,2023,1,19,70,11,1,世田谷区,West
78,1997,2023,1,26,80,10,1,世田谷区,West
69,1992,2023,1,31,80,6,1,世田谷区,West
110,2012,2023,1,11,75,9,1,世田谷区,West
35,1979,2023,1,44,55,8,1,世田谷区,West
26,1978,2023,1,45,45,9,1,世田谷区,West
51,2013,2023,1,10,70,6,1,世田谷区,West
60,2004,2023,1,19,60,1,1,世田谷区,West
76,2000,2023,1,23,65,5,1,世田谷区,West
60,2007,2023,1,16,70,10,1,世田谷区,West
55,2005,2023,1,18,65,6,1,世田谷区,West
79,2005,2023,1,18,85,6,1,世田谷区,West
110,2015,2023,1,8,75,2,1,世田谷区,West
66,2015,2023,1,8,45,2,1,世田谷区,West
27,1978,2023,1,45,35,5,1,世田谷区,West
34,1980,2023,1,43,50,4,1,世田谷区,West
53,2001,2023,1,22,55,10,1,世田谷区,West
45,2007,2023,1,16,40,9,1,世田谷区,West
55,2004,2023,1,19,50,12,1,世田谷区,West
100,2018,2023,1,5,75,11,1,世田谷区,West
47,1985,2023,1,38,45,10,1,世田谷区,West
82,2006,2023,1,17,70,10,1,世田谷区,West
110,2000,2023,1,23,90,4,1,世田谷区,West
57,2018,2023,1,5,35,5,1,世田谷区,West
85,2012,2023,1,11,60,5,1,世田谷区,West
58,2005,2023,1,18,55,2,1,世田谷区,West
92,2014,2023,1,9,75,10,1,世田谷区,West
100,2008,2023,1,15,70,11,1,世田谷区,West
27,2003,2023,1,20,25,8,1,世田谷区,West
130,2008,2023,1,15,70,10,1,世田谷区,West
36,1979,2023,1,44,35,3,1,世田谷区,West
77,2015,2023,1,8,75,15,1,世田谷区,West
77,2007,2023,1,16,60,6,1,世田谷区,West
29,1978,2023,1,45,55,3,1,世田谷区,West
24,1985,2023,1,38,40,13,1,世田谷区,West
36,1974,2023,1,49,50,10,1,世田谷区,West
63,1991,2023,1,32,85,13,1,世田谷区,West
40,2007,2023,1,16,45,6,1,世田谷区,West
83,2006,2023,1,17,75,9,1,世田谷区,West
74,2007,2023,1,16,80,6,1,世田谷区,West
87,2002,2023,1,21,80,11,1,世田谷区,West
77,2007,2023,1,16,60,6,1,世田谷区,West
95,2005,2023,1,18,85,13,1,世田谷区,West
69,1999,2023,1,24,75,4,1,世田谷区,West
46,1983,2023,1,40,60,11,1,世田谷区,West
68,2005,2023,1,18,70,14,1,世田谷区,West
90,1999,2023,1,24,90,4,1,世田谷区,West
69,2009,2023,1,14,70,8,1,世田谷区,West
52,1979,2023,1,44,85,9,1,世田谷区,West
100,2005,2023,1,18,90,7,1,世田谷区,West
75,2015,2023,1,8,60,5,1,世田谷区,West
58,1978,2023,1,45,70,8,1,世田谷区,West
85,2005,2023,1,18,75,10,1,世田谷区,West
68,2004,2023,1,19,60,3,1,世田谷区,West
61,2001,2023,1,22,65,7,1,世田谷区,West
80,2000,2023,1,23,80,6,1,世田谷区,West
18,1979,2023,1,44,40,7,1,世田谷区,West
72,1976,2023,1,47,85,6,1,世田谷区,West
87,2004,2023,1,19,70,11,1,世田谷区,West
85,2012,2023,1,11,55,7,1,世田谷区,West
40,1978,2023,1,45,50,12,1,世田谷区,West
110,2012,2023,1,11,75,8,1,世田谷区,West
54,2013,2023,1,10,60,9,1,世田谷区,West
74,2002,2023,1,21,80,5,1,世田谷区,West
72,2015,2023,1,8,75,13,1,世田谷区,West
88,2017,2023,1,6,90,15,1,世田谷区,West
51,2005,2023,1,18,65,10,1,世田谷区,West
72,2010,2023,1,13,70,12,1,世田谷区,West
70,2016,2023,1,7,75,14,1,世田谷区,West
36,1976,2023,1,47,50,10,1,世田谷区,West
67,2015,2023,1,8,70,14,1,世田谷区,West
45,1994,2023,1,29,75,10,1,世田谷区,West
87,2007,2023,1,16,80,12,1,世田谷区,West
83,2007,2023,1,16,90,12,1,世田谷区,West
60,1992,2023,1,31,90,14,1,世田谷区,West
50,1983,2023,1,40,45,1,1,世田谷区,West
55,2005,2023,1,18,55,13,1,世田谷区,West
71,2005,2023,1,18,60,9,1,世田谷区,West
50,1983,2023,1,40,50,6,1,世田谷区,West
58,1978,2023,1,45,50,2,1,世田谷区,West
31,1981,2023,1,42,60,1,1,世田谷区,West
40,2010,2023,1,13,40,8,1,世田谷区,West
79,2002,2023,1,21,75,10,1,世田谷区,West
80,2008,2023,1,15,75,12,1,世田谷区,West
83,2000,2023,1,23,75,9,1,世田谷区,West
71,2000,2023,1,23,70,9,1,世田谷区,West
71,2017,2023,1,6,55,4,1,世田谷区,West
59,1994,2023,1,29,70,5,1,世田谷区,West
65,2003,2023,1,20,70,8,1,世田谷区,West
39,1987,2023,1,36,45,3,1,世田谷区,West
33,1987,2023,1,36,45,3,1,世田谷区,West
42,1999,2023,1,24,45,4,1,世田谷区,West
94,1999,2023,1,24,80,5,1,世田谷区,West
80,2002,2023,1,21,80,3,1,世田谷区,West
110,2007,2023,1,16,85,4,1,世田谷区,West
95,2010,2023,1,13,80,9,1,世田谷区,West
83,2000,2023,1,23,85,10,1,世田谷区,West
120,2016,2023,1,7,90,10,1,世田谷区,West
100,2016,2023,1,7,85,10,1,世田谷区,West
64,2012,2023,1,11,85,11,1,世田谷区,West
31,1980,2023,1,43,45,6,1,世田谷区,West
85,2011,2023,1,12,70,7,1,世田谷区,West
61,1981,2023,1,42,70,10,1,世田谷区,West
32,1985,2023,1,38,40,5,1,世田谷区,West
97,2016,2023,1,7,80,10,1,世田谷区,West
45,1974,2023,1,49,60,10,1,世田谷区,West
80,1997,2023,1,26,75,9,1,世田谷区,West
75,2002,2023,1,21,75,8,1,世田谷区,West
41,2009,2023,1,14,40,7,1,世田谷区,West
60,2004,2023,1,19,55,12,1,世田谷区,West
53,2003,2023,1,20,60,9,1,世田谷区,West
38,1981,2023,1,42,45,9,1,世田谷区,West
34,2004,2023,1,19,35,10,1,世田谷区,West
33,2004,2023,1,19,35,10,1,世田谷区,West
40,1983,2023,1,40,45,7,1,世田谷区,West
27,2003,2021,1,18,25,1,0,CBD,CBD
47,2009,2021,1,12,50,6,0,CBD,CBD
38,2009,2021,1,12,40,6,0,CBD,CBD
27,1971,2021,1,50,40,6,0,CBD,CBD
110,1997,2021,1,24,80,6,0,CBD,CBD
40,2009,2021,1,12,40,6,0,CBD,CBD
77,1984,2021,1,37,65,7,0,CBD,CBD
68,1971,2021,1,50,60,8,0,CBD,CBD
70,2002,2021,1,19,45,9,0,CBD,CBD
50,2004,2021,1,17,35,8,0,CBD,CBD
100,2000,2021,1,21,60,1,0,CBD,CBD
20,1981,2021,1,40,25,6,0,CBD,CBD
40,1973,2021,1,48,45,2,0,CBD,CBD
38,1975,2021,1,46,50,4,0,CBD,CBD
20,2003,2021,1,18,25,1,0,CBD,CBD
62,2013,2021,1,8,70,11,0,CBD,CBD
57,1986,2021,1,35,65,6,0,CBD,CBD
60,2013,2021,1,8,75,11,0,CBD,CBD
140,2015,2021,1,6,75,5,0,CBD,CBD
68,2013,2021,1,8,60,12,0,CBD,CBD
76,2013,2021,1,8,65,12,0,CBD,CBD
70,2008,2021,1,13,55,11,0,CBD,CBD
110,2013,2021,1,8,70,9,0,CBD,CBD
40,1979,2021,1,42,50,3,0,CBD,CBD
25,1971,2021,1,50,40,1,0,CBD,CBD
64,1980,2021,1,41,80,1,0,CBD,CBD
18,1983,2021,1,38,25,10,0,CBD,CBD
62,1999,2021,1,22,60,8,0,CBD,CBD
36,1999,2021,1,22,35,9,0,CBD,CBD
24,1971,2021,1,50,45,2,0,CBD,CBD
71,1997,2021,1,24,75,6,0,CBD,CBD
91,2014,2021,1,7,65,10,0,CBD,CBD
130,2015,2021,1,6,70,7,0,CBD,CBD
150,2011,2021,1,10,75,8,0,CBD,CBD
38,2010,2021,1,11,35,7,0,CBD,CBD
150,2016,2021,1,5,75,1,0,CBD,CBD
72,2016,2021,1,5,40,1,0,CBD,CBD
75,1998,2021,1,23,60,2,0,CBD,CBD
67,1972,2021,1,49,65,5,0,CBD,CBD
73,2015,2021,1,6,65,12,0,CBD,CBD
74,2000,2021,1,21,70,10,0,CBD,CBD
64,2000,2021,1,21,60,10,0,CBD,CBD
28,2000,2021,1,21,35,3,0,CBD,CBD
69,2013,2021,1,8,60,6,0,CBD,CBD
50,2006,2021,1,15,60,3,0,CBD,CBD
24,1992,2021,1,29,30,5,0,CBD,CBD
19,1976,2021,1,45,25,7,0,CBD,CBD
38,2005,2021,1,16,30,4,0,CBD,CBD
35,2011,2021,1,10,35,4,0,CBD,CBD
69,2002,2021,1,19,70,5,0,CBD,CBD
31,2000,2021,1,21,30,5,0,CBD,CBD
42,1978,2021,1,43,65,4,0,CBD,CBD
60,2003,2021,1,18,55,3,0,CBD,CBD
25,1973,2021,1,48,30,5,0,CBD,CBD
35,1983,2021,1,38,40,4,0,CBD,CBD
67,1978,2021,1,43,70,4,0,CBD,CBD
55,2003,2021,1,18,45,3,0,CBD,CBD
80,2016,2021,1,5,55,10,0,CBD,CBD
25,1997,2021,1,24,25,2,0,CBD,CBD
85,2003,2021,1,18,60,6,0,CBD,CBD
75,2016,2021,1,5,55,10,0,CBD,CBD
62,2004,2021,1,17,55,8,0,CBD,CBD
85,2016,2021,1,5,55,10,0,CBD,CBD
86,1998,2021,1,23,70,8,0,CBD,CBD
140,2000,2021,1,21,85,6,0,CBD,CBD
110,2000,2021,1,21,75,5,0,CBD,CBD
44,2001,2021,1,20,45,8,0,CBD,CBD
46,2002,2021,1,19,40,7,0,CBD,CBD
59,2009,2021,1,12,45,9,0,CBD,CBD
17,1984,2021,1,37,35,1,0,CBD,CBD
45,1984,2021,1,37,50,6,0,CBD,CBD
23,1974,2021,1,47,25,5,0,CBD,CBD
120,2000,2021,1,21,75,7,0,CBD,CBD
97,2003,2021,1,18,50,8,0,CBD,CBD
150,2001,2021,1,20,85,4,0,CBD,CBD
24,1980,2021,1,41,30,4,0,CBD,CBD
66,1974,2021,1,47,85,4,0,CBD,CBD
60,2014,2021,1,7,45,1,0,CBD,CBD
38,1971,2021,1,50,40,4,0,CBD,CBD
50,2004,2021,1,17,40,4,0,CBD,CBD
93,2002,2021,1,19,65,8,0,CBD,CBD
54,2004,2021,1,17,70,6,0,CBD,CBD
37,1999,2021,1,22,40,5,0,CBD,CBD
93,2005,2021,1,16,90,8,0,CBD,CBD
56,2013,2021,1,8,55,7,0,CBD,CBD
47,1978,2021,1,43,55,1,0,CBD,CBD
80,1996,2021,1,25,85,6,0,CBD,CBD
39,1978,2021,1,43,55,1,0,CBD,CBD
75,2006,2021,1,15,65,6,0,CBD,CBD
70,1983,2023,1,40,60,7,1,CBD,CBD
130,2015,2023,1,8,70,9,1,CBD,CBD
170,1999,2023,1,24,80,8,1,CBD,CBD
48,1981,2023,1,42,35,5,1,CBD,CBD
27,1985,2023,1,38,30,4,1,CBD,CBD
78,1998,2023,1,25,55,4,1,CBD,CBD
20,1981,2023,1,42,25,6,1,CBD,CBD
35,1975,2023,1,48,50,4,1,CBD,CBD
53,2018,2023,1,5,45,10,1,CBD,CBD
35,2004,2023,1,19,35,4,1,CBD,CBD
15,1975,2023,1,48,30,1,1,CBD,CBD
38,2004,2023,1,19,40,4,1,CBD,CBD
81,2018,2023,1,5,60,9,1,CBD,CBD
33,1974,2023,1,49,55,4,1,CBD,CBD
94,2018,2023,1,5,70,9,1,CBD,CBD
31,1978,2023,1,45,40,5,1,CBD,CBD
23,1978,2023,1,45,50,4,1,CBD,CBD
16,1976,2023,1,47,30,4,1,CBD,CBD
48,1982,2023,1,41,50,3,1,CBD,CBD
73,2013,2023,1,10,60,12,1,CBD,CBD
38,1984,2023,1,39,45,9,1,CBD,CBD
140,2014,2023,1,9,85,14,1,CBD,CBD
130,2014,2023,1,9,80,14,1,CBD,CBD
85,1977,2023,1,46,75,5,1,CBD,CBD
88,2004,2023,1,19,60,7,1,CBD,CBD
120,2013,2023,1,10,85,4,1,CBD,CBD
31,2004,2023,1,19,25,7,1,CBD,CBD
120,2000,2023,1,23,65,4,1,CBD,CBD
40,1979,2023,1,44,45,3,1,CBD,CBD
25,1999,2023,1,24,25,8,1,CBD,CBD
35,1973,2023,1,50,40,6,1,CBD,CBD
95,1980,2023,1,43,75,6,1,CBD,CBD
190,2003,2023,1,20,90,8,1,CBD,CBD
140,2013,2023,1,10,70,4,1,CBD,CBD
43,2010,2023,1,13,35,7,1,CBD,CBD
57,1978,2023,1,45,60,6,1,CBD,CBD
44,1982,2023,1,41,45,4,1,CBD,CBD
58,1986,2023,1,37,45,3,1,CBD,CBD
78,2003,2023,1,20,60,5,1,CBD,CBD
49,1985,2023,1,38,45,5,1,CBD,CBD
93,2018,2023,1,5,60,5,1,CBD,CBD
52,2015,2023,1,8,35,4,1,CBD,CBD
94,2018,2023,1,5,60,5,1,CBD,CBD
50,1980,2023,1,43,45,3,1,CBD,CBD
50,1999,2023,1,24,40,4,1,CBD,CBD
57,2016,2023,1,7,60,8,1,CBD,CBD
80,1998,2023,1,25,75,3,1,CBD,CBD
62,2016,2023,1,7,60,8,1,CBD,CBD
23,1980,2023,1,43,30,5,1,CBD,CBD
17,1976,2023,1,47,25,8,1,CBD,CBD
88,2014,2023,1,9,55,7,1,CBD,CBD
70,2000,2023,1,23,60,5,1,CBD,CBD
49,2005,2023,1,18,40,6,1,CBD,CBD
18,1976,2023,1,47,25,7,1,CBD,CBD
25,2005,2023,1,18,25,3,1,CBD,CBD
69,2014,2023,1,9,45,7,1,CBD,CBD
85,2000,2023,1,23,65,5,1,CBD,CBD
48,1980,2023,1,43,70,5,1,CBD,CBD
50,1978,2023,1,45,50,5,1,CBD,CBD
50,1985,2023,1,38,45,5,1,CBD,CBD
83,1999,2023,1,24,65,10,1,CBD,CBD
35,1973,2023,1,50,45,5,1,CBD,CBD
41,1981,2023,1,42,45,2,1,CBD,CBD
150,1983,2023,1,40,75,5,1,CBD,CBD
37,1982,2023,1,41,30,2,1,CBD,CBD
76,2002,2023,1,21,60,9,1,CBD,CBD
99,2000,2023,1,23,50,6,1,CBD,CBD
110,2012,2023,1,11,70,6,1,CBD,CBD
44,2009,2023,1,14,30,9,1,CBD,CBD
18,2003,2023,1,20,25,2,1,CBD,CBD
44,1996,2023,1,27,45,9,1,CBD,CBD
38,1984,2023,1,39,45,7,1,CBD,CBD
19,1973,2023,1,50,30,3,1,CBD,CBD
32,2016,2023,1,7,35,4,1,CBD,CBD
87,2014,2023,1,9,40,3,1,CBD,CBD
200,2003,2023,1,20,75,8,1,CBD,CBD
24,1984,2023,1,39,30,5,1,CBD,CBD
83,1999,2023,1,24,65,3,1,CBD,CBD
78,2004,2023,1,19,70,5,1,CBD,CBD
47,2006,2023,1,17,30,1,1,CBD,CBD
80,1979,2023,1,44,65,5,1,CBD,CBD
140,2002,2023,1,21,75,9,1,CBD,CBD
23,1982,2023,1,41,45,2,1,CBD,CBD
84,2001,2023,1,22,70,6,1,CBD,CBD
81,2010,2023,1,13,60,6,1,CBD,CBD
54,1978,2023,1,45,55,1,1,CBD,CBD
62,2007,2023,1,16,45,8,1,CBD,CBD
64,2015,2021,1,6,70,4,0,中野区,West
38,1991,2021,1,30,80,2,0,中野区,West
53,2007,2021,1,14,80,6,0,中野区,West
68,2015,2021,1,6,75,4,0,中野区,West
70,2015,2021,1,6,75,4,0,中野区,West
29,2009,2021,1,12,40,7,0,中野区,West
40,2000,2021,1,21,60,4,0,中野区,West
29,1999,2021,1,22,40,5,0,中野区,West
27,2009,2021,1,12,45,10,0,中野区,West
63,1998,2021,1,23,90,9,0,中野区,West
55,1998,2021,1,23,80,9,0,中野区,West
26,2005,2021,1,16,25,3,0,中野区,West
77,2013,2021,1,8,80,7,0,中野区,West
16,1971,2021,1,50,30,6,0,中野区,West
66,1993,2021,1,28,70,4,0,中野区,West
40,1991,2021,1,30,50,8,0,中野区,West
55,2010,2021,1,11,75,7,0,中野区,West
50,2013,2021,1,8,70,6,0,中野区,West
50,2010,2021,1,11,75,7,0,中野区,West
66,2012,2021,1,9,50,2,0,中野区,West
34,1993,2021,1,28,55,3,0,中野区,West
63,2000,2021,1,21,90,6,0,中野区,West
73,2013,2021,1,8,65,4,0,中野区,West
62,2002,2021,1,19,65,5,0,中野区,West
42,1974,2021,1,47,55,7,0,中野区,West
76,2015,2021,1,6,75,3,0,中野区,West
110,2015,2021,1,6,80,1,0,中野区,West
90,2015,2021,1,6,70,1,0,中野区,West
46,1971,2021,1,50,70,1,0,中野区,West
34,2011,2021,1,10,40,3,0,中野区,West
61,2016,2021,1,5,55,1,0,中野区,West
9.8,1988,2021,1,33,25,9,0,中野区,West
42,2011,2021,1,10,50,12,0,中野区,West
40,2014,2021,1,7,45,8,0,中野区,West
58,2000,2021,1,21,70,7,0,中野区,West
77,1997,2021,1,24,90,14,0,中野区,West
65,2013,2021,1,8,60,11,0,中野区,West
46,1998,2021,1,23,80,13,0,中野区,West
59,2003,2021,1,18,85,7,0,中野区,West
33,2000,2021,1,21,55,5,0,中野区,West
43,2001,2021,1,20,55,12,0,中野区,West
55,2001,2021,1,20,85,6,0,中野区,West
37,2000,2021,1,21,55,5,0,中野区,West
35,2004,2021,1,17,45,10,0,中野区,West
20,1973,2021,1,48,35,5,0,中野区,West
72,2011,2021,1,10,75,8,0,中野区,West
41,1994,2021,1,27,45,2,0,中野区,West
50,2015,2021,1,6,50,3,0,中野区,West
44,2015,2021,1,6,45,3,0,中野区,West
18,1994,2021,1,27,30,6,0,中野区,West
20,1973,2021,1,48,45,4,0,中野区,West
18,1983,2021,1,38,55,7,0,中野区,West
55,2015,2021,1,6,65,4,0,中野区,West
50,2006,2021,1,15,75,6,0,中野区,West
54,2003,2021,1,18,65,1,0,中野区,West
27,1974,2021,1,47,60,5,0,中野区,West
35,1984,2021,1,37,50,8,0,中野区,West
66,2011,2021,1,10,75,8,0,中野区,West
51,2007,2021,1,14,60,8,0,中野区,West
35,1973,2021,1,48,70,6,0,中野区,West
62,2005,2021,1,16,75,9,0,中野区,West
58,2005,2021,1,16,70,5,0,中野区,West
68,2015,2021,1,6,70,7,0,中野区,West
57,2007,2023,1,16,85,8,1,中野区,West
85,2017,2023,1,6,80,6,1,中野区,West
69,2015,2023,1,8,70,4,1,中野区,West
73,2015,2023,1,8,75,5,1,中野区,West
95,2015,2023,1,8,90,4,1,中野区,West
80,2015,2023,1,8,80,4,1,中野区,West
73,2004,2023,1,19,75,10,1,中野区,West
37,2006,2023,1,17,45,7,1,中野区,West
14,1982,2023,1,41,30,8,1,中野区,West
46,1983,2023,1,40,55,5,1,中野区,West
60,2018,2023,1,5,45,3,1,中野区,West
75,2013,2023,1,10,70,5,1,中野区,West
42,2009,2023,1,14,40,6,1,中野区,West
33,2009,2023,1,14,35,6,1,中野区,West
65,2001,2023,1,22,65,4,1,中野区,West
170,2012,2023,1,11,80,2,1,中野区,West
60,2003,2023,1,20,90,8,1,中野区,West
80,2018,2023,1,5,70,14,1,中野区,West
73,1993,2023,1,30,75,8,1,中野区,West
76,2012,2023,1,11,70,10,1,中野区,West
73,1993,2023,1,30,75,8,1,中野区,West
90,2007,2023,1,16,75,6,1,中野区,West
33,2008,2023,1,15,40,2,1,中野区,West
15,1986,2023,1,37,25,2,1,中野区,West
29,2016,2023,1,7,25,6,1,中野区,West
81,2018,2023,1,5,75,5,1,中野区,West
21,1981,2023,1,42,35,4,1,中野区,West
16,1985,2023,1,38,25,3,1,中野区,West
59,2018,2023,1,5,40,2,1,中野区,West
62,2009,2023,1,14,55,6,1,中野区,West
50,2010,2023,1,13,50,2,1,中野区,West
75,2011,2023,1,12,65,3,1,中野区,West
16,1980,2023,1,43,45,10,1,中野区,West
75,2014,2023,1,9,60,8,1,中野区,West
32,1996,2023,1,27,35,9,1,中野区,West
8.9,1989,2023,1,34,25,14,1,中野区,West
48,2009,2023,1,14,45,9,1,中野区,West
63,2002,2023,1,21,60,4,1,中野区,West
70,2009,2023,1,14,60,8,1,中野区,West
54,2009,2023,1,14,55,4,1,中野区,West
72,2009,2023,1,14,60,8,1,中野区,West
65,2018,2023,1,5,75,10,1,中野区,West
47,2006,2023,1,17,60,12,1,中野区,West
80,2018,2023,1,5,85,10,1,中野区,West
35,2006,2023,1,17,45,10,1,中野区,West
70,2018,2023,1,5,75,10,1,中野区,West
54,1996,2023,1,27,65,1,1,中野区,West
46,2000,2023,1,23,65,3,1,中野区,West
37,1997,2023,1,26,40,9,1,中野区,West
45,2014,2023,1,9,40,6,1,中野区,West
88,2017,2023,1,6,65,2,1,中野区,West
45,2014,2023,1,9,40,6,1,中野区,West
73,2003,2023,1,20,75,7,1,中野区,West
48,1994,2023,1,29,60,4,1,中野区,West
69,2017,2023,1,6,60,2,1,中野区,West
75,2013,2023,1,10,75,6,1,中野区,West
31,2005,2023,1,18,35,5,1,中野区,West
29,1986,2023,1,37,40,5,1,中野区,West
43,2006,2023,1,17,40,2,1,中野区,West
80,2000,2023,1,23,65,6,1,中野区,West
110,2013,2023,1,10,80,6,1,中野区,West
75,2000,2023,1,23,65,5,1,中野区,West
62,1995,2023,1,28,55,4,1,中野区,West
80,2013,2023,1,10,75,6,1,中野区,West
32,2007,2023,1,16,45,6,1,中野区,West
55,2002,2023,1,21,70,2,1,中野区,West
55,2015,2023,1,8,60,4,1,中野区,West
88,2016,2023,1,7,90,7,1,中野区,West
36,2009,2023,1,14,40,4,1,中野区,West
34,1974,2023,1,49,70,8,1,中野区,West
63,1996,2023,1,27,80,9,1,中野区,West
25,1974,2023,1,49,40,11,1,中野区,West
50,2010,2023,1,13,50,3,1,中野区,West
69,2011,2023,1,12,70,8,1,中野区,West
48,1985,2023,1,38,60,7,1,中野区,West
44,2003,2023,1,20,65,12,1,中野区,West
40,1974,2023,1,49,65,12,1,中野区,West
24,1995,2023,1,28,35,5,1,中野区,West
34,2004,2023,1,19,35,4,1,中野区,West
29,2017,2023,1,6,30,6,1,中野区,West
36,2005,2023,1,18,50,7,1,中野区,West
80,2015,2023,1,8,70,5,1,中野区,West
85,2015,2023,1,8,70,7,1,中野区,West
80,2005,2023,1,18,70,9,1,中野区,West
63,2006,2023,1,17,60,4,1,中野区,West
49,2007,2021,1,14,75,9,0,杉並区,West
44,1999,2021,1,22,75,5,0,杉並区,West
55,2007,2021,1,14,80,9,0,杉並区,West
49,2007,2021,1,14,75,9,0,杉並区,West
53,2007,2021,1,14,80,9,0,杉並区,West
22,1974,2021,1,47,60,12,0,杉並区,West
34,1981,2021,1,40,85,6,0,杉並区,West
27,1981,2021,1,40,55,2,0,杉並区,West
100,2014,2021,1,7,80,5,0,杉並区,West
43,1977,2021,1,44,65,11,0,杉並区,West
15,1974,2021,1,47,35,7,0,杉並区,West
55,2001,2021,1,20,65,3,0,杉並区,West
55,1997,2021,1,24,75,10,0,杉並区,West
60,2010,2021,1,11,70,13,0,杉並区,West
40,1984,2021,1,37,45,2,0,杉並区,West
13,1971,2021,1,50,25,8,0,杉並区,West
30,1971,2021,1,50,45,7,0,杉並区,West
77,2016,2021,1,5,65,6,0,杉並区,West
92,2016,2021,1,5,85,6,0,杉並区,West
80,2012,2021,1,9,70,7,0,杉並区,West
59,2010,2021,1,11,75,13,0,杉並区,West
69,2015,2021,1,6,80,15,0,杉並区,West
55,2015,2021,1,6,70,15,0,杉並区,West
48,2007,2021,1,14,70,13,0,杉並区,West
46,1990,2021,1,31,70,12,0,杉並区,West
59,2015,2021,1,6,60,6,0,杉並区,West
69,2015,2021,1,6,80,6,0,杉並区,West
27,2004,2021,1,17,35,7,0,杉並区,West
32,2007,2021,1,14,35,6,0,杉並区,West
56,2007,2021,1,14,60,10,0,杉並区,West
21,2007,2021,1,14,25,5,0,杉並区,West
48,1996,2021,1,25,70,12,0,杉並区,West
42,2011,2021,1,10,50,5,0,杉並区,West
48,2007,2021,1,14,60,6,0,杉並区,West
42,2011,2021,1,10,45,5,0,杉並区,West
31,2002,2021,1,19,45,2,0,杉並区,West
48,2005,2021,1,16,75,7,0,杉並区,West
40,2013,2021,1,8,55,2,0,杉並区,West
49,2013,2021,1,8,70,2,0,杉並区,West
35,1994,2021,1,27,70,2,0,杉並区,West
30,1981,2021,1,40,65,6,0,杉並区,West
12,1974,2021,1,47,35,5,0,杉並区,West
35,2016,2021,1,5,35,6,0,杉並区,West
73,2002,2021,1,19,90,5,0,杉並区,West
67,2006,2021,1,15,70,2,0,杉並区,West
59,2007,2021,1,14,60,7,0,杉並区,West
34,1983,2021,1,38,55,3,0,杉並区,West
70,2005,2021,1,16,75,7,0,杉並区,West
16,1971,2021,1,50,40,15,0,杉並区,West
81,2014,2021,1,7,70,4,0,杉並区,West
43,2000,2021,1,21,55,8,0,杉並区,West
60,2009,2021,1,12,75,9,0,杉並区,West
21,2003,2021,1,18,25,5,0,杉並区,West
27,1984,2021,1,37,55,5,0,杉並区,West
72,2005,2021,1,16,85,10,0,杉並区,West
28,1975,2021,1,46,50,4,0,杉並区,West
37,1997,2021,1,24,55,5,0,杉並区,West
18,1982,2021,1,39,30,3,0,杉並区,West
12,1971,2021,1,50,40,4,0,杉並区,West
10,1973,2021,1,48,30,6,0,杉並区,West
11,1976,2021,1,45,30,10,0,杉並区,West
17,1976,2021,1,45,30,10,0,杉並区,West
18,1972,2021,1,49,35,2,0,杉並区,West
18,2004,2021,1,17,25,3,0,杉並区,West
56,2002,2021,1,19,75,10,0,杉並区,West
61,2000,2021,1,21,65,8,0,杉並区,West
40,1984,2021,1,37,45,1,0,杉並区,West
20,1971,2021,1,50,40,5,0,杉並区,West
27,2014,2021,1,7,30,5,0,杉並区,West
70,2006,2021,1,15,65,2,0,杉並区,West
37,2005,2021,1,16,35,8,0,杉並区,West
57,2014,2021,1,7,60,6,0,杉並区,West
29,2003,2021,1,18,40,5,0,杉並区,West
23,2011,2021,1,10,30,9,0,杉並区,West
61,2011,2021,1,10,70,7,0,杉並区,West
9.9,1986,2021,1,35,25,6,0,杉並区,West
42,2001,2021,1,20,65,11,0,杉並区,West
32,1978,2021,1,43,60,8,0,杉並区,West
45,2013,2021,1,8,55,7,0,杉並区,West
60,2013,2021,1,8,70,7,0,杉並区,West
50,1998,2021,1,23,80,9,0,杉並区,West
56,1998,2021,1,23,70,4,0,杉並区,West
40,2006,2021,1,15,35,2,0,杉並区,West
86,2000,2021,1,21,90,2,0,杉並区,West
35,1984,2021,1,37,45,3,0,杉並区,West
76,2013,2021,1,8,75,4,0,杉並区,West
86,2012,2021,1,9,85,9,0,杉並区,West
40,1984,2021,1,37,50,3,0,杉並区,West
65,2003,2021,1,18,85,7,0,杉並区,West
13,1972,2021,1,49,40,9,0,杉並区,West
54,1996,2023,1,27,65,2,1,杉並区,West
52,1997,2023,1,26,70,9,1,杉並区,West
65,2007,2023,1,16,75,9,1,杉並区,West
26,1977,2023,1,46,55,10,1,杉並区,West
26,1974,2023,1,49,65,12,1,杉並区,West
35,1983,2023,1,40,60,4,1,杉並区,West
65,2001,2023,1,22,75,3,1,杉並区,West
100,2011,2023,1,12,75,5,1,杉並区,West
84,2017,2023,1,6,70,14,1,杉並区,West
52,2009,2023,1,14,35,2,1,杉並区,West
83,2017,2023,1,6,70,15,1,杉並区,West
79,2017,2023,1,6,70,14,1,杉並区,West
50,1984,2023,1,39,60,4,1,杉並区,West
31,1983,2023,1,40,45,2,1,杉並区,West
41,2018,2023,1,5,35,4,1,杉並区,West
64,1984,2023,1,39,55,2,1,杉並区,West
83,2017,2023,1,6,70,14,1,杉並区,West
53,2000,2023,1,23,75,11,1,杉並区,West
73,2010,2023,1,13,70,13,1,杉並区,West
47,1974,2023,1,49,75,7,1,杉並区,West
11,1973,2023,1,50,25,14,1,杉並区,West
20,1984,2023,1,39,30,3,1,杉並区,West
42,1984,2023,1,39,55,2,1,杉並区,West
67,1995,2023,1,28,70,8,1,杉並区,West
65,2008,2023,1,15,65,11,1,杉並区,West
54,2016,2023,1,7,60,14,1,杉並区,West
78,2016,2023,1,7,65,6,1,杉並区,West
28,1973,2023,1,50,45,1,1,杉並区,West
64,2015,2023,1,8,70,15,1,杉並区,West
67,2015,2023,1,8,75,15,1,杉並区,West
69,2012,2023,1,11,60,10,1,杉並区,West
48,2006,2023,1,17,40,6,1,杉並区,West
65,2015,2023,1,8,70,15,1,杉並区,West
60,2010,2023,1,13,60,13,1,杉並区,West
21,1975,2023,1,48,45,13,1,杉並区,West
19,2007,2023,1,16,25,11,1,杉並区,West
86,2018,2023,1,5,75,11,1,杉並区,West
46,1975,2023,1,48,70,13,1,杉並区,West
52,1990,2023,1,33,70,13,1,杉並区,West
63,1994,2023,1,29,60,7,1,杉並区,West
16,1984,2023,1,39,30,9,1,杉並区,West
28,2016,2023,1,7,25,3,1,杉並区,West
100,2003,2023,1,20,80,2,1,杉並区,West
22,1980,2023,1,43,35,7,1,杉並区,West
68,2015,2023,1,8,75,9,1,杉並区,West
40,1974,2023,1,49,55,9,1,杉並区,West
34,1992,2023,1,31,40,5,1,杉並区,West
70,2011,2023,1,12,75,6,1,杉並区,West
94,2015,2023,1,8,85,7,1,杉並区,West
43,2011,2023,1,12,45,6,1,杉並区,West
41,2005,2023,1,18,75,8,1,杉並区,West
8.8,1984,2023,1,39,25,1,1,杉並区,West
63,2001,2023,1,22,75,10,1,杉並区,West
43,1980,2023,1,43,75,6,1,杉並区,West
39,2018,2023,1,5,40,4,1,杉並区,West
54,2009,2023,1,14,60,13,1,杉並区,West
58,2013,2023,1,10,60,5,1,杉並区,West
85,2013,2023,1,10,85,5,1,杉並区,West
83,2006,2023,1,17,85,15,1,杉並区,West
57,1991,2023,1,32,80,9,1,杉並区,West
69,2013,2023,1,10,65,2,1,杉並区,West
67,2012,2023,1,11,70,12,1,杉並区,West
56,2000,2023,1,23,55,9,1,杉並区,West
48,2012,2023,1,11,55,9,1,杉並区,West
45,1996,2023,1,27,55,6,1,杉並区,West
64,2007,2023,1,16,90,5,1,杉並区,West
67,2014,2023,1,9,60,4,1,杉並区,West
78,1997,2023,1,26,90,6,1,杉並区,West
55,1995,2023,1,28,60,9,1,杉並区,West
54,1984,2023,1,39,60,8,1,杉並区,West
31,2017,2023,1,6,30,10,1,杉並区,West
47,1997,2023,1,26,60,6,1,杉並区,West
84,2017,2023,1,6,70,2,1,杉並区,West
31,1979,2023,1,44,50,5,1,杉並区,West
11,1973,2023,1,50,30,3,1,杉並区,West
35,1983,2023,1,40,35,3,1,杉並区,West
89,2017,2023,1,6,70,2,1,杉並区,West
29,1973,2023,1,50,50,5,1,杉並区,West
17,1982,2023,1,41,40,3,1,杉並区,West
20,1981,2023,1,42,35,6,1,杉並区,West
65,2017,2023,1,6,75,5,1,杉並区,West
23,1976,2023,1,47,50,10,1,杉並区,West
74,2013,2023,1,10,65,3,1,杉並区,West
23,1976,2023,1,47,50,10,1,杉並区,West
50,1973,2023,1,50,75,2,1,杉並区,West
59,1979,2023,1,44,70,2,1,杉並区,West
110,2015,2023,1,8,80,10,1,杉並区,West
62,2011,2023,1,12,65,8,1,杉並区,West
66,2011,2023,1,12,65,8,1,杉並区,West
65,2005,2023,1,18,80,3,1,杉並区,West
27,2007,2023,1,16,35,9,1,杉並区,West
65,1996,2023,1,27,80,10,1,杉並区,West
17,1998,2023,1,25,30,5,1,杉並区,West
19,1975,2023,1,48,35,5,1,杉並区,West
80,2010,2023,1,13,75,7,1,杉並区,West
87,2010,2023,1,13,80,5,1,杉並区,West
62,1999,2023,1,24,70,4,1,杉並区,West
72,2010,2023,1,13,70,7,1,杉並区,West
62,2005,2023,1,18,70,11,1,杉並区,West
27,1977,2023,1,46,40,6,1,杉並区,West
25,1976,2023,1,47,45,3,1,杉並区,West
54,1998,2023,1,25,60,4,1,杉並区,West
47,1978,2023,1,45,70,11,1,杉並区,West
47,1999,2023,1,24,55,7,1,杉並区,West
62,2013,2023,1,10,55,7,1,杉並区,West
60,1999,2023,1,24,65,7,1,杉並区,West
55,1998,2023,1,25,80,10,1,杉並区,West
45,2000,2023,1,23,75,9,1,杉並区,West
71,2013,2023,1,10,75,7,1,杉並区,West
34,1998,2023,1,25,35,4,1,杉並区,West
44,2012,2023,1,11,40,4,1,杉並区,West
25,2000,2023,1,23,35,13,1,杉並区,West
61,2011,2023,1,12,60,2,1,杉並区,West
47,2012,2023,1,11,45,3,1,杉並区,West
66,2011,2023,1,12,60,3,1,杉並区,West
46,1999,2023,1,24,50,2,1,杉並区,West
61,2004,2023,1,19,75,9,1,杉並区,West
18,1991,2023,1,32,30,9,1,杉並区,West
41,1988,2023,1,35,55,10,1,杉並区,West
24,1976,2021,1,45,45,3,0,豊島区,West
61,2005,2021,1,16,75,3,0,豊島区,West
42,1992,2021,1,29,50,12,0,豊島区,West
51,1998,2021,1,23,75,3,0,豊島区,West
52,2001,2021,1,20,70,6,0,豊島区,West
49,1997,2021,1,24,55,2,0,豊島区,West
64,2013,2021,1,8,60,2,0,豊島区,West
28,1976,2021,1,45,40,2,0,豊島区,West
60,2006,2021,1,15,70,9,0,豊島区,West
16,1999,2021,1,22,25,5,0,豊島区,West
43,1983,2021,1,38,60,2,0,豊島区,West
56,2001,2021,1,20,70,6,0,豊島区,West
33,2012,2021,1,9,30,7,0,豊島区,West
56,2016,2021,1,5,55,9,0,豊島区,West
32,2008,2021,1,13,35,12,0,豊島区,West
92,2008,2021,1,13,80,4,0,豊島区,West
12,1982,2021,1,39,25,2,0,豊島区,West
21,1986,2021,1,35,50,5,0,豊島区,West
38,1997,2021,1,24,55,8,0,豊島区,West
28,2004,2021,1,17,35,6,0,豊島区,West
63,2004,2021,1,17,80,10,0,豊島区,West
65,2004,2021,1,17,85,10,0,豊島区,West
22,1979,2021,1,42,45,8,0,豊島区,West
15,1997,2021,1,24,25,8,0,豊島区,West
47,2009,2021,1,12,65,4,0,豊島区,West
68,2004,2021,1,17,80,10,0,豊島区,West
40,1989,2021,1,32,55,8,0,豊島区,West
25,1981,2021,1,40,45,10,0,豊島区,West
85,2015,2021,1,6,60,6,0,豊島区,West
140,2015,2021,1,6,85,1,0,豊島区,West
160,2015,2021,1,6,85,1,0,豊島区,West
160,2015,2021,1,6,85,1,0,豊島区,West
19,1975,2021,1,46,35,8,0,豊島区,West
150,2015,2021,1,6,80,1,0,豊島区,West
24,1986,2021,1,35,45,5,0,豊島区,West
26,1986,2021,1,35,40,5,0,豊島区,West
21,2007,2021,1,14,25,8,0,豊島区,West
23,1985,2021,1,36,35,6,0,豊島区,West
53,2009,2021,1,12,55,5,0,豊島区,West
52,2008,2021,1,13,55,1,0,豊島区,West
48,2003,2021,1,18,75,5,0,豊島区,West
80,2011,2021,1,10,80,2,0,豊島区,West
55,2005,2021,1,16,70,10,0,豊島区,West
22,1982,2021,1,39,35,3,0,豊島区,West
22,1983,2021,1,38,35,3,0,豊島区,West
20,1991,2021,1,30,30,2,0,豊島区,West
60,2006,2021,1,15,80,8,0,豊島区,West
100,2006,2021,1,15,65,5,0,豊島区,West
77,1998,2021,1,23,70,7,0,豊島区,West
18,1989,2021,1,32,30,2,0,豊島区,West
52,2015,2021,1,6,55,5,0,豊島区,West
28,1977,2021,1,44,45,2,0,豊島区,West
16,1980,2021,1,41,30,7,0,豊島区,West
73,2013,2021,1,8,75,7,0,豊島区,West
63,2008,2021,1,13,65,6,0,豊島区,West
16,1990,2021,1,31,25,8,0,豊島区,West
18,1990,2021,1,31,30,8,0,豊島区,West
17,1977,2021,1,44,30,2,0,豊島区,West
64,2012,2021,1,9,60,6,0,豊島区,West
24,1995,2021,1,26,30,3,0,豊島区,West
50,2004,2021,1,17,45,6,0,豊島区,West
48,2004,2021,1,17,50,6,0,豊島区,West
86,2014,2021,1,7,75,9,0,豊島区,West
52,1995,2021,1,26,55,9,0,豊島区,West
91,2011,2021,1,10,70,2,0,豊島区,West
95,2011,2021,1,10,75,2,0,豊島区,West
27,2001,2021,1,20,30,9,0,豊島区,West
20,2004,2021,1,17,25,8,0,豊島区,West
47,2008,2021,1,13,45,8,0,豊島区,West
130,2011,2021,1,10,90,2,0,豊島区,West
77,2016,2021,1,5,70,9,0,豊島区,West
60,2003,2021,1,18,60,9,0,豊島区,West
27,2015,2021,1,6,25,1,0,豊島区,West
32,2003,2021,1,18,30,9,0,豊島区,West
65,2003,2021,1,18,60,9,0,豊島区,West
140,2011,2021,1,10,90,2,0,豊島区,West
17,1978,2021,1,43,25,5,0,豊島区,West
26,2001,2021,1,20,30,11,0,豊島区,West
55,2007,2021,1,14,45,1,0,豊島区,West
23,2015,2021,1,6,25,7,0,豊島区,West
13,1979,2021,1,42,25,5,0,豊島区,West
22,2012,2021,1,9,25,3,0,豊島区,West
67,2011,2021,1,10,70,2,0,豊島区,West
13,1989,2023,1,34,25,8,1,豊島区,West
67,2002,2023,1,21,75,8,1,豊島区,West
32,1988,2023,1,35,40,14,1,豊島区,West
54,1996,2023,1,27,60,7,1,豊島区,West
24,1985,2023,1,38,40,5,1,豊島区,West
24,1981,2023,1,42,35,4,1,豊島区,West
66,2007,2023,1,16,65,5,1,豊島区,West
46,1997,2023,1,26,55,2,1,豊島区,West
110,2005,2023,1,18,85,4,1,豊島区,West
60,2011,2023,1,12,50,7,1,豊島区,West
75,2002,2023,1,21,75,2,1,豊島区,West
75,2013,2023,1,10,65,5,1,豊島区,West
35,1988,2023,1,35,70,10,1,豊島区,West
54,1997,2023,1,26,60,5,1,豊島区,West
50,2016,2023,1,7,50,6,1,豊島区,West
65,2006,2023,1,17,65,7,1,豊島区,West
84,2006,2023,1,17,75,8,1,豊島区,West
25,2010,2023,1,13,25,5,1,豊島区,West
38,1981,2023,1,42,50,10,1,豊島区,West
100,2008,2023,1,15,75,3,1,豊島区,West
67,1981,2023,1,42,75,2,1,豊島区,West
64,2012,2023,1,11,80,14,1,豊島区,West
15,1986,2023,1,37,30,3,1,豊島区,West
40,1986,2023,1,37,55,5,1,豊島区,West
61,2002,2023,1,21,75,7,1,豊島区,West
61,2002,2023,1,21,75,7,1,豊島区,West
9,1973,2023,1,50,25,7,1,豊島区,West
61,2009,2023,1,14,60,4,1,豊島区,West
34,1986,2023,1,37,55,10,1,豊島区,West
33,2009,2023,1,14,35,4,1,豊島区,West
190,2015,2023,1,8,85,1,1,豊島区,West
21,1999,2023,1,24,25,8,1,豊島区,West
100,2013,2023,1,10,75,4,1,豊島区,West
22,2006,2023,1,17,25,7,1,豊島区,West
29,2016,2023,1,7,30,4,1,豊島区,West
64,1997,2023,1,26,70,7,1,豊島区,West
85,2011,2023,1,12,75,2,1,豊島区,West
110,2011,2023,1,12,90,2,1,豊島区,West
69,2011,2023,1,12,60,2,1,豊島区,West
63,2005,2023,1,18,75,11,1,豊島区,West
21,1997,2023,1,26,30,6,1,豊島区,West
74,1997,2023,1,26,70,5,1,豊島区,West
65,1997,2023,1,26,80,6,1,豊島区,West
87,2011,2023,1,12,75,2,1,豊島区,West
88,2000,2023,1,23,80,5,1,豊島区,West
67,2003,2023,1,20,75,3,1,豊島区,West
20,2005,2023,1,18,25,5,1,豊島区,West
56,2003,2023,1,20,55,3,1,豊島区,West
97,2000,2023,1,23,80,4,1,豊島区,West
55,1999,2023,1,24,55,5,1,豊島区,West
57,2003,2023,1,20,50,3,1,豊島区,West
24,2003,2023,1,20,35,4,1,豊島区,West
68,2000,2023,1,23,65,4,1,豊島区,West
70,2010,2023,1,13,55,6,1,豊島区,West
72,2010,2023,1,13,55,6,1,豊島区,West
23,1973,2023,1,50,30,6,1,豊島区,West
53,2009,2023,1,14,70,5,1,豊島区,West
20,2015,2023,1,8,25,10,1,豊島区,West
15,1975,2023,1,48,40,6,1,豊島区,West
70,2005,2023,1,18,65,7,1,豊島区,West
74,2002,2023,1,21,70,2,1,豊島区,West
57,2016,2023,1,7,55,6,1,豊島区,West
24,1977,2023,1,46,45,6,1,豊島区,West
72,2006,2023,1,17,70,4,1,豊島区,West
20,2013,2023,1,10,25,11,1,豊島区,West
65,2000,2023,1,23,75,6,1,豊島区,West
71,2001,2023,1,22,75,5,1,豊島区,West
62,2000,2023,1,23,60,1,1,豊島区,West
50,1991,2023,1,32,50,8,1,豊島区,West
73,2004,2023,1,19,70,3,1,豊島区,West
68,2012,2023,1,11,60,6,1,豊島区,West
110,2015,2023,1,8,80,9,1,豊島区,West
22,1981,2023,1,42,40,3,1,豊島区,West
80,2013,2023,1,10,65,3,1,豊島区,West
43,1986,2023,1,37,40,8,1,豊島区,West
37,2009,2023,1,14,35,10,1,豊島区,West
41,1990,2023,1,33,65,5,1,豊島区,West
68,2009,2023,1,14,60,7,1,豊島区,West
82,2013,2023,1,10,65,3,1,豊島区,West
52,2004,2023,1,19,45,2,1,豊島区,West
150,2011,2023,1,12,85,2,1,豊島区,West
36,1987,2023,1,36,45,11,1,豊島区,West
130,2007,2023,1,16,80,1,1,豊島区,West
12,1982,2023,1,41,25,5,1,豊島区,West
11,1978,2023,1,45,25,3,1,豊島区,West
55,2003,2023,1,20,50,11,1,豊島区,West
32,1982,2023,1,41,45,5,1,豊島区,West
40,1984,2023,1,39,45,1,1,豊島区,West
28,1982,2023,1,41,40,6,1,豊島区,West
67,2003,2023,1,20,60,11,1,豊島区,West
31,2009,2023,1,14,35,8,1,豊島区,West
24,1983,2023,1,40,35,6,1,豊島区,West
180,2011,2023,1,12,90,2,1,豊島区,West
20,1980,2023,1,43,25,5,1,豊島区,West
83,2016,2023,1,7,70,7,1,豊島区,West
62,1996,2023,1,27,60,2,1,豊島区,West
35,2008,2023,1,15,35,4,1,豊島区,West
62,2002,2023,1,21,60,4,1,豊島区,West
84,2012,2023,1,11,70,7,1,豊島区,West
60,1996,2023,1,27,65,2,1,豊島区,West
22,1978,2023,1,45,40,4,1,豊島区,West
14,1977,2023,1,46,30,2,1,豊島区,West
60,2001,2023,1,22,75,8,1,豊島区,West
40,2010,2023,1,13,40,2,1,豊島区,West
53,2016,2023,1,7,50,1,1,豊島区,West
40,1987,2023,1,36,55,4,1,豊島区,West
33,2014,2021,1,7,75,14,0,北区,West
46,2012,2021,1,9,65,10,0,北区,West
43,2016,2021,1,5,70,11,0,北区,West
50,2013,2021,1,8,75,4,0,北区,West
45,2012,2021,1,9,70,10,0,北区,West
38,2009,2021,1,12,70,9,0,北区,West
47,2016,2021,1,5,75,11,0,北区,West
30,1998,2021,1,23,65,6,0,北区,West
49,2016,2021,1,5,75,11,0,北区,West
38,2007,2021,1,14,65,2,0,北区,West
27,1981,2021,1,40,45,10,0,北区,West
39,2013,2021,1,8,55,2,0,北区,West
35,2010,2021,1,11,55,3,0,北区,West
14,1982,2021,1,39,50,5,0,北区,West
7.2,1982,2021,1,39,30,5,0,北区,West
12,1982,2021,1,39,45,5,0,北区,West
16,1981,2021,1,40,55,4,0,北区,West
40,2001,2021,1,20,70,10,0,北区,West
35,2012,2021,1,9,60,9,0,北区,West
25,2006,2021,1,15,50,10,0,北区,West
14,1993,2021,1,28,25,9,0,北区,West
45,2006,2021,1,15,70,9,0,北区,West
44,2012,2021,1,9,90,15,0,北区,West
45,2012,2021,1,9,85,15,0,北区,West
30,2016,2021,1,5,35,3,0,北区,West
37,2016,2021,1,5,35,1,0,北区,West
20,2007,2021,1,14,30,9,0,北区,West
44,1978,2021,1,43,65,3,0,北区,West
21,2012,2021,1,9,25,3,0,北区,West
14,1980,2021,1,41,40,7,0,北区,West
45,2009,2021,1,12,80,8,0,北区,West
43,2002,2021,1,19,75,1,0,北区,West
42,2011,2021,1,10,70,13,0,北区,West
30,1980,2021,1,41,55,4,0,北区,West
68,2012,2021,1,9,75,4,0,北区,West
41,1987,2021,1,34,85,3,0,北区,West
71,2013,2021,1,8,75,3,0,北区,West
11,1975,2021,1,46,35,8,0,北区,West
34,1999,2021,1,22,60,3,0,北区,West
60,2013,2021,1,8,70,3,0,北区,West
42,2005,2021,1,16,65,7,0,北区,West
59,2006,2021,1,15,85,8,0,北区,West
29,2005,2021,1,16,45,7,0,北区,West
65,2013,2021,1,8,65,3,0,北区,West
65,2013,2021,1,8,70,4,0,北区,West
39,1975,2021,1,46,75,7,0,北区,West
40,1975,2021,1,46,75,6,0,北区,West
48,2006,2021,1,15,75,3,0,北区,West
21,2012,2021,1,9,30,2,0,北区,West
54,2015,2021,1,6,70,7,0,北区,West
51,2016,2021,1,5,70,7,0,北区,West
52,2016,2021,1,5,70,7,0,北区,West
52,2001,2021,1,20,70,2,0,北区,West
35,1999,2021,1,22,55,5,0,北区,West
55,2016,2021,1,5,75,7,0,北区,West
65,2012,2021,1,9,75,2,0,北区,West
18,1981,2021,1,40,40,4,0,北区,West
47,2014,2021,1,7,60,3,0,北区,West
20,1983,2021,1,38,45,2,0,北区,West
35,2011,2021,1,10,50,3,0,北区,West
44,2007,2021,1,14,55,3,0,北区,West
28,1981,2021,1,40,45,4,0,北区,West
35,1997,2023,1,26,65,7,1,北区,West
60,2016,2023,1,7,75,5,1,北区,West
62,2016,2023,1,7,75,5,1,北区,West
41,2010,2023,1,13,70,9,1,北区,West
50,2008,2023,1,15,75,9,1,北区,West
34,1998,2023,1,25,75,6,1,北区,West
32,1996,2023,1,27,60,8,1,北区,West
55,2013,2023,1,10,80,9,1,北区,West
48,2007,2023,1,16,70,3,1,北区,West
50,2013,2023,1,10,75,10,1,北区,West
36,2000,2023,1,23,65,7,1,北区,West
40,1998,2023,1,25,65,10,1,北区,West
49,2004,2023,1,19,85,8,1,北区,West
48,2007,2023,1,16,70,3,1,北区,West
57,2016,2023,1,7,70,11,1,北区,West
24,1984,2023,1,39,45,2,1,北区,West
39,2013,2023,1,10,60,2,1,北区,West
39,2003,2023,1,20,60,9,1,北区,West
38,2010,2023,1,13,55,8,1,北区,West
52,2018,2023,1,5,65,11,1,北区,West
38,2010,2023,1,13,55,8,1,北区,West
42,2003,2023,1,20,65,8,1,北区,West
41,1999,2023,1,24,75,10,1,北区,West
40,2010,2023,1,13,40,4,1,北区,West
46,2012,2023,1,11,45,7,1,北区,West
53,1997,2023,1,26,70,4,1,北区,West
27,2016,2023,1,7,25,7,1,北区,West
30,2017,2023,1,6,35,7,1,北区,West
42,2000,2023,1,23,60,8,1,北区,West
77,2018,2023,1,5,70,6,1,北区,West
44,2000,2023,1,23,85,6,1,北区,West
46,2007,2023,1,16,65,12,1,北区,West
82,2016,2023,1,7,75,1,1,北区,West
70,2015,2023,1,8,70,2,1,北区,West
96,2016,2023,1,7,85,1,1,北区,West
73,2017,2023,1,6,60,8,1,北区,West
11,1990,2023,1,33,25,6,1,北区,West
62,2014,2023,1,9,70,7,1,北区,West
21,2011,2023,1,12,30,3,1,北区,West
25,2013,2023,1,10,30,4,1,北区,West
98,2011,2023,1,12,75,5,1,北区,West
24,2016,2023,1,7,30,4,1,北区,West
90,2011,2023,1,12,75,5,1,北区,West
38,1999,2023,1,24,50,2,1,北区,West
37,1996,2023,1,27,70,4,1,北区,West
39,1996,2023,1,27,70,5,1,北区,West
61,2012,2023,1,11,60,4,1,北区,West
21,2010,2023,1,13,25,3,1,北区,West
74,2010,2023,1,13,85,7,1,北区,West
53,2007,2023,1,16,60,4,1,北区,West
40,1997,2023,1,26,60,7,1,北区,West
65,2013,2023,1,10,70,3,1,北区,West
52,2016,2023,1,7,55,4,1,北区,West
15,1992,2023,1,31,25,5,1,北区,West
64,2002,2023,1,21,75,2,1,北区,West
48,2006,2023,1,17,65,4,1,北区,West
39,2012,2023,1,11,45,5,1,北区,West
34,1994,2023,1,29,55,7,1,北区,West
54,2010,2023,1,13,65,4,1,北区,West
59,2005,2023,1,18,75,11,1,北区,West
72,2014,2023,1,9,75,10,1,北区,West
26,1985,2023,1,38,45,3,1,北区,West
37,1985,2023,1,38,60,3,1,北区,West
45,1975,2023,1,48,75,8,1,北区,West
27,1980,2023,1,43,65,5,1,北区,West
28,2007,2023,1,16,35,2,1,北区,West
64,1999,2023,1,24,70,4,1,北区,West
32,1982,2023,1,41,65,10,1,北区,West
23,1987,2023,1,36,45,7,1,北区,West
70,2012,2023,1,11,70,2,1,北区,West
54,2009,2023,1,14,55,1,1,北区,West
74,2018,2023,1,5,70,7,1,北区,West
82,2018,2023,1,5,80,7,1,北区,West
76,2018,2023,1,5,75,6,1,北区,West
38,1984,2023,1,39,60,3,1,北区,West
46,1984,2023,1,39,60,3,1,北区,West
23,2014,2023,1,9,30,6,1,北区,West
38,1984,2023,1,39,60,3,1,北区,West
70,2018,2023,1,5,65,6,1,北区,West
43,1995,2023,1,28,60,5,1,北区,West
76,2013,2023,1,10,75,4,1,北区,West
65,2001,2023,1,22,80,3,1,北区,West
45,2001,2023,1,22,55,3,1,北区,West
52,1995,2023,1,28,60,7,1,北区,West
46,1995,2023,1,28,55,7,1,北区,West
54,2007,2023,1,16,65,3,1,北区,West
40,1997,2023,1,26,65,8,1,北区,West
58,2007,2023,1,16,70,3,1,北区,West
35,2005,2023,1,18,60,7,1,北区,West
70,2007,2023,1,16,80,11,1,北区,West
78,2016,2023,1,7,75,8,1,北区,West
48,1996,2023,1,27,55,8,1,北区,West
63,2014,2023,1,9,55,6,1,北区,West
44,1986,2023,1,37,60,10,1,北区,West
18,2009,2021,1,12,25,3,0,荒川区,East
50,2016,2021,1,5,70,1,0,荒川区,East
12,1989,2021,1,32,45,3,0,荒川区,East
47,2014,2021,1,7,65,9,0,荒川区,East
26,1987,2021,1,34,55,3,0,荒川区,East
45,2014,2021,1,7,75,11,0,荒川区,East
36,1995,2021,1,26,65,10,0,荒川区,East
54,2016,2021,1,5,70,8,0,荒川区,East
16,2009,2021,1,12,30,13,0,荒川区,East
14,1989,2021,1,32,30,13,0,荒川区,East
44,2002,2021,1,19,65,1,0,荒川区,East
29,1979,2021,1,42,65,2,0,荒川区,East
17,1997,2021,1,24,80,12,0,荒川区,East
37,1997,2021,1,24,70,3,0,荒川区,East
58,1988,2021,1,33,85,2,0,荒川区,East
45,2002,2021,1,19,75,7,0,荒川区,East
29,1992,2021,1,29,40,3,0,荒川区,East
42,2015,2021,1,6,60,2,0,荒川区,East
27,1991,2021,1,30,50,6,0,荒川区,East
50,2008,2021,1,13,80,7,0,荒川区,East
44,2000,2021,1,21,80,10,0,荒川区,East
37,2001,2021,1,20,55,7,0,荒川区,East
30,1985,2021,1,36,65,9,0,荒川区,East
76,2016,2021,1,5,70,4,0,荒川区,East
29,2002,2021,1,19,35,6,0,荒川区,East
59,2014,2021,1,7,65,1,0,荒川区,East
68,2014,2021,1,7,75,1,0,荒川区,East
40,2004,2021,1,17,70,5,0,荒川区,East
60,2014,2021,1,7,65,1,0,荒川区,East
45,2014,2021,1,7,55,1,0,荒川区,East
71,2015,2021,1,6,75,5,0,荒川区,East
35,2003,2021,1,18,65,7,0,荒川区,East
66,1993,2021,1,28,80,6,0,荒川区,East
45,2008,2021,1,13,65,3,0,荒川区,East
44,1995,2021,1,26,65,2,0,荒川区,East
28,2002,2021,1,19,35,9,0,荒川区,East
83,2008,2021,1,13,80,1,0,荒川区,East
40,2011,2021,1,10,55,7,0,荒川区,East
100,2008,2021,1,13,85,1,0,荒川区,East
50,2012,2021,1,9,75,6,0,荒川区,East
23,1979,2021,1,42,55,4,0,荒川区,East
42,2012,2021,1,9,65,6,0,荒川区,East
50,2008,2021,1,13,55,4,0,荒川区,East
37,2002,2021,1,19,75,3,0,荒川区,East
51,2012,2021,1,9,80,6,0,荒川区,East
50,2012,2021,1,9,75,6,0,荒川区,East
39,2007,2021,1,14,70,12,0,荒川区,East
29,1987,2021,1,34,65,8,0,荒川区,East
42,2015,2021,1,6,55,4,0,荒川区,East
57,2009,2021,1,12,85,14,0,荒川区,East
23,1986,2021,1,35,55,7,0,荒川区,East
46,2007,2021,1,14,85,15,0,荒川区,East
48,2005,2021,1,16,75,8,0,荒川区,East
53,2015,2023,1,8,70,13,1,荒川区,East
20,2017,2023,1,6,30,3,1,荒川区,East
41,1998,2023,1,25,75,7,1,荒川区,East
15,1990,2023,1,33,25,14,1,荒川区,East
58,2015,2023,1,8,70,13,1,荒川区,East
43,2009,2023,1,14,60,3,1,荒川区,East
43,2014,2023,1,9,65,12,1,荒川区,East
47,2013,2023,1,10,55,2,1,荒川区,East
40,2008,2023,1,15,55,12,1,荒川区,East
68,2015,2023,1,8,70,5,1,荒川区,East
33,1995,2023,1,28,65,10,1,荒川区,East
26,1996,2023,1,27,55,15,1,荒川区,East
17,1990,2023,1,33,35,5,1,荒川区,East
30,1991,2023,1,32,75,14,1,荒川区,East
12,1993,2023,1,30,30,7,1,荒川区,East
34,1995,2023,1,28,65,10,1,荒川区,East
20,1990,2023,1,33,35,5,1,荒川区,East
7.2,1988,2023,1,35,25,9,1,荒川区,East
11,1981,2023,1,42,30,3,1,荒川区,East
33,1992,2023,1,31,60,4,1,荒川区,East
14,1979,2023,1,44,30,7,1,荒川区,East
45,2006,2023,1,17,55,3,1,荒川区,East
81,2006,2023,1,17,85,1,1,荒川区,East
31,1985,2023,1,38,50,8,1,荒川区,East
32,1994,2023,1,29,55,4,1,荒川区,East
12,1992,2023,1,31,25,3,1,荒川区,East
38,1997,2023,1,26,60,5,1,荒川区,East
31,2007,2023,1,16,35,10,1,荒川区,East
35,1979,2023,1,44,60,4,1,荒川区,East
39,1996,2023,1,27,60,1,1,荒川区,East
34,1990,2023,1,33,60,15,1,荒川区,East
52,1999,2023,1,24,90,10,1,荒川区,East
47,2010,2023,1,13,85,7,1,荒川区,East
42,2013,2023,1,10,60,3,1,荒川区,East
40,1983,2023,1,40,65,7,1,荒川区,East
24,2018,2023,1,5,25,5,1,荒川区,East
94,2017,2023,1,6,75,7,1,荒川区,East
46,1998,2023,1,25,75,5,1,荒川区,East
92,2016,2023,1,7,80,4,1,荒川区,East
23,2017,2023,1,6,30,8,1,荒川区,East
23,2017,2023,1,6,30,8,1,荒川区,East
33,2016,2023,1,7,45,10,1,荒川区,East
58,2006,2023,1,17,65,8,1,荒川区,East
79,2014,2023,1,9,75,1,1,荒川区,East
50,2017,2023,1,6,55,9,1,荒川区,East
27,2011,2023,1,12,35,10,1,荒川区,East
75,2005,2023,1,18,60,5,1,荒川区,East
31,2007,2023,1,16,35,2,1,荒川区,East
35,2007,2023,1,16,45,6,1,荒川区,East
64,2011,2023,1,12,65,5,1,荒川区,East
40,2005,2023,1,18,55,6,1,荒川区,East
49,2012,2023,1,11,60,9,1,荒川区,East
55,2012,2023,1,11,55,3,1,荒川区,East
69,2007,2023,1,16,75,6,1,荒川区,East
48,2014,2023,1,9,60,5,1,荒川区,East
110,2009,2023,1,14,70,1,1,荒川区,East
37,2007,2023,1,16,45,7,1,荒川区,East
58,2011,2023,1,12,75,4,1,荒川区,East
22,2011,2023,1,12,30,4,1,荒川区,East
22,2014,2023,1,9,30,10,1,荒川区,East
36,1987,2023,1,36,65,9,1,荒川区,East
59,2015,2023,1,8,75,4,1,荒川区,East
57,2009,2023,1,14,80,15,1,荒川区,East
58,2006,2023,1,17,80,8,1,荒川区,East
45,2013,2023,1,10,55,9,1,荒川区,East
87,2010,2023,1,13,75,1,1,荒川区,East
70,2017,2023,1,6,65,4,1,荒川区,East
70,2005,2023,1,18,90,9,1,荒川区,East
42,2012,2021,1,9,70,4,0,板橋区,West
53,2012,2021,1,9,75,9,0,板橋区,West
15,1991,2021,1,30,35,6,0,板橋区,West
27,1981,2021,1,40,65,8,0,板橋区,West
60,2015,2021,1,6,75,8,0,板橋区,West
29,2011,2021,1,10,40,7,0,板橋区,West
32,1989,2021,1,32,90,5,0,板橋区,West
38,2014,2021,1,7,45,1,0,板橋区,West
32,1989,2021,1,32,65,4,0,板橋区,West
19,1998,2021,1,23,30,4,0,板橋区,West
51,2002,2021,1,19,65,1,0,板橋区,West
16,2007,2021,1,14,25,6,0,板橋区,West
35,2005,2021,1,16,70,7,0,板橋区,West
21,1973,2021,1,48,60,5,0,板橋区,West
35,1981,2021,1,40,65,8,0,板橋区,West
30,1996,2021,1,25,60,4,0,板橋区,West
21,1990,2021,1,31,35,9,0,板橋区,West
38,2000,2021,1,21,70,2,0,板橋区,West
17,1983,2021,1,38,40,1,0,板橋区,West
52,2009,2021,1,12,75,6,0,板橋区,West
41,2000,2021,1,21,80,6,0,板橋区,West
51,2011,2021,1,10,80,3,0,板橋区,West
38,2004,2021,1,17,55,4,0,板橋区,West
36,1984,2021,1,37,70,6,0,板橋区,West
19,2009,2021,1,12,25,2,0,板橋区,West
41,2006,2021,1,15,70,5,0,板橋区,West
24,2006,2021,1,15,40,8,0,板橋区,West
38,1998,2021,1,23,70,3,0,板橋区,West
47,2006,2021,1,15,75,5,0,板橋区,West
48,2006,2021,1,15,70,5,0,板橋区,West
15,1979,2021,1,42,60,4,0,板橋区,West
29,2009,2021,1,12,45,3,0,板橋区,West
30,1985,2021,1,36,65,7,0,板橋区,West
37,2004,2021,1,17,65,5,0,板橋区,West
12,1990,2021,1,31,30,13,0,板橋区,West
11,1973,2021,1,48,50,9,0,板橋区,West
19,1989,2021,1,32,35,6,0,板橋区,West
17,1972,2021,1,49,80,5,0,板橋区,West
9.1,1988,2021,1,33,30,6,0,板橋区,West
26,1983,2021,1,38,70,1,0,板橋区,West
44,2016,2021,1,5,80,9,0,板橋区,West
22,1972,2021,1,49,60,10,0,板橋区,West
42,1996,2021,1,25,80,1,0,板橋区,West
21,1972,2021,1,49,65,3,0,板橋区,West
37,2007,2021,1,14,65,7,0,板橋区,West
35,2007,2021,1,14,65,7,0,板橋区,West
6.3,1988,2021,1,33,25,9,0,板橋区,West
38,2003,2021,1,18,80,15,0,板橋区,West
33,2003,2021,1,18,80,14,0,板橋区,West
52,2001,2021,1,20,90,5,0,板橋区,West
38,2013,2021,1,8,65,14,0,板橋区,West
35,2012,2021,1,9,70,12,0,板橋区,West
39,2013,2021,1,8,70,10,0,板橋区,West
30,2011,2021,1,10,55,11,0,板橋区,West
30,1975,2021,1,46,65,12,0,板橋区,West
28,2016,2021,1,5,35,7,0,板橋区,West
40,2011,2021,1,10,70,6,0,板橋区,West
27,2008,2021,1,13,40,5,0,板橋区,West
15,2007,2021,1,14,25,11,0,板橋区,West
58,2012,2021,1,9,70,4,0,板橋区,West
41,2007,2021,1,14,70,7,0,板橋区,West
25,2010,2021,1,11,35,7,0,板橋区,West
50,2012,2021,1,9,60,4,0,板橋区,West
58,2012,2021,1,9,75,4,0,板橋区,West
13,1979,2021,1,42,45,15,0,板橋区,West
40,2001,2021,1,20,80,7,0,板橋区,West
34,2006,2021,1,15,60,9,0,板橋区,West
50,2005,2021,1,16,75,5,0,板橋区,West
47,2011,2021,1,10,75,8,0,板橋区,West
29,1980,2021,1,41,90,6,0,板橋区,West
34,2004,2021,1,17,70,9,0,板橋区,West
18,1978,2021,1,43,45,9,0,板橋区,West
8.3,1973,2021,1,48,30,6,0,板橋区,West
25,1977,2021,1,44,50,6,0,板橋区,West
50,2015,2021,1,6,70,5,0,板橋区,West
60,2013,2021,1,8,70,9,0,板橋区,West
50,2003,2021,1,18,75,7,0,板橋区,West
66,2016,2021,1,5,75,9,0,板橋区,West
65,2016,2021,1,5,75,9,0,板橋区,West
30,1981,2021,1,40,55,10,0,板橋区,West
38,2000,2021,1,21,70,13,0,板橋区,West
49,1995,2021,1,26,75,6,0,板橋区,West
40,1996,2021,1,25,65,8,0,板橋区,West
42,2012,2021,1,9,75,6,0,板橋区,West
38,2009,2021,1,12,65,8,0,板橋区,West
20,1986,2021,1,35,55,5,0,板橋区,West
43,2012,2021,1,9,75,6,0,板橋区,West
37,2006,2021,1,15,75,8,0,板橋区,West
35,2007,2021,1,14,70,8,0,板橋区,West
47,1996,2021,1,25,70,10,0,板橋区,West
35,2005,2021,1,16,85,10,0,板橋区,West
26,1999,2021,1,22,70,12,0,板橋区,West
28,1978,2021,1,43,75,10,0,板橋区,West
42,2002,2021,1,19,85,7,0,板橋区,West
22,1975,2021,1,46,60,12,0,板橋区,West
22,1975,2021,1,46,55,3,0,板橋区,West
29,1991,2021,1,30,75,6,0,板橋区,West
25,1995,2021,1,26,70,5,0,板橋区,West
15,1975,2021,1,46,40,8,0,板橋区,West
33,1997,2021,1,24,75,10,0,板橋区,West
21,1974,2021,1,47,50,8,0,板橋区,West
41,2007,2021,1,14,65,8,0,板橋区,West
35,1983,2021,1,38,55,7,0,板橋区,West
38,2002,2021,1,19,60,8,0,板橋区,West
18,1980,2021,1,41,55,7,0,板橋区,West
54,2009,2021,1,12,75,8,0,板橋区,West
32,1999,2021,1,22,70,12,0,板橋区,West
24,1985,2021,1,36,60,14,0,板橋区,West
25,1980,2021,1,41,70,5,0,板橋区,West
52,2005,2021,1,16,85,9,0,板橋区,West
52,2009,2021,1,12,80,8,0,板橋区,West
22,1981,2023,1,42,65,8,1,板橋区,West
56,2015,2023,1,8,75,10,1,板橋区,West
33,1990,2023,1,33,45,7,1,板橋区,West
67,2015,2023,1,8,85,9,1,板橋区,West
58,2015,2023,1,8,75,10,1,板橋区,West
75,2011,2023,1,12,90,5,1,板橋区,West
57,2015,2023,1,8,75,9,1,板橋区,West
53,2015,2023,1,8,75,11,1,板橋区,West
75,2015,2023,1,8,90,9,1,板橋区,West
11,1982,2023,1,41,40,2,1,板橋区,West
11,1979,2023,1,44,40,8,1,板橋区,West
28,1985,2023,1,38,50,2,1,板橋区,West
35,2008,2023,1,15,40,5,1,板橋区,West
35,2004,2023,1,19,35,1,1,板橋区,West
25,1989,2023,1,34,50,9,1,板橋区,West
33,1979,2023,1,44,55,7,1,板橋区,West
33,1979,2023,1,44,55,7,1,板橋区,West
30,1994,2023,1,29,50,5,1,板橋区,West
53,2000,2023,1,23,65,10,1,板橋区,West
46,2000,2023,1,23,65,10,1,板橋区,West
20,1986,2023,1,37,45,9,1,板橋区,West
20,1975,2023,1,48,40,4,1,板橋区,West
50,2006,2023,1,17,75,5,1,板橋区,West
11,1974,2023,1,49,35,7,1,板橋区,West
42,2011,2023,1,12,55,2,1,板橋区,West
53,2015,2023,1,8,70,3,1,板橋区,West
6,1974,2023,1,49,35,8,1,板橋区,West
70,2015,2023,1,8,75,1,1,板橋区,West
65,2002,2023,1,21,85,6,1,板橋区,West
35,2007,2023,1,16,40,6,1,板橋区,West
12,1982,2023,1,41,50,12,1,板橋区,West
24,1993,2023,1,30,50,5,1,板橋区,West
24,1993,2023,1,30,45,2,1,板橋区,West
42,1994,2023,1,29,55,7,1,板橋区,West
43,1991,2023,1,32,60,7,1,板橋区,West
29,1987,2023,1,36,55,13,1,板橋区,West
31,1995,2023,1,28,60,4,1,板橋区,West
55,2016,2023,1,7,65,3,1,板橋区,West
13,1979,2023,1,44,35,6,1,板橋区,West
58,1997,2023,1,26,65,1,1,板橋区,West
54,2009,2023,1,14,70,6,1,板橋区,West
22,1981,2023,1,42,55,5,1,板橋区,West
6.9,1974,2023,1,49,35,6,1,板橋区,West
38,1999,2023,1,24,65,9,1,板橋区,West
14,1986,2023,1,37,40,14,1,板橋区,West
45,2000,2023,1,23,75,10,1,板橋区,West
51,2013,2023,1,10,65,14,1,板橋区,West
51,2002,2023,1,21,75,8,1,板橋区,West
24,1980,2023,1,43,60,10,1,板橋区,West
14,1982,2023,1,41,35,5,1,板橋区,West
27,1981,2023,1,42,55,9,1,板橋区,West
22,1981,2023,1,42,45,9,1,板橋区,West
24,1980,2023,1,43,40,5,1,板橋区,West
36,2015,2023,1,8,60,3,1,板橋区,West
42,2009,2023,1,14,65,7,1,板橋区,West
50,2011,2023,1,12,75,8,1,板橋区,West
42,2002,2023,1,21,60,3,1,板橋区,West
19,1976,2023,1,47,50,15,1,板橋区,West
41,1996,2023,1,27,60,10,1,板橋区,West
60,2012,2023,1,11,75,4,1,板橋区,West
15,2008,2023,1,15,25,5,1,板橋区,West
61,2008,2023,1,15,75,4,1,板橋区,West
39,1984,2023,1,39,60,1,1,板橋区,West
35,1985,2023,1,38,70,8,1,板橋区,West
31,1985,2023,1,38,55,9,1,板橋区,West
20,1984,2023,1,39,35,1,1,板橋区,West
79,2008,2023,1,15,85,4,1,板橋区,West
52,2018,2023,1,5,65,11,1,板橋区,West
55,2005,2023,1,18,80,6,1,板橋区,West
7.5,1975,2023,1,48,30,5,1,板橋区,West
9.7,1992,2023,1,31,30,13,1,板橋区,West
63,2003,2023,1,20,75,11,1,板橋区,West
78,2016,2023,1,7,80,9,1,板橋区,West
75,2016,2023,1,7,75,9,1,板橋区,West
73,2003,2023,1,20,90,8,1,板橋区,West
52,2003,2023,1,20,85,12,1,板橋区,West
78,2016,2023,1,7,75,9,1,板橋区,West
60,2013,2023,1,10,75,10,1,板橋区,West
35,1993,2023,1,30,65,8,1,板橋区,West
50,2012,2023,1,11,55,10,1,板橋区,West
50,2013,2023,1,10,65,14,1,板橋区,West
45,1985,2023,1,38,80,10,1,板橋区,West
59,2009,2023,1,14,75,11,1,板橋区,West
52,2005,2023,1,18,75,13,1,板橋区,West
42,2006,2023,1,17,70,8,1,板橋区,West
38,2005,2023,1,18,85,11,1,板橋区,West
43,2009,2023,1,14,55,1,1,板橋区,West
23,1973,2023,1,50,55,8,1,板橋区,West
22,2016,2023,1,7,30,9,1,板橋区,West
32,1996,2023,1,27,70,11,1,板橋区,West
34,1979,2023,1,44,85,12,1,板橋区,West
41,1978,2023,1,45,75,9,1,板橋区,West
60,2017,2023,1,6,85,5,1,板橋区,West
50,2001,2023,1,22,75,3,1,板橋区,West
57,2017,2023,1,6,80,5,1,板橋区,West
57,2015,2023,1,8,75,4,1,板橋区,West
29,1991,2023,1,32,75,5,1,板橋区,West
24,1974,2023,1,49,50,11,1,板橋区,West
22,1974,2023,1,49,40,8,1,板橋区,West
58,2012,2023,1,11,65,3,1,板橋区,West
30,2017,2023,1,6,30,7,1,板橋区,West
60,2014,2023,1,9,75,11,1,板橋区,West
8.7,1988,2023,1,35,25,11,1,板橋区,West
42,1998,2023,1,25,60,9,1,板橋区,West
35,1988,2023,1,35,70,11,1,板橋区,West
21,1987,2023,1,36,55,14,1,板橋区,West
56,2014,2023,1,9,75,10,1,板橋区,West
64,2014,2023,1,9,75,10,1,板橋区,West
59,2014,2023,1,9,70,8,1,板橋区,West
50,2001,2023,1,22,80,12,1,板橋区,West
52,2001,2023,1,22,70,12,1,板橋区,West
40,2011,2023,1,12,70,11,1,板橋区,West
39,2001,2023,1,22,65,12,1,板橋区,West
53,2005,2023,1,18,75,11,1,板橋区,West
24,1988,2023,1,35,45,10,1,板橋区,West
59,2014,2023,1,9,70,10,1,板橋区,West
68,2014,2023,1,9,80,10,1,板橋区,West
33,1983,2023,1,40,65,15,1,板橋区,West
13,1978,2023,1,45,55,12,1,板橋区,West
46,2012,2023,1,11,65,4,1,板橋区,West
22,2007,2021,1,14,35,10,0,練馬区,West
37,2003,2021,1,18,70,13,0,練馬区,West
59,2012,2021,1,9,65,2,0,練馬区,West
15,2006,2021,1,15,25,3,0,練馬区,West
28,1984,2021,1,37,50,8,0,練馬区,West
20,2002,2021,1,19,25,5,0,練馬区,West
18,2012,2021,1,9,25,9,0,練馬区,West
41,1993,2021,1,28,60,8,0,練馬区,West
62,2005,2021,1,16,90,9,0,練馬区,West
34,1995,2021,1,26,60,12,0,練馬区,West
15,2005,2021,1,16,25,6,0,練馬区,West
40,2000,2021,1,21,70,15,0,練馬区,West
31,1998,2021,1,23,75,13,0,練馬区,West
43,2004,2021,1,17,75,9,0,練馬区,West
49,2000,2021,1,21,85,2,0,練馬区,West
35,1996,2021,1,25,80,12,0,練馬区,West
35,1996,2021,1,25,80,12,0,練馬区,West
48,2006,2021,1,15,80,4,0,練馬区,West
38,2000,2021,1,21,75,12,0,練馬区,West
16,2011,2021,1,10,25,7,0,練馬区,West
46,2007,2021,1,14,75,3,0,練馬区,West
25,1974,2021,1,47,75,15,0,練馬区,West
32,1974,2021,1,47,70,9,0,練馬区,West
46,2008,2021,1,13,65,10,0,練馬区,West
34,2011,2021,1,10,70,12,0,練馬区,West
36,2009,2021,1,12,70,12,0,練馬区,West
27,1985,2021,1,36,65,12,0,練馬区,West
36,2006,2021,1,15,80,14,0,練馬区,West
37,2009,2021,1,12,70,12,0,練馬区,West
42,2005,2021,1,16,70,3,0,練馬区,West
45,2001,2021,1,20,85,12,0,練馬区,West
40,2010,2021,1,11,60,13,0,練馬区,West
59,2004,2021,1,17,75,9,0,練馬区,West
45,2002,2021,1,19,80,12,0,練馬区,West
40,1998,2021,1,23,90,10,0,練馬区,West
57,2004,2021,1,17,80,7,0,練馬区,West
44,2004,2021,1,17,75,7,0,練馬区,West
27,1973,2021,1,48,55,3,0,練馬区,West
54,2005,2021,1,16,80,5,0,練馬区,West
60,2015,2021,1,6,70,3,0,練馬区,West
48,1999,2021,1,22,75,3,0,練馬区,West
9,1991,2021,1,30,25,8,0,練馬区,West
32,1988,2021,1,33,60,6,0,練馬区,West
42,1993,2021,1,28,65,10,0,練馬区,West
32,1994,2021,1,27,65,10,0,練馬区,West
56,2015,2021,1,6,80,11,0,練馬区,West
48,2015,2021,1,6,70,11,0,練馬区,West
28,2016,2021,1,5,40,9,0,練馬区,West
33,1997,2021,1,24,65,8,0,練馬区,West
23,1986,2021,1,35,75,11,0,練馬区,West
47,2000,2021,1,21,60,2,0,練馬区,West
21,2015,2021,1,6,30,4,0,練馬区,West
40,2004,2021,1,17,55,1,0,練馬区,West
50,1992,2021,1,29,85,6,0,練馬区,West
20,2015,2021,1,6,30,5,0,練馬区,West
40,1985,2021,1,36,65,6,0,練馬区,West
47,2012,2021,1,9,60,7,0,練馬区,West
39,2005,2021,1,16,50,3,0,練馬区,West
49,2010,2021,1,11,75,6,0,練馬区,West
10,1990,2021,1,31,25,4,0,練馬区,West
70,2012,2021,1,9,75,2,0,練馬区,West
12,1978,2021,1,43,40,3,0,練馬区,West
35,1991,2021,1,30,75,7,0,練馬区,West
35,1991,2021,1,30,75,8,0,練馬区,West
40,2007,2021,1,14,65,8,0,練馬区,West
40,2004,2021,1,17,65,9,0,練馬区,West
12,1972,2021,1,49,45,5,0,練馬区,West
7.6,1972,2021,1,49,25,10,0,練馬区,West
46,2011,2021,1,10,75,7,0,練馬区,West
20,1974,2021,1,47,40,8,0,練馬区,West
19,2009,2021,1,12,25,7,0,練馬区,West
17,1979,2021,1,42,40,2,0,練馬区,West
48,2014,2021,1,7,70,11,0,練馬区,West
96,2015,2021,1,6,85,1,0,練馬区,West
64,2010,2021,1,11,75,2,0,練馬区,West
47,2005,2021,1,16,80,11,0,練馬区,West
49,2005,2021,1,16,80,11,0,練馬区,West
56,2010,2021,1,11,60,2,0,練馬区,West
65,2015,2021,1,6,55,1,0,練馬区,West
60,2015,2021,1,6,70,5,0,練馬区,West
37,1983,2021,1,38,75,10,0,練馬区,West
37,1983,2021,1,38,80,10,0,練馬区,West
39,1986,2021,1,35,75,3,0,練馬区,West
39,1985,2021,1,36,80,6,0,練馬区,West
44,1988,2021,1,33,65,8,0,練馬区,West
42,1988,2021,1,33,65,8,0,練馬区,West
42,1985,2021,1,36,80,6,0,練馬区,West
38,1984,2021,1,37,70,6,0,練馬区,West
42,1985,2021,1,36,80,6,0,練馬区,West
49,2010,2021,1,11,60,6,0,練馬区,West
17,1981,2021,1,40,45,4,0,練馬区,West
17,1975,2021,1,46,45,5,0,練馬区,West
28,2015,2021,1,6,35,2,0,練馬区,West
53,2003,2021,1,18,65,1,0,練馬区,West
47,2000,2021,1,21,70,2,0,練馬区,West
57,2000,2021,1,21,70,2,0,練馬区,West
46,2007,2021,1,14,85,8,0,練馬区,West
50,2006,2021,1,15,70,10,0,練馬区,West
49,2009,2021,1,12,75,11,0,練馬区,West
54,2009,2021,1,12,75,11,0,練馬区,West
48,2015,2021,1,6,65,9,0,練馬区,West
50,2015,2021,1,6,70,12,0,練馬区,West
48,2011,2021,1,10,70,13,0,練馬区,West
45,2003,2021,1,18,65,8,0,練馬区,West
50,2008,2021,1,13,60,2,0,練馬区,West
44,2006,2021,1,15,80,9,0,練馬区,West
35,1991,2021,1,30,65,14,0,練馬区,West
45,2007,2021,1,14,70,9,0,練馬区,West
12,1979,2021,1,42,40,10,0,練馬区,West
22,1979,2021,1,42,55,10,0,練馬区,West
49,2015,2021,1,6,75,15,0,練馬区,West
39,2005,2021,1,16,70,13,0,練馬区,West
16,2001,2023,1,22,25,3,1,練馬区,West
33,2010,2023,1,13,30,3,1,練馬区,West
52,2009,2023,1,14,60,7,1,練馬区,West
67,2011,2023,1,12,75,10,1,練馬区,West
19,2012,2023,1,11,25,10,1,練馬区,West
74,2009,2023,1,14,80,7,1,練馬区,West
55,2003,2023,1,20,65,7,1,練馬区,West
73,2016,2023,1,7,75,10,1,練馬区,West
49,1997,2023,1,26,90,11,1,練馬区,West
68,2005,2023,1,18,90,9,1,練馬区,West
48,2003,2023,1,20,70,13,1,練馬区,West
61,2017,2023,1,6,75,10,1,練馬区,West
22,2006,2023,1,17,35,13,1,練馬区,West
50,2007,2023,1,16,85,14,1,練馬区,West
52,2017,2023,1,6,75,11,1,練馬区,West
51,2016,2023,1,7,65,14,1,練馬区,West
62,2004,2023,1,19,90,9,1,練馬区,West
14,2007,2023,1,16,25,7,1,練馬区,West
26,1983,2023,1,40,50,8,1,練馬区,West
31,1998,2023,1,25,60,9,1,練馬区,West
26,1973,2023,1,50,55,3,1,練馬区,West
52,2000,2023,1,23,70,12,1,練馬区,West
37,2000,2023,1,23,60,2,1,練馬区,West
45,2017,2023,1,6,70,12,1,練馬区,West
27,1974,2023,1,49,65,14,1,練馬区,West
32,1974,2023,1,49,85,10,1,練馬区,West
26,1985,2023,1,38,60,10,1,練馬区,West
49,2008,2023,1,15,75,8,1,練馬区,West
48,2004,2023,1,19,75,9,1,練馬区,West
27,1982,2023,1,41,50,12,1,練馬区,West
35,1984,2023,1,39,75,7,1,練馬区,West
50,2004,2023,1,19,70,9,1,練馬区,West
18,1973,2023,1,50,35,11,1,練馬区,West
60,2011,2023,1,12,70,12,1,練馬区,West
45,2015,2023,1,8,55,13,1,練馬区,West
48,2013,2023,1,10,70,14,1,練馬区,West
35,1989,2023,1,34,60,13,1,練馬区,West
59,2015,2023,1,8,70,14,1,練馬区,West
57,2014,2023,1,9,70,3,1,練馬区,West
70,2018,2023,1,5,85,11,1,練馬区,West
9,1991,2023,1,32,25,8,1,練馬区,West
63,1999,2023,1,24,75,3,1,練馬区,West
48,2005,2023,1,18,75,9,1,練馬区,West
55,2013,2023,1,10,80,13,1,練馬区,West
45,1995,2023,1,28,70,10,1,練馬区,West
49,1999,2023,1,24,85,6,1,練馬区,West
25,2006,2023,1,17,35,5,1,練馬区,West
33,1999,2023,1,24,70,13,1,練馬区,West
20,1987,2023,1,36,45,14,1,練馬区,West
63,2015,2023,1,8,85,9,1,練馬区,West
36,1986,2023,1,37,75,8,1,練馬区,West
51,2012,2023,1,11,80,10,1,練馬区,West
23,2017,2023,1,6,30,6,1,練馬区,West
42,2003,2023,1,20,75,8,1,練馬区,West
51,1999,2023,1,24,80,4,1,練馬区,West
39,2012,2023,1,11,55,9,1,練馬区,West
57,2009,2023,1,14,65,5,1,練馬区,West
60,2012,2023,1,11,55,3,1,練馬区,West
58,2002,2023,1,21,75,2,1,練馬区,West
16,1973,2023,1,50,40,4,1,練馬区,West
58,2012,2023,1,11,60,3,1,練馬区,West
33,1985,2023,1,38,55,1,1,練馬区,West
100,2012,2023,1,11,90,3,1,練馬区,West
84,2012,2023,1,11,75,3,1,練馬区,West
42,1986,2023,1,37,60,7,1,練馬区,West
62,2018,2023,1,5,60,3,1,練馬区,West
38,1993,2023,1,30,80,14,1,練馬区,West
50,1997,2023,1,26,70,8,1,練馬区,West
11,1976,2023,1,47,30,10,1,練馬区,West
42,1975,2023,1,48,70,4,1,練馬区,West
48,2006,2023,1,17,65,8,1,練馬区,West
50,2001,2023,1,22,65,5,1,練馬区,West
49,2004,2023,1,19,65,5,1,練馬区,West
34,1974,2023,1,49,60,1,1,練馬区,West
63,2015,2023,1,8,70,13,1,練馬区,West
73,2016,2023,1,7,75,6,1,練馬区,West
43,1996,2023,1,27,60,4,1,練馬区,West
30,1984,2023,1,39,75,14,1,練馬区,West
56,2005,2023,1,18,80,12,1,練馬区,West
45,2002,2023,1,21,80,12,1,練馬区,West
34,1987,2023,1,36,65,7,1,練馬区,West
40,1988,2023,1,35,70,9,1,練馬区,West
50,1990,2023,1,33,90,4,1,練馬区,West
39,1987,2023,1,36,70,7,1,練馬区,West
25,1991,2023,1,32,50,3,1,練馬区,West
43,1985,2023,1,38,80,6,1,練馬区,West
68,1984,2023,1,39,90,5,1,練馬区,West
57,1989,2023,1,34,75,2,1,練馬区,West
49,1988,2023,1,35,60,9,1,練馬区,West
17,1992,2023,1,31,30,4,1,練馬区,West
59,2016,2023,1,7,70,9,1,練馬区,West
50,1994,2023,1,29,60,3,1,練馬区,West
46,1999,2023,1,24,70,2,1,練馬区,West
55,2001,2023,1,22,80,2,1,練馬区,West
47,2000,2023,1,23,65,2,1,練馬区,West
58,2014,2023,1,9,70,8,1,練馬区,West
39,2003,2023,1,20,45,1,1,練馬区,West
8.9,1976,2023,1,47,35,3,1,練馬区,West
53,2004,2023,1,19,70,2,1,練馬区,West
53,2014,2023,1,9,75,8,1,練馬区,West
62,2009,2023,1,14,75,9,1,練馬区,West
43,2001,2023,1,22,70,11,1,練馬区,West
60,2015,2023,1,8,70,9,1,練馬区,West
52,2011,2023,1,12,70,13,1,練馬区,West
48,1996,2023,1,27,80,9,1,練馬区,West
57,2004,2023,1,19,75,9,1,練馬区,West
38,1986,2023,1,37,45,5,1,練馬区,West
12,1990,2023,1,33,25,5,1,練馬区,West
54,2018,2023,1,5,65,11,1,練馬区,West
47,2006,2023,1,17,70,8,1,練馬区,West
17,2007,2023,1,16,25,8,1,練馬区,West
66,2012,2023,1,11,90,12,1,練馬区,West
67,2006,2023,1,17,80,9,1,練馬区,West
45,2003,2023,1,20,60,5,1,練馬区,West
49,2013,2023,1,10,75,13,1,練馬区,West
50,2012,2023,1,11,70,15,1,練馬区,West
47,2012,2023,1,11,70,15,1,練馬区,West
21,1998,2021,1,23,50,6,0,足立区,East
45,2001,2021,1,20,80,1,0,足立区,East
25,1992,2021,1,29,50,4,0,足立区,East
17,1988,2021,1,33,55,10,0,足立区,East
39,2003,2021,1,18,85,12,0,足立区,East
22,1985,2021,1,36,55,8,0,足立区,East
36,1999,2021,1,22,85,8,0,足立区,East
31,2003,2021,1,18,70,12,0,足立区,East
27,2008,2021,1,13,70,14,0,足立区,East
32,2015,2021,1,6,75,13,0,足立区,East
49,2016,2021,1,5,55,6,0,足立区,East
33,2016,2021,1,5,35,5,0,足立区,East
48,2005,2021,1,16,85,5,0,足立区,East
16,1977,2021,1,44,70,14,0,足立区,East
17,1992,2021,1,29,55,13,0,足立区,East
34,2007,2021,1,14,75,5,0,足立区,East
34,2015,2021,1,6,70,10,0,足立区,East
17,2016,2021,1,5,30,6,0,足立区,East
17,2016,2021,1,5,30,6,0,足立区,East
24,1982,2021,1,39,65,8,0,足立区,East
33,2016,2021,1,5,70,6,0,足立区,East
18,1983,2021,1,38,60,3,0,足立区,East
35,2015,2021,1,6,70,2,0,足立区,East
6.5,1992,2021,1,29,25,9,0,足立区,East
37,2006,2021,1,15,65,8,0,足立区,East
27,2007,2021,1,14,65,11,0,足立区,East
28,1995,2021,1,26,65,4,0,足立区,East
30,1986,2021,1,35,75,9,0,足立区,East
30,2004,2021,1,17,75,12,0,足立区,East
30,2007,2021,1,14,65,13,0,足立区,East
29,2008,2021,1,13,65,13,0,足立区,East
20,1981,2021,1,40,75,13,0,足立区,East
15,1980,2021,1,41,50,7,0,足立区,East
30,2005,2021,1,16,75,4,0,足立区,East
15,2007,2021,1,14,35,7,0,足立区,East
22,1992,2021,1,29,60,8,0,足立区,East
25,1989,2021,1,32,70,6,0,足立区,East
23,1996,2021,1,25,65,7,0,足立区,East
35,2007,2021,1,14,70,7,0,足立区,East
22,1992,2021,1,29,60,10,0,足立区,East
29,2008,2021,1,13,70,5,0,足立区,East
38,2002,2021,1,19,85,8,0,足立区,East
29,1997,2021,1,24,70,8,0,足立区,East
36,2000,2021,1,21,65,6,0,足立区,East
17,1973,2021,1,48,50,6,0,足立区,East
29,2004,2021,1,17,60,9,0,足立区,East
50,2005,2021,1,16,85,6,0,足立区,East
29,2003,2021,1,18,70,5,0,足立区,East
39,2005,2021,1,16,75,6,0,足立区,East
5.5,1974,2021,1,47,30,11,0,足立区,East
28,2008,2021,1,13,60,11,0,足立区,East
26,2001,2021,1,20,75,10,0,足立区,East
37,2006,2021,1,15,80,5,0,足立区,East
41,2004,2021,1,17,80,5,0,足立区,East
78,2004,2021,1,17,80,3,0,足立区,East
46,2005,2021,1,16,70,9,0,足立区,East
43,1999,2021,1,22,55,2,0,足立区,East
73,2004,2021,1,17,65,3,0,足立区,East
41,2006,2021,1,15,65,7,0,足立区,East
45,1990,2021,1,31,90,13,0,足立区,East
15,1991,2021,1,30,45,3,0,足立区,East
28,2016,2021,1,5,40,3,0,足立区,East
48,2014,2021,1,7,70,1,0,足立区,East
66,2014,2021,1,7,90,4,0,足立区,East
15,1984,2021,1,37,50,5,0,足立区,East
24,2009,2021,1,12,60,2,0,足立区,East
15,1993,2021,1,28,55,10,0,足立区,East
23,2004,2021,1,17,60,14,0,足立区,East
21,1974,2021,1,47,60,4,0,足立区,East
36,2003,2021,1,18,70,1,0,足立区,East
38,2006,2021,1,15,85,6,0,足立区,East
38,2000,2021,1,21,75,5,0,足立区,East
39,2006,2021,1,15,80,6,0,足立区,East
27,2006,2021,1,15,75,6,0,足立区,East
5,1981,2021,1,40,35,2,0,足立区,East
43,2004,2021,1,17,75,10,0,足立区,East
41,2004,2021,1,17,70,10,0,足立区,East
45,2009,2021,1,12,80,11,0,足立区,East
39,2000,2021,1,21,80,12,0,足立区,East
36,2000,2021,1,21,70,12,0,足立区,East
24,1990,2021,1,31,60,11,0,足立区,East
16,1978,2021,1,43,60,10,0,足立区,East
40,2006,2021,1,15,80,5,0,足立区,East
34,1995,2021,1,26,80,13,0,足立区,East
32,2001,2021,1,20,70,7,0,足立区,East
17,2000,2021,1,21,70,12,0,足立区,East
34,2001,2021,1,20,75,7,0,足立区,East
37,2013,2021,1,8,75,13,0,足立区,East
14,1980,2021,1,41,40,5,0,足立区,East
50,2014,2021,1,7,70,4,0,足立区,East
54,2008,2021,1,13,90,3,0,足立区,East
59,2006,2021,1,15,80,4,0,足立区,East
40,2012,2021,1,9,85,10,0,足立区,East
21,1987,2021,1,34,60,8,0,足立区,East
31,2012,2021,1,9,85,14,0,足立区,East
63,2013,2023,1,10,80,3,1,足立区,East
28,1995,2023,1,28,60,10,1,足立区,East
28,1987,2023,1,36,70,11,1,足立区,East
37,1998,2023,1,25,75,6,1,足立区,East
43,2003,2023,1,20,85,15,1,足立区,East
40,2003,2023,1,20,85,12,1,足立区,East
25,1978,2023,1,45,60,3,1,足立区,East
17,2007,2023,1,16,25,7,1,足立区,East
26,1999,2023,1,24,70,11,1,足立区,East
29,1999,2023,1,24,65,11,1,足立区,East
40,2015,2023,1,8,75,13,1,足立区,East
47,2014,2023,1,9,65,10,1,足立区,East
30,1999,2023,1,24,70,14,1,足立区,East
55,2017,2023,1,6,70,5,1,足立区,East
49,2005,2023,1,18,80,7,1,足立区,East
56,2017,2023,1,6,60,5,1,足立区,East
36,2008,2023,1,15,75,11,1,足立区,East
7.5,1990,2023,1,33,25,8,1,足立区,East
35,2006,2023,1,17,85,12,1,足立区,East
5,1991,2023,1,32,25,12,1,足立区,East
24,1998,2023,1,25,65,6,1,足立区,East
25,1999,2023,1,24,65,5,1,足立区,East
22,1994,2023,1,29,55,9,1,足立区,East
33,1978,2023,1,45,75,2,1,足立区,East
28,2007,2023,1,16,70,14,1,足立区,East
24,1983,2023,1,40,60,3,1,足立区,East
27,1983,2023,1,40,60,11,1,足立区,East
46,2015,2023,1,8,75,2,1,足立区,East
27,1983,2023,1,40,60,3,1,足立区,East
30,1994,2023,1,29,60,7,1,足立区,East
44,2017,2023,1,6,70,12,1,足立区,East
38,2016,2023,1,7,70,8,1,足立区,East
40,2007,2023,1,16,70,1,1,足立区,East
41,2017,2023,1,6,75,15,1,足立区,East
37,2007,2023,1,16,80,14,1,足立区,East
40,2017,2023,1,6,70,15,1,足立区,East
42,2017,2023,1,6,70,15,1,足立区,East
40,2004,2023,1,19,75,5,1,足立区,East
15,1991,2023,1,32,30,10,1,足立区,East
24,1986,2023,1,37,65,14,1,足立区,East
35,2008,2023,1,15,65,13,1,足立区,East
36,2015,2023,1,8,75,11,1,足立区,East
30,1988,2023,1,35,80,12,1,足立区,East
5.8,1989,2023,1,34,25,11,1,足立区,East
36,1994,2023,1,29,70,9,1,足立区,East
37,2005,2023,1,18,75,5,1,足立区,East
15,1992,2023,1,31,55,13,1,足立区,East
24,1998,2023,1,25,65,8,1,足立区,East
46,2017,2023,1,6,70,4,1,足立区,East
13,1985,2023,1,38,50,6,1,足立区,East
36,2004,2023,1,19,65,4,1,足立区,East
9.3,1994,2023,1,29,30,11,1,足立区,East
9.5,1994,2023,1,29,30,11,1,足立区,East
27,1999,2023,1,24,60,10,1,足立区,East
64,2009,2023,1,14,90,5,1,足立区,East
25,1974,2023,1,49,85,7,1,足立区,East
53,2009,2023,1,14,80,2,1,足立区,East
38,2011,2023,1,12,65,8,1,足立区,East
30,1982,2023,1,41,75,6,1,足立区,East
63,2009,2023,1,14,90,2,1,足立区,East
58,2009,2023,1,14,80,8,1,足立区,East
33,2000,2023,1,23,70,6,1,足立区,East
29,2006,2023,1,17,60,9,1,足立区,East
29,1997,2023,1,26,60,7,1,足立区,East
47,2011,2023,1,12,75,8,1,足立区,East
46,2016,2023,1,7,60,11,1,足立区,East
44,2006,2023,1,17,60,7,1,足立区,East
51,2009,2023,1,14,75,14,1,足立区,East
62,2009,2023,1,14,80,5,1,足立区,East
51,2015,2023,1,8,80,3,1,足立区,East
52,2012,2023,1,11,80,4,1,足立区,East
35,2002,2023,1,21,60,1,1,足立区,East
52,2015,2023,1,8,75,3,1,足立区,East
53,2014,2023,1,9,70,1,1,足立区,East
53,2012,2023,1,11,75,4,1,足立区,East
49,2015,2023,1,8,75,4,1,足立区,East
60,2014,2023,1,9,75,5,1,足立区,East
35,2007,2023,1,16,80,14,1,足立区,East
24,2002,2023,1,21,65,13,1,足立区,East
25,1974,2023,1,49,70,4,1,足立区,East
29,1999,2023,1,24,65,7,1,足立区,East
38,2000,2023,1,23,75,6,1,足立区,East
27,1996,2023,1,27,55,2,1,足立区,East
28,1994,2023,1,29,50,6,1,足立区,East
42,1996,2023,1,27,65,12,1,足立区,East
47,2006,2023,1,17,65,11,1,足立区,East
41,2011,2023,1,12,60,10,1,足立区,East
35,1997,2023,1,26,65,12,1,足立区,East
42,2011,2023,1,12,60,10,1,足立区,East
38,1997,2023,1,26,65,11,1,足立区,East
35,1999,2023,1,24,70,10,1,足立区,East
37,2014,2023,1,9,70,13,1,足立区,East
39,2014,2023,1,9,70,13,1,足立区,East
43,2008,2023,1,15,75,11,1,足立区,East
24,1978,2023,1,45,55,4,1,足立区,East
44,2006,2023,1,17,70,5,1,足立区,East
60,2008,2023,1,15,90,3,1,足立区,East
66,2006,2023,1,17,80,5,1,足立区,East
65,2007,2023,1,16,80,5,1,足立区,East
64,2006,2023,1,17,80,5,1,足立区,East
65,2008,2023,1,15,90,3,1,足立区,East
20,1996,2023,1,27,65,15,1,足立区,East
40,2003,2023,1,20,80,15,1,足立区,East
23,1985,2023,1,38,60,14,1,足立区,East
43,2014,2023,1,9,75,10,1,足立区,East
42,2012,2023,1,11,75,10,1,足立区,East
35,2012,2023,1,11,75,14,1,足立区,East
40,2012,2023,1,11,90,14,1,足立区,East
38,2008,2023,1,15,65,1,1,足立区,East
42,2016,2021,1,5,80,12,0,葛飾区,East
35,2010,2021,1,11,70,15,0,葛飾区,East
40,2013,2021,1,8,70,13,0,葛飾区,East
8,1975,2021,1,46,45,13,0,葛飾区,East
32,2002,2021,1,19,70,6,0,葛飾区,East
12,1987,2021,1,34,30,12,0,葛飾区,East
13,1991,2021,1,30,35,12,0,葛飾区,East
40,2005,2021,1,16,70,4,0,葛飾区,East
28,1993,2021,1,28,60,9,0,葛飾区,East
30,2012,2021,1,9,65,12,0,葛飾区,East
18,1980,2021,1,41,55,1,0,葛飾区,East
27,2012,2021,1,9,60,12,0,葛飾区,East
33,2007,2021,1,14,75,14,0,葛飾区,East
48,2003,2021,1,18,75,3,0,葛飾区,East
22,1988,2021,1,33,65,13,0,葛飾区,East
30,2007,2021,1,14,75,14,0,葛飾区,East
43,2015,2021,1,6,75,14,0,葛飾区,East
34,2016,2021,1,5,65,14,0,葛飾区,East
44,2005,2021,1,16,65,5,0,葛飾区,East
53,2012,2021,1,9,70,4,0,葛飾区,East
12,1976,2021,1,45,50,14,0,葛飾区,East
31,2006,2021,1,15,65,8,0,葛飾区,East
21,1992,2021,1,29,60,7,0,葛飾区,East
35,2000,2021,1,21,65,9,0,葛飾区,East
20,1983,2021,1,38,40,3,0,葛飾区,East
36,2002,2021,1,19,75,4,0,葛飾区,East
38,2002,2021,1,19,80,10,0,葛飾区,East
17,1978,2021,1,43,50,12,0,葛飾区,East
11,1979,2021,1,42,50,13,0,葛飾区,East
19,1987,2021,1,34,45,4,0,葛飾区,East
25,1981,2021,1,40,65,12,0,葛飾区,East
42,2016,2021,1,5,70,12,0,葛飾区,East
47,2016,2021,1,5,70,12,0,葛飾区,East
50,2016,2021,1,5,70,12,0,葛飾区,East
34,2015,2021,1,6,70,15,0,葛飾区,East
45,2015,2021,1,6,85,11,0,葛飾区,East
46,2016,2021,1,5,70,12,0,葛飾区,East
63,2016,2021,1,5,85,12,0,葛飾区,East
35,2015,2021,1,6,65,15,0,葛飾区,East
33,2015,2021,1,6,70,15,0,葛飾区,East
54,2016,2021,1,5,70,12,0,葛飾区,East
45,2016,2021,1,5,70,12,0,葛飾区,East
49,2016,2021,1,5,70,12,0,葛飾区,East
22,1999,2021,1,22,70,8,0,葛飾区,East
17,1994,2021,1,27,55,12,0,葛飾区,East
46,2000,2021,1,21,90,7,0,葛飾区,East
21,1989,2021,1,32,60,4,0,葛飾区,East
45,2001,2021,1,20,85,3,0,葛飾区,East
31,2007,2021,1,14,60,3,0,葛飾区,East
52,2005,2021,1,16,85,5,0,葛飾区,East
29,1998,2021,1,23,55,1,0,葛飾区,East
32,2011,2021,1,10,55,11,0,葛飾区,East
25,1982,2021,1,39,55,7,0,葛飾区,East
17,1980,2021,1,41,45,12,0,葛飾区,East
5.7,1988,2021,1,33,30,15,0,葛飾区,East
6.3,1988,2021,1,33,30,14,0,葛飾区,East
33,2000,2021,1,21,65,8,0,葛飾区,East
11,1979,2021,1,42,45,3,0,葛飾区,East
45,2010,2021,1,11,80,7,0,葛飾区,East
46,2010,2021,1,11,75,7,0,葛飾区,East
19,1989,2021,1,32,60,10,0,葛飾区,East
24,1979,2021,1,42,65,3,0,葛飾区,East
29,1996,2021,1,25,70,11,0,葛飾区,East
18,1995,2021,1,26,60,12,0,葛飾区,East
24,1997,2021,1,24,60,5,0,葛飾区,East
25,2008,2021,1,13,60,15,0,葛飾区,East
38,2012,2021,1,9,70,12,0,葛飾区,East
20,1988,2021,1,33,55,13,0,葛飾区,East
22,1994,2021,1,27,55,13,0,葛飾区,East
38,2015,2021,1,6,55,10,0,葛飾区,East
32,2011,2021,1,10,65,11,0,葛飾区,East
28,2000,2021,1,21,65,5,0,葛飾区,East
18,1992,2021,1,29,50,11,0,葛飾区,East
16,1984,2021,1,37,55,12,0,葛飾区,East
25,1995,2021,1,26,65,10,0,葛飾区,East
14,1990,2021,1,31,50,14,0,葛飾区,East
38,2005,2021,1,16,85,12,0,葛飾区,East
34,2005,2021,1,16,80,12,0,葛飾区,East
34,2008,2023,1,15,60,8,1,葛飾区,East
33,2010,2023,1,13,75,15,1,葛飾区,East
37,2013,2023,1,10,70,13,1,葛飾区,East
20,1980,2023,1,43,60,10,1,葛飾区,East
25,1989,2023,1,34,80,14,1,葛飾区,East
38,2010,2023,1,13,75,15,1,葛飾区,East
16,1991,2023,1,32,35,12,1,葛飾区,East
31,1999,2023,1,24,85,15,1,葛飾区,East
57,2014,2023,1,9,70,2,1,葛飾区,East
22,1978,2023,1,45,45,3,1,葛飾区,East
55,2004,2023,1,19,85,5,1,葛飾区,East
17,1984,2023,1,39,25,2,1,葛飾区,East
32,1984,2023,1,39,60,8,1,葛飾区,East
20,1984,2023,1,39,45,7,1,葛飾区,East
35,1974,2023,1,49,70,7,1,葛飾区,East
46,2012,2023,1,11,60,7,1,葛飾区,East
50,1995,2023,1,28,75,13,1,葛飾区,East
59,1997,2023,1,26,75,8,1,葛飾区,East
29,2005,2023,1,18,40,9,1,葛飾区,East
55,2000,2023,1,23,85,14,1,葛飾区,East
59,2009,2023,1,14,70,3,1,葛飾区,East
42,2001,2023,1,22,65,2,1,葛飾区,East
37,2004,2023,1,19,75,9,1,葛飾区,East
45,2002,2023,1,21,80,9,1,葛飾区,East
27,2006,2023,1,17,60,10,1,葛飾区,East
20,1986,2023,1,37,45,7,1,葛飾区,East
21,1976,2023,1,47,50,15,1,葛飾区,East
32,2006,2023,1,17,65,12,1,葛飾区,East
34,2007,2023,1,16,65,8,1,葛飾区,East
19,1979,2023,1,44,50,7,1,葛飾区,East
43,2002,2023,1,21,85,10,1,葛飾区,East
38,2002,2023,1,21,75,10,1,葛飾区,East
13,1983,2023,1,40,25,3,1,葛飾区,East
45,2018,2023,1,5,70,9,1,葛飾区,East
40,2014,2023,1,9,70,6,1,葛飾区,East
49,2015,2023,1,8,75,10,1,葛飾区,East
36,2004,2023,1,19,75,14,1,葛飾区,East
33,2008,2023,1,15,70,8,1,葛飾区,East
46,2002,2023,1,21,80,5,1,葛飾区,East
35,2003,2023,1,20,75,13,1,葛飾区,East
16,1978,2023,1,45,50,12,1,葛飾区,East
28,1998,2023,1,25,70,5,1,葛飾区,East
17,1977,2023,1,46,45,1,1,葛飾区,East
57,2016,2023,1,7,70,12,1,葛飾区,East
45,2016,2023,1,7,70,12,1,葛飾区,East
48,2016,2023,1,7,70,12,1,葛飾区,East
49,2016,2023,1,7,70,12,1,葛飾区,East
53,2015,2023,1,8,75,13,1,葛飾区,East
47,2016,2023,1,7,70,12,1,葛飾区,East
61,2016,2023,1,7,70,12,1,葛飾区,East
42,1999,2023,1,24,65,4,1,葛飾区,East
60,2006,2023,1,17,75,3,1,葛飾区,East
60,2006,2023,1,17,75,3,1,葛飾区,East
51,1995,2023,1,28,70,10,1,葛飾区,East
18,1979,2023,1,44,45,4,1,葛飾区,East
23,1991,2023,1,32,60,14,1,葛飾区,East
25,1992,2023,1,31,60,10,1,葛飾区,East
42,2017,2023,1,6,70,12,1,葛飾区,East
35,2000,2023,1,23,75,9,1,葛飾区,East
42,2017,2023,1,6,55,6,1,葛飾区,East
29,1998,2023,1,25,55,4,1,葛飾区,East
52,2009,2023,1,14,70,5,1,葛飾区,East
50,2017,2023,1,6,75,6,1,葛飾区,East
50,2006,2023,1,17,80,6,1,葛飾区,East
49,2006,2023,1,17,80,6,1,葛飾区,East
43,2005,2023,1,18,70,6,1,葛飾区,East
36,2006,2023,1,17,70,9,1,葛飾区,East
14,1992,2023,1,31,45,3,1,葛飾区,East
29,1995,2023,1,28,60,10,1,葛飾区,East
12,1980,2023,1,43,55,10,1,葛飾区,East
43,2016,2023,1,7,65,11,1,葛飾区,East
24,1999,2023,1,24,65,9,1,葛飾区,East
40,2017,2023,1,6,55,7,1,葛飾区,East
59,2010,2023,1,13,85,8,1,葛飾区,East
51,2010,2023,1,13,75,7,1,葛飾区,East
51,2010,2023,1,13,75,8,1,葛飾区,East
54,2010,2023,1,13,75,8,1,葛飾区,East
42,2003,2023,1,20,85,8,1,葛飾区,East
38,2016,2023,1,7,55,6,1,葛飾区,East
26,1991,2023,1,32,85,11,1,葛飾区,East
13,1974,2023,1,49,40,5,1,葛飾区,East
38,2016,2023,1,7,65,5,1,葛飾区,East
39,2009,2023,1,14,75,8,1,葛飾区,East
26,1995,2023,1,28,55,11,1,葛飾区,East
39,2011,2023,1,12,75,11,1,葛飾区,East
32,2004,2023,1,19,60,10,1,葛飾区,East
30,2003,2023,1,20,75,10,1,葛飾区,East
32,2004,2023,1,19,65,4,1,葛飾区,East
23,1988,2023,1,35,60,15,1,葛飾区,East
29,1988,2023,1,35,70,15,1,葛飾区,East
39,2018,2023,1,5,60,8,1,葛飾区,East
30,2008,2023,1,15,70,14,1,葛飾区,East
30,2002,2021,1,19,65,6,0,江戸川区,East
39,2008,2021,1,13,75,10,0,江戸川区,East
44,2014,2021,1,7,70,10,0,江戸川区,East
28,2009,2021,1,12,35,3,0,江戸川区,East
9,1977,2021,1,44,25,8,0,江戸川区,East
34,1997,2021,1,24,80,13,0,江戸川区,East
58,2009,2021,1,12,80,3,0,江戸川区,East
11,1976,2021,1,45,35,12,0,江戸川区,East
26,1978,2021,1,43,55,2,0,江戸川区,East
30,1984,2021,1,37,65,8,0,江戸川区,East
21,1973,2021,1,48,65,7,0,江戸川区,East
20,1980,2021,1,41,70,13,0,江戸川区,East
42,2010,2021,1,11,70,6,0,江戸川区,East
35,2003,2021,1,18,75,13,0,江戸川区,East
38,1997,2021,1,24,90,6,0,江戸川区,East
33,1994,2021,1,27,70,11,0,江戸川区,East
21,2010,2021,1,11,35,3,0,江戸川区,East
35,2014,2021,1,7,70,5,0,江戸川区,East
41,2013,2021,1,8,70,9,0,江戸川区,East
15,1973,2021,1,48,55,8,0,江戸川区,East
25,1994,2021,1,27,60,3,0,江戸川区,East
43,2003,2021,1,18,90,15,0,江戸川区,East
62,2008,2021,1,13,85,9,0,江戸川区,East
44,2008,2021,1,13,75,9,0,江戸川区,East
49,2003,2021,1,18,85,6,0,江戸川区,East
40,2015,2021,1,6,65,8,0,江戸川区,East
16,1974,2021,1,47,35,6,0,江戸川区,East
51,2008,2021,1,13,75,11,0,江戸川区,East
30,1997,2021,1,24,60,6,0,江戸川区,East
54,1999,2021,1,22,90,2,0,江戸川区,East
51,2012,2021,1,9,80,4,0,江戸川区,East
32,2006,2021,1,15,75,14,0,江戸川区,East
29,1983,2021,1,38,80,8,0,江戸川区,East
18,1979,2021,1,42,60,9,0,江戸川区,East
31,1996,2021,1,25,75,11,0,江戸川区,East
54,2016,2021,1,5,75,8,0,江戸川区,East
42,1986,2021,1,35,85,4,0,江戸川区,East
30,1981,2021,1,40,80,6,0,江戸川区,East
42,1995,2021,1,26,75,7,0,江戸川区,East
57,2016,2021,1,5,75,6,0,江戸川区,East
31,1980,2021,1,41,70,8,0,江戸川区,East
22,1979,2021,1,42,60,4,0,江戸川区,East
55,2015,2021,1,6,75,7,0,江戸川区,East
40,2004,2021,1,17,70,9,0,江戸川区,East
30,2009,2021,1,12,40,3,0,江戸川区,East
32,1997,2021,1,24,80,9,0,江戸川区,East
14,1979,2021,1,42,45,2,0,江戸川区,East
31,1977,2021,1,44,70,3,0,江戸川区,East
58,2016,2021,1,5,75,8,0,江戸川区,East
37,2005,2021,1,16,70,6,0,江戸川区,East
47,2004,2021,1,17,85,7,0,江戸川区,East
50,2015,2021,1,6,70,7,0,江戸川区,East
47,2005,2021,1,16,85,6,0,江戸川区,East
28,1976,2021,1,45,65,4,0,江戸川区,East
30,1979,2021,1,42,70,6,0,江戸川区,East
42,2010,2021,1,11,70,4,0,江戸川区,East
40,2012,2021,1,9,60,3,0,江戸川区,East
33,1978,2021,1,43,60,3,0,江戸川区,East
36,2009,2021,1,12,70,15,0,江戸川区,East
31,1978,2021,1,43,55,2,0,江戸川区,East
40,1999,2021,1,22,80,4,0,江戸川区,East
43,2011,2021,1,10,80,15,0,江戸川区,East
24,1981,2021,1,40,60,2,0,江戸川区,East
30,1992,2021,1,29,60,8,0,江戸川区,East
38,1997,2021,1,24,65,5,0,江戸川区,East
47,2014,2021,1,7,70,4,0,江戸川区,East
27,1998,2021,1,23,65,15,0,江戸川区,East
39,1997,2021,1,24,80,9,0,江戸川区,East
44,2005,2021,1,16,75,4,0,江戸川区,East
48,2004,2021,1,17,80,2,0,江戸川区,East
35,2004,2021,1,17,60,2,0,江戸川区,East
18,2007,2021,1,14,25,6,0,江戸川区,East
45,2004,2021,1,17,75,2,0,江戸川区,East
22,1980,2021,1,41,40,6,0,江戸川区,East
32,1994,2021,1,27,60,10,0,江戸川区,East
40,2014,2021,1,7,70,11,0,江戸川区,East
39,1998,2021,1,23,75,7,0,江戸川区,East
38,1997,2021,1,24,80,6,0,江戸川区,East
36,1999,2021,1,22,65,7,0,江戸川区,East
19,2007,2021,1,14,30,3,0,江戸川区,East
44,2010,2021,1,11,70,13,0,江戸川区,East
43,1999,2021,1,22,65,7,0,江戸川区,East
38,1997,2021,1,24,70,7,0,江戸川区,East
43,2010,2021,1,11,75,11,0,江戸川区,East
31,1998,2023,1,25,75,11,1,江戸川区,East
34,1996,2023,1,27,75,6,1,江戸川区,East
41,2018,2023,1,5,60,9,1,江戸川区,East
44,2003,2023,1,20,80,5,1,江戸川区,East
50,2003,2023,1,20,70,3,1,江戸川区,East
40,1998,2023,1,25,75,11,1,江戸川区,East
55,2009,2023,1,14,75,3,1,江戸川区,East
36,1981,2023,1,42,75,10,1,江戸川区,East
29,1977,2023,1,46,65,8,1,江戸川区,East
8.2,1976,2023,1,47,25,8,1,江戸川区,East
8.2,1976,2023,1,47,25,8,1,江戸川区,East
9,1976,2023,1,47,25,8,1,江戸川区,East
10,1977,2023,1,46,25,8,1,江戸川区,East
25,1978,2023,1,45,55,2,1,江戸川区,East
8,1978,2023,1,45,25,8,1,江戸川区,East
51,2007,2023,1,16,75,3,1,江戸川区,East
63,2015,2023,1,8,75,2,1,江戸川区,East
23,1973,2023,1,50,45,13,1,江戸川区,East
44,2011,2023,1,12,70,13,1,江戸川区,East
37,1994,2023,1,29,70,14,1,江戸川区,East
46,2011,2023,1,12,70,7,1,江戸川区,East
40,2014,2023,1,9,65,7,1,江戸川区,East
28,1975,2023,1,48,85,15,1,江戸川区,East
32,1999,2023,1,24,80,12,1,江戸川区,East
43,1999,2023,1,24,70,8,1,江戸川区,East
40,2000,2023,1,23,85,6,1,江戸川区,East
34,2000,2023,1,23,75,6,1,江戸川区,East
50,2013,2023,1,10,70,10,1,江戸川区,East
44,1999,2023,1,24,75,12,1,江戸川区,East
27,1979,2023,1,44,65,13,1,江戸川区,East
45,1999,2023,1,24,70,12,1,江戸川区,East
19,1979,2023,1,44,50,3,1,江戸川区,East
46,2016,2023,1,7,75,9,1,江戸川区,East
31,1994,2023,1,29,75,11,1,江戸川区,East
53,2001,2023,1,22,85,15,1,江戸川区,East
39,1988,2023,1,35,65,1,1,江戸川区,East
40,2001,2023,1,22,85,15,1,江戸川区,East
48,2003,2023,1,20,90,15,1,江戸川区,East
40,2015,2023,1,8,70,9,1,江戸川区,East
57,2016,2023,1,7,80,3,1,江戸川区,East
42,2002,2023,1,21,70,2,1,江戸川区,East
42,2015,2023,1,8,65,8,1,江戸川区,East
42,2016,2023,1,7,65,8,1,江戸川区,East
49,1999,2023,1,24,80,2,1,江戸川区,East
43,2013,2023,1,10,75,14,1,江戸川区,East
42,2003,2023,1,20,85,11,1,江戸川区,East
43,2017,2023,1,6,55,5,1,江戸川区,East
55,2005,2023,1,18,75,8,1,江戸川区,East
59,2016,2023,1,7,75,3,1,江戸川区,East
47,2001,2023,1,22,75,5,1,江戸川区,East
37,1986,2023,1,37,75,5,1,江戸川区,East
41,2004,2023,1,19,70,6,1,江戸川区,East
88,2016,2023,1,7,90,3,1,江戸川区,East
42,1980,2023,1,43,65,7,1,江戸川区,East
61,2012,2023,1,11,75,4,1,江戸川区,East
52,2011,2023,1,12,60,1,1,江戸川区,East
57,2015,2023,1,8,75,3,1,江戸川区,East
28,1974,2023,1,49,65,12,1,江戸川区,East
35,1996,2023,1,27,75,14,1,江戸川区,East
17,1986,2023,1,37,45,14,1,江戸川区,East
43,1983,2023,1,40,75,10,1,江戸川区,East
36,1983,2023,1,40,80,8,1,江戸川区,East
17,1979,2023,1,44,45,10,1,江戸川区,East
44,1997,2023,1,26,80,9,1,江戸川区,East
58,2016,2023,1,7,70,8,1,江戸川区,East
65,2016,2023,1,7,70,8,1,江戸川区,East
59,2015,2023,1,8,75,8,1,江戸川区,East
35,1979,2023,1,44,65,8,1,江戸川区,East
54,2015,2023,1,8,75,7,1,江戸川区,East
65,2015,2023,1,8,75,7,1,江戸川区,East
48,1998,2023,1,25,70,3,1,江戸川区,East
42,1987,2023,1,36,80,8,1,江戸川区,East
56,2015,2023,1,8,70,8,1,江戸川区,East
61,2015,2023,1,8,75,8,1,江戸川区,East
68,2016,2023,1,7,75,8,1,江戸川区,East
40,1983,2023,1,40,90,4,1,江戸川区,East
44,2017,2023,1,6,70,10,1,江戸川区,East
30,2012,2023,1,11,55,9,1,江戸川区,East
47,2017,2023,1,6,70,7,1,江戸川区,East
37,1981,2023,1,42,60,2,1,江戸川区,East
42,1998,2023,1,25,80,10,1,江戸川区,East
35,2001,2023,1,22,60,6,1,江戸川区,East
39,2011,2023,1,12,65,9,1,江戸川区,East
48,2014,2023,1,9,70,4,1,江戸川区,East
52,2014,2023,1,9,75,6,1,江戸川区,East
59,2015,2023,1,8,70,8,1,江戸川区,East
32,1996,2023,1,27,70,8,1,江戸川区,East
43,2004,2023,1,19,75,14,1,江戸川区,East
35,1996,2023,1,27,65,3,1,江戸川区,East
37,1998,2023,1,25,70,9,1,江戸川区,East
57,2007,2023,1,16,75,2,1,江戸川区,East
44,2004,2023,1,19,65,3,1,江戸川区,East
24,1980,2023,1,43,55,13,1,江戸川区,East
54,2014,2023,1,9,75,7,1,江戸川区,East
54,2014,2023,1,9,70,3,1,江戸川区,East
28,2000,2023,1,23,70,14,1,江戸川区,East
43,2010,2023,1,13,70,15,1,江戸川区,East
49,2010,2023,1,13,70,15,1,江戸川区,East
56,2010,2023,1,13,90,15,1,江戸川区,East
47,2010,2023,1,13,75,15,1,江戸川区,East
58,2016,2023,1,7,70,10,1,江戸川区,East
47,2012,2023,1,11,75,10,1,江戸川区,East
30,2008,2023,1,15,40,5,1,江戸川区,East
39,2008,2023,1,15,65,5,1,江戸川区,East
